{
 "sbType": "SubObject",
 "snapshot": {
  "data": {
   "blocks": [
    {
     "id": "6512bd4c95207640d12ba3d2",
     "restrictions": {
      "edit": true,
      "remove": true,
      "drag": true,
      "dropOn": true
     },
     "childrenIds": [
      "header",
      "dataview"
     ]
    },
    {
     "id": "header",
     "restrictions": {
      "edit": true,
      "remove": true,
      "drag": true,
      "dropOn": true
     },
     "childrenIds": [
      "title"
     ],
     "layout": {
      "style": "Header"
     }
    },
    {
     "id": "dataview",
     "restrictions": {
      "edit": true,
      "remove": true,
      "drag": true,
      "dropOn": true
     },
     "dataview": {
      "source": [
       "6512bd4595207640d12ba3d1"
      ],
      "views": [
       {
        "id": "1",
        "name": "All",
        "sorts": [
         {
          "RelationKey": "name"
         }
        ],
        "filters": [
         {
          "RelationKey": "6512bd4595207640d12ba3d1",
          "condition": "In",
          "value": "6512bd4c95207640d12ba3d2"
         }
        ]
       }
      ]
     }
    },
    {
     "id": "title",
     "fields": {
       "_detailsKey": [
          "name",
          "done"
         ]
      },
     "restrictions": {
      "edit": true,
      "remove": true,
      "drag": true,
      "dropOn": true
     },
     "text": {
      "style": "Title",
      "marks": {

      }
     }
    }
   ],
   "details": {
     "backlinks": [
       ],
     "createdDate": 1695726924,
     "creator": "bafyreibgirudwoqorb4u5sr4zp67actpxwkm5dlouxhflkhte3mu67cjoy",
     "featuredRelations": [
        "description",
        "type",
        "sourceObject"
       ],
     "id": "6512bd4c95207640d12ba3d2",
     "lastChangeId": "",
     "lastModifiedBy": "bafyreibgirudwoqorb4u5sr4zp67actpxwkm5dlouxhflkhte3mu67cjoy",
     "lastModifiedDate": 1695727048,
     "layout": 13,
     "links": [
       ],
     "name": "Don't remember",
     "oldAnytypeID": "6512bd4c95207640d12ba3d2",
     "relationKey": "6512bd4595207640d12ba3d1",
     "relationOptionColor": "red",
     "restrictions": [
        3,
        6,
        5,
        7
       ],
     "snippet": "",
     "sourceFilePath": "json:/Users/dariia/Downloads/Flashcards_Usecase.zip/6512bd4c95207640d12ba3d2.pb.json",
     "type": "ot-relationOption",
     "workspaceId": "bafyreih77cb5yxoldp7sdz75fvhe26rxltd42bycuqyw67wvzi2ykakyl4"
    },
   "objectTypes": [
    "ot-relationOption"
   ],
   "relationLinks": [
    {
     "key": "id",
     "format": "object"
    },
    {
     "key": "snippet"
    },
    {
     "key": "relationKey"
    },
    {
     "key": "layout",
     "format": "number"
    },
    {
     "key": "sourceFilePath"
    },
    {
     "key": "lastModifiedBy",
     "format": "object"
    },
    {
     "key": "lastModifiedDate",
     "format": "date"
    },
    {
     "key": "createdDate",
     "format": "date"
    },
    {
     "key": "relationOptionColor"
    },
    {
     "key": "oldAnytypeID"
    },
    {
     "key": "featuredRelations",
     "format": "object"
    },
    {
     "key": "name",
     "format": "shorttext"
    },
    {
     "key": "type",
     "format": "object"
    },
    {
     "key": "creator",
     "format": "object"
    },
    {
     "key": "lastOpenedDate",
     "format": "date"
    },
    {
     "key": "workspaceId",
     "format": "object"
    },
    {
     "key": "backlinks",
     "format": "object"
    }
   ]
  }
 }
}