{
 "sbType": "Page",
 "snapshot": {
  "data": {
   "blocks": [
    {
     "id": "bafyreicczexznfzjngtjyh7jcx73zjyx3rui6hs4lgxqag2k3vtkntbv5a",
     "restrictions": {

     },
     "childrenIds": [
      "header",
      "dataview"
     ],
     "smartblock": {

     }
    },
    {
     "id": "header",
     "restrictions": {
      "edit": true,
      "remove": true,
      "drag": true,
      "dropOn": true
     },
     "childrenIds": [
      "title",
      "description",
      "featuredRelations"
     ],
     "layout": {
      "style": "Header"
     }
    },
    {
     "id": "dataview",
     "restrictions": {

     },
     "dataview": {
      "views": [
       {
        "id": "6512c09d95207640d12ba3dc",
        "type": "Kanban",
        "name": "Sort",
        "sorts": [
         {
          "id": "6512c09d95207640d12ba3dd",
          "RelationKey": "lastModifiedDate",
          "type": "Desc"
         }
        ],
        "filters": [
         {
          "id": "6512c1ad95207640d12ba3e2",
          "RelationKey": "name",
          "value": ""
         },
         {
          "id": "6512c1b395207640d12ba3e3",
          "RelationKey": "6512bd4595207640d12ba3d1",
          "value": [
            ]
         }
        ],
        "relations": [
         {
          "key": "name",
          "isVisible": true
         },
         {
          "key": "tag"
         },
         {
          "key": "description"
         },
         {
          "key": "type"
         },
         {
          "key": "createdDate"
         },
         {
          "key": "lastModifiedDate"
         },
         {
          "key": "lastModifiedBy"
         },
         {
          "key": "lastOpenedDate"
         },
         {
          "key": "6512bd4595207640d12ba3d1",
          "width": 192
         }
        ],
        "groupRelationKey": "6512bd4595207640d12ba3d1",
        "groupBackgroundColors": true,
        "defaultTemplateId": "bafyreiakudr3ir4stf6pl32dj54476z22e5aira4vbgee6x6hgyb73suqa"
       },
       {
        "id": "e0df15d5-fae1-4a0d-ac08-d649931bd5aa",
        "type": "Gallery",
        "name": "Don't remember",
        "sorts": [
         {
          "id": "6512c09d95207640d12ba3dd",
          "RelationKey": "lastModifiedDate"
         }
        ],
        "filters": [
         {
          "id": "6512c1ad95207640d12ba3e2",
          "RelationKey": "name",
          "value": ""
         },
         {
          "id": "6512c1b395207640d12ba3e3",
          "RelationKey": "6512bd4595207640d12ba3d1",
          "condition": "In",
          "value": [
             "6512bd4c95207640d12ba3d2"
            ]
         }
        ],
        "relations": [
         {
          "key": "name",
          "isVisible": true,
          "width": 500
         },
         {
          "key": "tag",
          "width": 192
         },
         {
          "key": "description",
          "isVisible": true,
          "width": 192
         },
         {
          "key": "type",
          "width": 192
         },
         {
          "key": "createdDate",
          "width": 192
         },
         {
          "key": "lastModifiedDate",
          "width": 192
         },
         {
          "key": "lastModifiedBy",
          "width": 192
         },
         {
          "key": "lastOpenedDate",
          "width": 192
         },
         {
          "key": "6512bd4595207640d12ba3d1",
          "width": 192
         }
        ],
        "coverRelationKey": "pageCover",
        "groupRelationKey": "6512bd4595207640d12ba3d1",
        "groupBackgroundColors": true
       },
       {
        "id": "dd9cacd2-c868-46b5-96b2-a22daa39f924",
        "type": "Gallery",
        "name": "Almost there!",
        "sorts": [
         {
          "id": "6512c09d95207640d12ba3dd",
          "RelationKey": "lastModifiedDate",
          "type": "Desc"
         }
        ],
        "filters": [
         {
          "id": "6512c1ad95207640d12ba3e2",
          "RelationKey": "name",
          "value": ""
         },
         {
          "id": "6512c1b395207640d12ba3e3",
          "RelationKey": "6512bd4595207640d12ba3d1",
          "condition": "In",
          "value": [
             "6512bd5295207640d12ba3d3"
            ]
         }
        ],
        "relations": [
         {
          "key": "name",
          "isVisible": true,
          "width": 500
         },
         {
          "key": "tag",
          "width": 192
         },
         {
          "key": "description",
          "width": 192
         },
         {
          "key": "type",
          "width": 192
         },
         {
          "key": "createdDate",
          "width": 192
         },
         {
          "key": "lastModifiedDate",
          "width": 192
         },
         {
          "key": "lastModifiedBy",
          "width": 192
         },
         {
          "key": "lastOpenedDate",
          "width": 192
         },
         {
          "key": "6512bd4595207640d12ba3d1",
          "width": 192
         }
        ],
        "coverRelationKey": "pageCover",
        "groupRelationKey": "6512bd4595207640d12ba3d1",
        "groupBackgroundColors": true
       },
       {
        "id": "0a8ff80b-8413-4488-ac16-9064a9e13f0f",
        "type": "Gallery",
        "name": "Memorised",
        "sorts": [
         {
          "id": "6512c09d95207640d12ba3dd",
          "RelationKey": "lastModifiedDate",
          "type": "Desc"
         }
        ],
        "filters": [
         {
          "id": "6512c1ad95207640d12ba3e2",
          "RelationKey": "name",
          "value": ""
         },
         {
          "id": "6512c1b395207640d12ba3e3",
          "RelationKey": "6512bd4595207640d12ba3d1",
          "condition": "In",
          "value": [
             "6512bdc495207640d12ba3d4"
            ]
         }
        ],
        "relations": [
         {
          "key": "name",
          "isVisible": true,
          "width": 500
         },
         {
          "key": "tag",
          "width": 192
         },
         {
          "key": "description",
          "width": 192
         },
         {
          "key": "type",
          "width": 192
         },
         {
          "key": "createdDate",
          "width": 192
         },
         {
          "key": "lastModifiedDate",
          "width": 192
         },
         {
          "key": "lastModifiedBy",
          "width": 192
         },
         {
          "key": "lastOpenedDate",
          "width": 192
         },
         {
          "key": "6512bd4595207640d12ba3d1",
          "width": 192
         }
        ],
        "groupRelationKey": "6512bd4595207640d12ba3d1",
        "groupBackgroundColors": true
       }
      ],
      "groupOrders": [
       {
        "viewId": "6512c09d95207640d12ba3dc"
       }
      ],
      "objectOrders": [
       {
        "viewId": "6512c09d95207640d12ba3dc",
        "groupId": "empty",
        "objectIds": [
         "bafyreiekxxi4rr3kdltgla63nhhiy65ji2sqjqls5onz5l7ixgwj5d7mky",
         "bafyreidrvainwehkni7nqo2ywmu7ihv5yq6gzsh7d7me2bjzzxqgfndtg4",
         "bafyreifvc5twhdhgnkvvqhxaazbh5wohlgw5kyqz6irh5wwwh3ue7l4gwa"
        ]
       },
       {
        "viewId": "6512c09d95207640d12ba3dc",
        "groupId": "6512bd5295207640d12ba3d3"
       },
       {
        "viewId": "6512c09d95207640d12ba3dc",
        "groupId": "6512bd4c95207640d12ba3d2",
        "objectIds": [
         "bafyreiduo5ido37cnivsba6eppm3gxwapruji6c3ctmnaxax7chjb2tzom"
        ]
       },
       {
        "viewId": "6512c09d95207640d12ba3dc",
        "groupId": "6512bdc495207640d12ba3d4"
       }
      ],
      "relationLinks": [
       {
        "key": "name",
        "format": "shorttext"
       },
       {
        "key": "tag",
        "format": "tag"
       },
       {
        "key": "description"
       },
       {
        "key": "type",
        "format": "object"
       },
       {
        "key": "createdDate",
        "format": "date"
       },
       {
        "key": "lastModifiedDate",
        "format": "date"
       },
       {
        "key": "lastModifiedBy",
        "format": "object"
       },
       {
        "key": "lastOpenedDate",
        "format": "date"
       },
       {
        "key": "6512bd4595207640d12ba3d1",
        "format": "status"
       }
      ]
     }
    },
    {
     "id": "title",
     "fields": {
       "_detailsKey": [
          "name",
          "done"
         ]
      },
     "restrictions": {
      "remove": true,
      "drag": true,
      "dropOn": true
     },
     "text": {
      "style": "Title",
      "marks": {

      }
     }
    },
    {
     "id": "description",
     "fields": {
       "_detailsKey": "description"
      },
     "restrictions": {
      "remove": true,
      "drag": true,
      "dropOn": true
     },
     "text": {
      "style": "Description",
      "marks": {

      }
     }
    },
    {
     "id": "featuredRelations",
     "restrictions": {
      "remove": true,
      "drag": true,
      "dropOn": true
     },
     "featuredRelations": {

     }
    }
   ],
   "details": {
     "backlinks": [
        "bafyreiakoq3urtxcw4z3zkmkg6rcm2uujqxjvlqdtqx2iionhap74kwuzq",
        "bafyreieshd55kpqcmqvvkizqz5oi4ugnjds46lpspmch4hqi7byfe4aim4"
       ],
     "createdDate": 1695727771,
     "creator": "bafyreibgirudwoqorb4u5sr4zp67actpxwkm5dlouxhflkhte3mu67cjoy",
     "description": "",
     "featuredRelations": [
        "type",
        "description",
        "setOf"
       ],
     "iconEmoji": "🗨️",
     "iconImage": "",
     "id": "bafyreicczexznfzjngtjyh7jcx73zjyx3rui6hs4lgxqag2k3vtkntbv5a",
     "isFavorite": true,
     "lastModifiedBy": "bafyreibgirudwoqorb4u5sr4zp67actpxwkm5dlouxhflkhte3mu67cjoy",
     "lastModifiedDate": 1696847571,
     "lastOpenedDate": 1696847828,
     "layout": 3,
     "links": [
        "bafyreibdyvglaqfbzg6o5c4oakwj6hwfevx2qxrartyivmcbzxown7hwe4",
        "bafyreicltr5emoepwjqipblponme7asaqrkq2k4dndzcermhdqiv4vfttm",
        "bafyreihiohvcvqv3vgpybkwfyukamti6hf5gn7otnr2zpqd3f4gerot7zq",
        "bafyreidrvainwehkni7nqo2ywmu7ihv5yq6gzsh7d7me2bjzzxqgfndtg4",
        "bafyreiduo5ido37cnivsba6eppm3gxwapruji6c3ctmnaxax7chjb2tzom"
       ],
     "name": "Memory Cards",
     "oldAnytypeID": "bafyreicsatisgoch5743jtnanqay2prbt2gwqvfxf2pzb4blznikgplv4q",
     "restrictions": [
        3,
        6,
        5,
        7
       ],
     "setOf": [
        "ot-6512bd2895207640d12ba3cf"
       ],
     "snippet": "",
     "sourceFilePath": "json:/Users/dariia/Downloads/Flashcards_Usecase.zip/bafyreicsatisgoch5743jtnanqay2prbt2gwqvfxf2pzb4blznikgplv4q.pb.json",
     "type": "ot-set",
     "workspaceId": "bafyreih77cb5yxoldp7sdz75fvhe26rxltd42bycuqyw67wvzi2ykakyl4"
    },
   "objectTypes": [
    "ot-set"
   ],
   "collections": {
     "objects": [
        "bafyreibdyvglaqfbzg6o5c4oakwj6hwfevx2qxrartyivmcbzxown7hwe4",
        "bafyreicltr5emoepwjqipblponme7asaqrkq2k4dndzcermhdqiv4vfttm",
        "bafyreihiohvcvqv3vgpybkwfyukamti6hf5gn7otnr2zpqd3f4gerot7zq",
        "bafyreidrvainwehkni7nqo2ywmu7ihv5yq6gzsh7d7me2bjzzxqgfndtg4",
        "bafyreiduo5ido37cnivsba6eppm3gxwapruji6c3ctmnaxax7chjb2tzom"
       ]
    },
   "relationLinks": [
    {
     "key": "workspaceId",
     "format": "object"
    },
    {
     "key": "createdDate",
     "format": "date"
    },
    {
     "key": "creator",
     "format": "object"
    },
    {
     "key": "type",
     "format": "object"
    },
    {
     "key": "id",
     "format": "object"
    },
    {
     "key": "snippet"
    },
    {
     "key": "internalFlags",
     "format": "number"
    },
    {
     "key": "backlinks",
     "format": "object"
    },
    {
     "key": "layout",
     "format": "number"
    },
    {
     "key": "name",
     "format": "shorttext"
    },
    {
     "key": "description"
    },
    {
     "key": "iconEmoji",
     "format": "emoji"
    },
    {
     "key": "iconImage",
     "format": "file"
    },
    {
     "key": "layoutAlign",
     "format": "number"
    },
    {
     "key": "coverId"
    },
    {
     "key": "coverScale",
     "format": "number"
    },
    {
     "key": "coverType",
     "format": "number"
    },
    {
     "key": "coverX",
     "format": "number"
    },
    {
     "key": "coverY",
     "format": "number"
    },
    {
     "key": "lastModifiedDate",
     "format": "date"
    },
    {
     "key": "lastModifiedBy",
     "format": "object"
    },
    {
     "key": "lastOpenedDate",
     "format": "date"
    },
    {
     "key": "featuredRelations",
     "format": "object"
    },
    {
     "key": "isFavorite",
     "format": "checkbox"
    },
    {
     "key": "links",
     "format": "object"
    },
    {
     "key": "restrictions",
     "format": "number"
    },
    {
     "key": "setOf",
     "format": "object"
    },
    {
     "key": "sourceFilePath"
    },
    {
     "key": "oldAnytypeID"
    }
   ]
  }
 }
}