{
 "sbType": "Page",
 "snapshot": {
  "data": {
   "blocks": [
    {
     "id": "bafyreiduo5ido37cnivsba6eppm3gxwapruji6c3ctmnaxax7chjb2tzom",
     "restrictions": {

     },
     "childrenIds": [
      "header",
      "6512bdf595207640d12ba3d5",
      "6512bdf695207640d12ba3d6",
      "6512bdf795207640d12ba3d7",
      "65130a1a95207640d12ba4bc",
      "6512c16095207640d12ba3e1"
     ],
     "smartblock": {

     }
    },
    {
     "id": "header",
     "restrictions": {
      "edit": true,
      "remove": true,
      "drag": true,
      "dropOn": true
     },
     "childrenIds": [
      "title",
      "description",
      "featuredRelations"
     ],
     "layout": {
      "style": "Header"
     }
    },
    {
     "id": "6512bdf595207640d12ba3d5",
     "relation": {
      "key": "6512bd4595207640d12ba3d1"
     }
    },
    {
     "id": "6512bdf695207640d12ba3d6",
     "restrictions": {

     },
     "text": {
      "marks": {

      }
     }
    },
    {
     "id": "6512bdf795207640d12ba3d7",
     "restrictions": {

     },
     "text": {
      "text": "Tantas borboletas bonitas no jardim! (so many beautiful butterflies in the garden!)",
      "marks": {

      }
     }
    },
    {
     "id": "65130a1a95207640d12ba4bc",
     "restrictions": {

     },
     "text": {
      "marks": {

      }
     }
    },
    {
     "id": "6512c16095207640d12ba3e1",
     "text": {
      "marks": {

      }
     }
    },
    {
     "id": "title",
     "fields": {
       "_detailsKey": [
          "name",
          "done"
         ]
      },
     "restrictions": {
      "remove": true,
      "drag": true,
      "dropOn": true
     },
     "text": {
      "style": "Title",
      "marks": {

      }
     }
    },
    {
     "id": "description",
     "fields": {
       "_detailsKey": "description"
      },
     "restrictions": {
      "remove": true,
      "drag": true,
      "dropOn": true
     },
     "text": {
      "style": "Description",
      "marks": {

      }
     }
    },
    {
     "id": "featuredRelations",
     "restrictions": {
      "remove": true,
      "drag": true,
      "dropOn": true
     },
     "featuredRelations": {

     }
    }
   ],
   "details": {
     "6512bd4595207640d12ba3d1": "6512bd4c95207640d12ba3d2",
     "backlinks": [
        "bafyreicczexznfzjngtjyh7jcx73zjyx3rui6hs4lgxqag2k3vtkntbv5a"
       ],
     "coverId": "bafybeibc7ngfwbswhyfozda2bfkv5z6crk4xzlychtr5masaaheszsbzdi",
     "coverScale": 0,
     "coverType": 5,
     "coverX": 0,
     "coverY": -0.25,
     "createdDate": 1695727822,
     "creator": "bafyreibgirudwoqorb4u5sr4zp67actpxwkm5dlouxhflkhte3mu67cjoy",
     "description": "butterfly",
     "featuredRelations": [
        "type",
        "description"
       ],
     "id": "bafyreiduo5ido37cnivsba6eppm3gxwapruji6c3ctmnaxax7chjb2tzom",
     "internalFlags": [
       ],
     "lastModifiedBy": "bafyreibgirudwoqorb4u5sr4zp67actpxwkm5dlouxhflkhte3mu67cjoy",
     "lastModifiedDate": 1695888524,
     "layout": 0,
     "links": [
       ],
     "name": "borboleta",
     "oldAnytypeID": "bafyreif7t2trfgxbhcg2y5iwqhayuz566feipz4bbp3o6mdny2cdxi4w5m",
     "restrictions": [
       ],
     "snippet": "Tantas borboletas bonitas no jardim! (so many beautiful butterflies in the garden!)",
     "sourceFilePath": "json:/Users/dariia/Downloads/Flashcards_Usecase.zip/bafyreif7t2trfgxbhcg2y5iwqhayuz566feipz4bbp3o6mdny2cdxi4w5m.pb.json",
     "tag": [
       ],
     "type": "ot-6512bd2895207640d12ba3cf",
     "workspaceId": "bafyreih77cb5yxoldp7sdz75fvhe26rxltd42bycuqyw67wvzi2ykakyl4"
    },
   "objectTypes": [
    "ot-6512bd2895207640d12ba3cf"
   ],
   "relationLinks": [
    {
     "key": "workspaceId",
     "format": "object"
    },
    {
     "key": "createdDate",
     "format": "date"
    },
    {
     "key": "creator",
     "format": "object"
    },
    {
     "key": "type",
     "format": "object"
    },
    {
     "key": "id",
     "format": "object"
    },
    {
     "key": "snippet"
    },
    {
     "key": "targetObjectType",
     "format": "object"
    },
    {
     "key": "internalFlags",
     "format": "number"
    },
    {
     "key": "layout",
     "format": "number"
    },
    {
     "key": "backlinks",
     "format": "object"
    },
    {
     "key": "name",
     "format": "shorttext"
    },
    {
     "key": "description"
    },
    {
     "key": "iconEmoji",
     "format": "emoji"
    },
    {
     "key": "iconImage",
     "format": "file"
    },
    {
     "key": "layoutAlign",
     "format": "number"
    },
    {
     "key": "coverId"
    },
    {
     "key": "coverScale",
     "format": "number"
    },
    {
     "key": "coverType",
     "format": "number"
    },
    {
     "key": "coverX",
     "format": "number"
    },
    {
     "key": "coverY",
     "format": "number"
    },
    {
     "key": "lastModifiedDate",
     "format": "date"
    },
    {
     "key": "lastModifiedBy",
     "format": "object"
    },
    {
     "key": "lastOpenedDate",
     "format": "date"
    },
    {
     "key": "featuredRelations",
     "format": "object"
    },
    {
     "key": "isFavorite",
     "format": "checkbox"
    },
    {
     "key": "links",
     "format": "object"
    },
    {
     "key": "restrictions",
     "format": "number"
    },
    {
     "key": "6512bd4595207640d12ba3d1",
     "format": "status"
    },
    {
     "key": "tag",
     "format": "tag"
    },
    {
     "key": "sourceFilePath"
    },
    {
     "key": "oldAnytypeID"
    }
   ]
  },
  "fileKeys": [
   {
    "hash": "bafybeibc7ngfwbswhyfozda2bfkv5z6crk4xzlychtr5masaaheszsbzdi",
    "keys": {
     "/0/exif/": "bnj7ef7pah2bprap3m3qbzuibj3bptkbly5atsxeuv3kfvpvfitsa",
     "/0/large/": "bo72vojtorm4k5hybdb4u2hgovjwfck5kgpebxoa46vev42t32jba",
     "/0/original/": "bo72vojtorm4k5hybdb4u2hgovjwfck5kgpebxoa46vev42t32jba",
     "/0/small/": "bskvziatizyr6t2qs6zq4amm3vajjotq2uqwiffl43vadosi3reua",
     "/0/thumb/": "ber5anff3p3rlsvpqthl3etdmt5oqe64bbyd4s5lo7a56i4vyh7pa"
    }
   }
  ]
 }
}