{
 "sbType": "Template",
 "snapshot": {
  "data": {
   "blocks": [
    {
     "id": "bafyreiakudr3ir4stf6pl32dj54476z22e5aira4vbgee6x6hgyb73suqa",
     "restrictions": {

     },
     "childrenIds": [
      "header",
      "6512bdf595207640d12ba3d5",
      "6512bdf695207640d12ba3d6",
      "6512bdf795207640d12ba3d7"
     ],
     "smartblock": {

     }
    },
    {
     "id": "header",
     "restrictions": {
      "edit": true,
      "remove": true,
      "drag": true,
      "dropOn": true
     },
     "childrenIds": [
      "title",
      "description",
      "featuredRelations"
     ],
     "layout": {
      "style": "Header"
     }
    },
    {
     "id": "6512bdf595207640d12ba3d5",
     "relation": {
      "key": "6512bd4595207640d12ba3d1"
     }
    },
    {
     "id": "6512bdf695207640d12ba3d6",
     "restrictions": {

     },
     "text": {
      "marks": {

      }
     }
    },
    {
     "id": "6512bdf795207640d12ba3d7",
     "restrictions": {

     },
     "text": {
      "text": "Example…",
      "marks": {

      }
     }
    },
    {
     "id": "title",
     "fields": {
       "_detailsKey": [
          "name",
          "done"
         ]
      },
     "restrictions": {
      "remove": true,
      "drag": true,
      "dropOn": true
     },
     "text": {
      "style": "Title",
      "marks": {

      }
     }
    },
    {
     "id": "description",
     "fields": {
       "_detailsKey": "description"
      },
     "restrictions": {
      "remove": true,
      "drag": true,
      "dropOn": true
     },
     "text": {
      "style": "Description",
      "marks": {

      }
     }
    },
    {
     "id": "featuredRelations",
     "restrictions": {
      "remove": true,
      "drag": true,
      "dropOn": true
     },
     "featuredRelations": {

     }
    }
   ],
   "details": {
     "6512bd4595207640d12ba3d1": [
        "6512bd4c95207640d12ba3d2"
       ],
     "backlinks": [
       ],
     "coverId": "",
     "coverScale": 0,
     "coverType": 0,
     "coverX": 0,
     "coverY": 0,
     "createdDate": 1695726895,
     "creator": "bafyreibgirudwoqorb4u5sr4zp67actpxwkm5dlouxhflkhte3mu67cjoy",
     "description": "",
     "featuredRelations": [
        "type",
        "description"
       ],
     "id": "bafyreiakudr3ir4stf6pl32dj54476z22e5aira4vbgee6x6hgyb73suqa",
     "internalFlags": [
       ],
     "lastModifiedBy": "bafyreibgirudwoqorb4u5sr4zp67actpxwkm5dlouxhflkhte3mu67cjoy",
     "lastModifiedDate": 1695744370,
     "layout": 0,
     "links": [
       ],
     "name": "new word",
     "oldAnytypeID": "bafyreibpxk5hxucjq6fct5x3vvhokqzjpugh3d7lmn5se3exue7du3nsli",
     "restrictions": [
        7
       ],
     "snippet": "Example…",
     "sourceFilePath": "json:/Users/dariia/Downloads/Flashcards_Usecase.zip/bafyreibpxk5hxucjq6fct5x3vvhokqzjpugh3d7lmn5se3exue7du3nsli.pb.json",
     "targetObjectType": "ot-6512bd2895207640d12ba3cf",
     "type": "ot-template",
     "workspaceId": "bafyreih77cb5yxoldp7sdz75fvhe26rxltd42bycuqyw67wvzi2ykakyl4"
    },
   "objectTypes": [
    "ot-template",
    "ot-6512bd2895207640d12ba3cf"
   ],
   "relationLinks": [
    {
     "key": "workspaceId",
     "format": "object"
    },
    {
     "key": "createdDate",
     "format": "date"
    },
    {
     "key": "creator",
     "format": "object"
    },
    {
     "key": "type",
     "format": "object"
    },
    {
     "key": "id",
     "format": "object"
    },
    {
     "key": "snippet"
    },
    {
     "key": "targetObjectType",
     "format": "object"
    },
    {
     "key": "internalFlags",
     "format": "number"
    },
    {
     "key": "layout",
     "format": "number"
    },
    {
     "key": "backlinks",
     "format": "object"
    },
    {
     "key": "name",
     "format": "shorttext"
    },
    {
     "key": "description"
    },
    {
     "key": "iconEmoji",
     "format": "emoji"
    },
    {
     "key": "iconImage",
     "format": "file"
    },
    {
     "key": "layoutAlign",
     "format": "number"
    },
    {
     "key": "coverId"
    },
    {
     "key": "coverScale",
     "format": "number"
    },
    {
     "key": "coverType",
     "format": "number"
    },
    {
     "key": "coverX",
     "format": "number"
    },
    {
     "key": "coverY",
     "format": "number"
    },
    {
     "key": "lastModifiedDate",
     "format": "date"
    },
    {
     "key": "lastModifiedBy",
     "format": "object"
    },
    {
     "key": "lastOpenedDate",
     "format": "date"
    },
    {
     "key": "featuredRelations",
     "format": "object"
    },
    {
     "key": "isFavorite",
     "format": "checkbox"
    },
    {
     "key": "links",
     "format": "object"
    },
    {
     "key": "restrictions",
     "format": "number"
    },
    {
     "key": "6512bd4595207640d12ba3d1",
     "format": "status"
    },
    {
     "key": "oldAnytypeID"
    },
    {
     "key": "sourceFilePath"
    }
   ]
  }
 }
}