{
 "sbType": "Widget",
 "snapshot": {
  "data": {
   "blocks": [
    {
     "id": "bafyreieshd55kpqcmqvvkizqz5oi4ugnjds46lpspmch4hqi7byfe4aim4",
     "restrictions": {

     },
     "childrenIds": [
      "6523d6289520765b05c8f27e",
      "6523d7589520765b05c8f2a4"
     ],
     "smartblock": {

     }
    },
    {
     "id": "6523d6289520765b05c8f27e",
     "childrenIds": [
      "6523d6289520765b05c8f27d"
     ],
     "widget": {

     }
    },
    {
     "id": "6523d7589520765b05c8f2a4",
     "childrenIds": [
      "6523d7589520765b05c8f2a3"
     ],
     "widget": {
      "layout": "CompactList",
      "limit": 6
     }
    },
    {
     "id": "6523d6289520765b05c8f27d",
     "link": {
      "targetBlockId": "bafyreifgkpnpgngih234m55tu6wjub7qmzurvnfsjhuvtzut57tlm7qsva",
      "cardStyle": "Inline"
     }
    },
    {
     "id": "6523d7589520765b05c8f2a3",
     "link": {
      "targetBlockId": "bafyreicczexznfzjngtjyh7jcx73zjyx3rui6hs4lgxqag2k3vtkntbv5a"
     }
    }
   ],
   "details": {
     "backlinks": [
       ],
     "creator": "bafyreibgirudwoqorb4u5sr4zp67actpxwkm5dlouxhflkhte3mu67cjoy",
     "id": "bafyreieshd55kpqcmqvvkizqz5oi4ugnjds46lpspmch4hqi7byfe4aim4",
     "isHidden": true,
     "lastModifiedBy": "bafyreibgirudwoqorb4u5sr4zp67actpxwkm5dlouxhflkhte3mu67cjoy",
     "lastModifiedDate": 1696847704,
     "lastOpenedDate": 1696847396,
     "layout": 7,
     "links": [
        "bafyreifgkpnpgngih234m55tu6wjub7qmzurvnfsjhuvtzut57tlm7qsva",
        "bafyreicczexznfzjngtjyh7jcx73zjyx3rui6hs4lgxqag2k3vtkntbv5a"
       ],
     "restrictions": [
        2,
        4,
        1,
        6,
        5,
        7,
        8
       ],
     "snippet": "",
     "type": "ot-dashboard",
     "workspaceId": "bafyreih77cb5yxoldp7sdz75fvhe26rxltd42bycuqyw67wvzi2ykakyl4"
    },
   "objectTypes": [
    "ot-dashboard"
   ],
   "relationLinks": [
    {
     "key": "id",
     "format": "object"
    },
    {
     "key": "snippet"
    },
    {
     "key": "workspaceId",
     "format": "object"
    },
    {
     "key": "backlinks",
     "format": "object"
    },
    {
     "key": "creator",
     "format": "object"
    },
    {
     "key": "type",
     "format": "object"
    },
    {
     "key": "layout",
     "format": "number"
    },
    {
     "key": "isHidden",
     "format": "checkbox"
    },
    {
     "key": "lastModifiedBy",
     "format": "object"
    },
    {
     "key": "lastModifiedDate",
     "format": "date"
    }
   ]
  }
 }
}