{
 "sbType": "ProfilePage",
 "snapshot": {
  "data": {
   "blocks": [
    {
     "id": "bafyreibgirudwoqorb4u5sr4zp67actpxwkm5dlouxhflkhte3mu67cjoy",
     "restrictions": {

     },
     "childrenIds": [
      "header"
     ],
     "smartblock": {

     }
    },
    {
     "id": "header",
     "restrictions": {
      "edit": true,
      "remove": true,
      "drag": true,
      "dropOn": true
     },
     "childrenIds": [
      "title",
      "featuredRelations"
     ],
     "layout": {
      "style": "Header"
     }
    },
    {
     "id": "title",
     "fields": {
       "_detailsKey": [
          "name",
          "done"
         ]
      },
     "restrictions": {
      "remove": true,
      "drag": true,
      "dropOn": true
     },
     "align": "AlignCenter",
     "text": {
      "style": "Title",
      "marks": {

      }
     }
    },
    {
     "id": "featuredRelations",
     "restrictions": {
      "remove": true,
      "drag": true,
      "dropOn": true
     },
     "align": "AlignCenter",
     "featuredRelations": {

     }
    }
   ],
   "details": {
     "backlinks": [
       ],
     "creator": "bafyreibgirudwoqorb4u5sr4zp67actpxwkm5dlouxhflkhte3mu67cjoy",
     "iconOption": 2,
     "id": "bafyreibgirudwoqorb4u5sr4zp67actpxwkm5dlouxhflkhte3mu67cjoy",
     "lastModifiedBy": "bafyreibgirudwoqorb4u5sr4zp67actpxwkm5dlouxhflkhte3mu67cjoy",
     "lastModifiedDate": 1696847394,
     "lastOpenedDate": 1696847487,
     "layout": 1,
     "layoutAlign": 1,
     "links": [
       ],
     "name": "Flashcards",
     "restrictions": [
        6,
        5,
        1,
        8
       ],
     "snippet": "",
     "type": "ot-profile",
     "workspaceId": "bafyreih77cb5yxoldp7sdz75fvhe26rxltd42bycuqyw67wvzi2ykakyl4"
    },
   "objectTypes": [
    "ot-profile"
   ],
   "relationLinks": [
    {
     "key": "id",
     "format": "object"
    },
    {
     "key": "snippet"
    },
    {
     "key": "workspaceId",
     "format": "object"
    },
    {
     "key": "backlinks",
     "format": "object"
    },
    {
     "key": "creator",
     "format": "object"
    },
    {
     "key": "type",
     "format": "object"
    },
    {
     "key": "layout",
     "format": "number"
    },
    {
     "key": "layoutAlign",
     "format": "number"
    },
    {
     "key": "name",
     "format": "shorttext"
    },
    {
     "key": "description"
    },
    {
     "key": "iconEmoji",
     "format": "emoji"
    },
    {
     "key": "iconImage",
     "format": "file"
    },
    {
     "key": "coverId"
    },
    {
     "key": "coverScale",
     "format": "number"
    },
    {
     "key": "coverType",
     "format": "number"
    },
    {
     "key": "coverX",
     "format": "number"
    },
    {
     "key": "coverY",
     "format": "number"
    },
    {
     "key": "createdDate",
     "format": "date"
    },
    {
     "key": "lastModifiedDate",
     "format": "date"
    },
    {
     "key": "lastModifiedBy",
     "format": "object"
    },
    {
     "key": "lastOpenedDate",
     "format": "date"
    },
    {
     "key": "featuredRelations",
     "format": "object"
    },
    {
     "key": "isFavorite",
     "format": "checkbox"
    },
    {
     "key": "links",
     "format": "object"
    },
    {
     "key": "internalFlags",
     "format": "number"
    },
    {
     "key": "restrictions",
     "format": "number"
    },
    {
     "key": "iconOption",
     "format": "number"
    }
   ]
  }
 }
}