{
 "sbType": "Page",
 "snapshot": {
  "data": {
   "blocks": [
    {
     "id": "bafyreidrvainwehkni7nqo2ywmu7ihv5yq6gzsh7d7me2bjzzxqgfndtg4",
     "restrictions": {

     },
     "childrenIds": [
      "header",
      "6512e62c95207640d12ba410",
      "r-2a69c972f8691ebf308a59551fe7472a",
      "6513018a95207640d12ba480",
      "6513018695207640d12ba47f",
      "6512e01995207640d12ba3fe",
      "r-3d297b58cd410540612eee6e375ddf07",
      "6513019495207640d12ba481",
      "6512f95495207640d12ba445",
      "6512faff95207640d12ba44d",
      "r-a30138e2c0db94788ef951922f303367",
      "6512fe5f95207640d12ba464",
      "651301a295207640d12ba483",
      "6513019e95207640d12ba482",
      "6512e00895207640d12ba3fa",
      "6512e60495207640d12ba40e",
      "6512fafe95207640d12ba44c",
      "6512fbf195207640d12ba44e"
     ],
     "smartblock": {

     }
    },
    {
     "id": "header",
     "restrictions": {
      "edit": true,
      "remove": true,
      "drag": true,
      "dropOn": true
     },
     "childrenIds": [
      "title",
      "description",
      "featuredRelations"
     ],
     "layout": {
      "style": "Header"
     }
    },
    {
     "id": "6512e62c95207640d12ba410",
     "restrictions": {

     },
     "text": {
      "text": "various beautiful images on cards = matching covers",
      "style": "Header3",
      "marks": {

      }
     }
    },
    {
     "id": "r-2a69c972f8691ebf308a59551fe7472a",
     "restrictions": {

     },
     "childrenIds": [
      "cd-10dd8448db7760b7cdf2ea0559c5badd",
      "cd-2a69c972f8691ebf308a59551fe7472a"
     ],
     "layout": {

     }
    },
    {
     "id": "6513018a95207640d12ba480",
     "div": {

     }
    },
    {
     "id": "6513018695207640d12ba47f",
     "text": {
      "marks": {

      }
     }
    },
    {
     "id": "6512e01995207640d12ba3fe",
     "restrictions": {

     },
     "text": {
      "text": "show / hide translation = show / hide the Description relation:",
      "style": "Header3",
      "marks": {

      }
     }
    },
    {
     "id": "r-3d297b58cd410540612eee6e375ddf07",
     "restrictions": {

     },
     "childrenIds": [
      "ct-3d297b58cd410540612eee6e375ddf07",
      "cd-3d297b58cd410540612eee6e375ddf07"
     ],
     "layout": {

     }
    },
    {
     "id": "6513019495207640d12ba481",
     "div": {

     }
    },
    {
     "id": "6512f95495207640d12ba445",
     "restrictions": {

     },
     "text": {
      "marks": {

      }
     }
    },
    {
     "id": "6512faff95207640d12ba44d",
     "restrictions": {

     },
     "text": {
      "text": "pop-up translation (spoiler) in other objects by linking cards ",
      "style": "Header3",
      "marks": {

      }
     }
    },
    {
     "id": "r-a30138e2c0db94788ef951922f303367",
     "restrictions": {

     },
     "childrenIds": [
      "ct-a30138e2c0db94788ef951922f303367",
      "cd-1647c4551c276f9b487b0d95d9703c08"
     ],
     "layout": {

     }
    },
    {
     "id": "6512fe5f95207640d12ba464",
     "restrictions": {

     },
     "text": {
      "marks": {

      }
     }
    },
    {
     "id": "651301a295207640d12ba483",
     "div": {

     }
    },
    {
     "id": "6513019e95207640d12ba482",
     "text": {
      "marks": {

      }
     }
    },
    {
     "id": "6512e00895207640d12ba3fa",
     "restrictions": {

     },
     "text": {
      "text": "new words are catching my eye everywhere!",
      "style": "Header3",
      "marks": {

      }
     }
    },
    {
     "id": "6512e60495207640d12ba40e",
     "restrictions": {

     },
     "file": {
      "hash": "bafybeicaekgobpxzocv77lul2oveoh4icupnpuohfneg72vrkdxkzje5uu",
      "name": "Screenshot 2023-09-26 at 12.58.58.png",
      "type": "Image",
      "mime": "image/png",
      "size": "823256",
      "state": "Done"
     }
    },
    {
     "id": "6512fafe95207640d12ba44c",
     "restrictions": {

     },
     "text": {
      "marks": {

      }
     }
    },
    {
     "id": "6512fbf195207640d12ba44e",
     "restrictions": {

     },
     "text": {
      "marks": {

      }
     }
    },
    {
     "id": "title",
     "fields": {
       "_detailsKey": [
          "name",
          "done"
         ]
      },
     "restrictions": {
      "remove": true,
      "drag": true,
      "dropOn": true
     },
     "text": {
      "style": "Title",
      "marks": {

      }
     }
    },
    {
     "id": "description",
     "fields": {
       "_detailsKey": "description"
      },
     "restrictions": {
      "remove": true,
      "drag": true,
      "dropOn": true
     },
     "text": {
      "style": "Description",
      "marks": {

      }
     }
    },
    {
     "id": "featuredRelations",
     "restrictions": {
      "remove": true,
      "drag": true,
      "dropOn": true
     },
     "featuredRelations": {

     }
    },
    {
     "id": "cd-10dd8448db7760b7cdf2ea0559c5badd",
     "childrenIds": [
      "6512e6d495207640d12ba417"
     ],
     "layout": {
      "style": "Column"
     }
    },
    {
     "id": "cd-2a69c972f8691ebf308a59551fe7472a",
     "restrictions": {

     },
     "childrenIds": [
      "6512f79d95207640d12ba434"
     ],
     "layout": {
      "style": "Column"
     }
    },
    {
     "id": "ct-3d297b58cd410540612eee6e375ddf07",
     "restrictions": {

     },
     "childrenIds": [
      "6512e09b95207640d12ba402"
     ],
     "layout": {
      "style": "Column"
     }
    },
    {
     "id": "cd-3d297b58cd410540612eee6e375ddf07",
     "restrictions": {

     },
     "childrenIds": [
      "6512f30495207640d12ba41c"
     ],
     "layout": {
      "style": "Column"
     }
    },
    {
     "id": "ct-a30138e2c0db94788ef951922f303367",
     "restrictions": {

     },
     "childrenIds": [
      "6513008895207640d12ba46d"
     ],
     "layout": {
      "style": "Column"
     }
    },
    {
     "id": "cd-1647c4551c276f9b487b0d95d9703c08",
     "childrenIds": [
      "651300a495207640d12ba473"
     ],
     "layout": {
      "style": "Column"
     }
    },
    {
     "id": "6512e6d495207640d12ba417",
     "restrictions": {

     },
     "file": {
      "hash": "bafybeih745cr6676oenedkkyektpdidanvtjj4r6zfkc6xx4nsouphpyze",
      "name": "Screenshot 2023-09-26 at 14.51.16.png",
      "type": "Image",
      "mime": "image/png",
      "size": "662027",
      "state": "Done"
     }
    },
    {
     "id": "6512f79d95207640d12ba434",
     "restrictions": {

     },
     "file": {
      "hash": "bafybeigyya5rb2gn63c7c4cpzeg72xxqqcb5cowmfsmtmtguu4dhud45dq",
      "name": "Screenshot 2023-09-26 at 16.24.05.png",
      "type": "Image",
      "mime": "image/png",
      "size": "2197552",
      "addedAt": "1695741854",
      "state": "Done"
     }
    },
    {
     "id": "6512e09b95207640d12ba402",
     "restrictions": {

     },
     "file": {
      "hash": "bafybeif4cp37ozvjse6fdmdfqnbc2ctx2z425vjtkrgg5f5xzzn4jc2q4m",
      "name": "Screenshot 2023-09-26 at 12.43.44.png",
      "type": "Image",
      "mime": "image/png",
      "size": "412036",
      "state": "Done",
      "style": "Embed"
     }
    },
    {
     "id": "6512f30495207640d12ba41c",
     "restrictions": {

     },
     "file": {
      "hash": "bafybeiajadr2ysn2skixhwbzvkng4vokwzcbnu5lx6pyanrb67ww5zudxi",
      "name": "Screenshot 2023-09-26 at 16.03.35.png",
      "type": "Image",
      "mime": "image/png",
      "size": "788976",
      "state": "Done"
     }
    },
    {
     "id": "6513008895207640d12ba46d",
     "restrictions": {

     },
     "file": {
      "hash": "bafybeigvxiui23nuuh4qdzujbwdmkmknqzentfmbwkl3dvwpl4lnlsnpnm",
      "name": "Screenshot 2023-09-26 at 16.50.23.png",
      "type": "Image",
      "mime": "image/png",
      "size": "418966",
      "addedAt": "1695744136",
      "state": "Done"
     }
    },
    {
     "id": "651300a495207640d12ba473",
     "restrictions": {

     },
     "file": {
      "hash": "bafybeih5dpf5dycjqsspsjju2a5oky5e26ep2cdtulecalsccj24domczy",
      "name": "Screenshot 2023-09-26 at 16.52.41.png",
      "type": "Image",
      "mime": "image/png",
      "size": "184864",
      "addedAt": "1695744164",
      "state": "Done"
     }
    }
   ],
   "details": {
     "6512bd4595207640d12ba3d1": [
        "6512bd4c95207640d12ba3d2"
       ],
     "backlinks": [
        "bafyreicczexznfzjngtjyh7jcx73zjyx3rui6hs4lgxqag2k3vtkntbv5a"
       ],
     "coverId": "",
     "coverScale": 0,
     "coverType": 0,
     "coverX": 0,
     "coverY": 0,
     "createdDate": 1695728534,
     "creator": "bafyreibgirudwoqorb4u5sr4zp67actpxwkm5dlouxhflkhte3mu67cjoy",
     "description": "",
     "featuredRelations": [
        "type",
        "description"
       ],
     "iconEmoji": "🗒️",
     "iconImage": "",
     "id": "bafyreidrvainwehkni7nqo2ywmu7ihv5yq6gzsh7d7me2bjzzxqgfndtg4",
     "internalFlags": [
       ],
     "lastModifiedBy": "bafyreibgirudwoqorb4u5sr4zp67actpxwkm5dlouxhflkhte3mu67cjoy",
     "lastModifiedDate": 1696847630,
     "lastOpenedDate": 1696847791,
     "layout": 0,
     "links": [
       ],
     "name": "read me",
     "oldAnytypeID": "bafyreib5s6cikdfef5ubbpmluqvolrznolpiio7igjon3cuo5ehagkgfb4",
     "restrictions": [
       ],
     "snippet": "various beautiful images on cards = matching covers",
     "sourceFilePath": "json:/Users/dariia/Downloads/Flashcards_Usecase.zip/bafyreib5s6cikdfef5ubbpmluqvolrznolpiio7igjon3cuo5ehagkgfb4.pb.json",
     "type": "ot-6512bd2895207640d12ba3cf",
     "workspaceId": "bafyreih77cb5yxoldp7sdz75fvhe26rxltd42bycuqyw67wvzi2ykakyl4"
    },
   "objectTypes": [
    "ot-6512bd2895207640d12ba3cf"
   ],
   "relationLinks": [
    {
     "key": "workspaceId",
     "format": "object"
    },
    {
     "key": "createdDate",
     "format": "date"
    },
    {
     "key": "creator",
     "format": "object"
    },
    {
     "key": "type",
     "format": "object"
    },
    {
     "key": "id",
     "format": "object"
    },
    {
     "key": "snippet"
    },
    {
     "key": "targetObjectType",
     "format": "object"
    },
    {
     "key": "internalFlags",
     "format": "number"
    },
    {
     "key": "layout",
     "format": "number"
    },
    {
     "key": "backlinks",
     "format": "object"
    },
    {
     "key": "name",
     "format": "shorttext"
    },
    {
     "key": "description"
    },
    {
     "key": "iconEmoji",
     "format": "emoji"
    },
    {
     "key": "iconImage",
     "format": "file"
    },
    {
     "key": "layoutAlign",
     "format": "number"
    },
    {
     "key": "coverId"
    },
    {
     "key": "coverScale",
     "format": "number"
    },
    {
     "key": "coverType",
     "format": "number"
    },
    {
     "key": "coverX",
     "format": "number"
    },
    {
     "key": "coverY",
     "format": "number"
    },
    {
     "key": "lastModifiedDate",
     "format": "date"
    },
    {
     "key": "lastModifiedBy",
     "format": "object"
    },
    {
     "key": "lastOpenedDate",
     "format": "date"
    },
    {
     "key": "featuredRelations",
     "format": "object"
    },
    {
     "key": "isFavorite",
     "format": "checkbox"
    },
    {
     "key": "links",
     "format": "object"
    },
    {
     "key": "restrictions",
     "format": "number"
    },
    {
     "key": "6512bd4595207640d12ba3d1",
     "format": "status"
    },
    {
     "key": "sourceFilePath"
    },
    {
     "key": "oldAnytypeID"
    }
   ]
  },
  "fileKeys": [
   {
    "hash": "bafybeih745cr6676oenedkkyektpdidanvtjj4r6zfkc6xx4nsouphpyze",
    "keys": {
     "/0/exif/": "bzdrak3r5livrvkiekr4jcyouoobie6g2ivqibbeuf677nhrzxura",
     "/0/large/": "bdtemsox5lftjv5zjnxcdz7hdpmud6rfccfjm4spum4iaz57qmv7a",
     "/0/original/": "bcjxvxw6m26klnff7xsyprwdogfgrdof3jbkxzl6zi5mkxzyxevzq",
     "/0/small/": "bokmbnux7fmiy2tdryl4wnrus2avijfsnft36tycefk3hj2ximlxq",
     "/0/thumb/": "bscbtzqanlbxrcho43andrzl4fxorz2v7lnhlxerfoml5rgq32tza"
    }
   },
   {
    "hash": "bafybeigyya5rb2gn63c7c4cpzeg72xxqqcb5cowmfsmtmtguu4dhud45dq",
    "keys": {
     "/0/exif/": "bwpawcx6oceoeoyymhn53nbwiit3o2n2gy4xkbrbtsye2qoh53pqq",
     "/0/large/": "b7z45ftaolqjavbpbbpzhd4odqgixxemtvxbmvatbhjduszox5dha",
     "/0/original/": "bcrm5sgqa4twcwelxsidzt3ebmrjxdg4k53gjx7kvyqccetbrsbpq",
     "/0/small/": "bc37mgigqfyjwvdj3fe3plitpfkf6jd6crvx4il7xyu7nzz4o3zca",
     "/0/thumb/": "by2ioayvnd5abtft56qtfdue5w7obrpzlzqxebsarvpogcpvtt6yq"
    }
   },
   {
    "hash": "bafybeif4cp37ozvjse6fdmdfqnbc2ctx2z425vjtkrgg5f5xzzn4jc2q4m",
    "keys": {
     "/0/exif/": "by5tqj3q5mapdmlyzhh23yn6jht2qvz7oam4azb6xzejreobwfgta",
     "/0/large/": "b7spu56lcq6vs372n2p3aymie5jpgmseejdwmikbpeon3y73ag5vq",
     "/0/original/": "bk3kw63vfeqv2l2wcqoiy3t4zucgp5xw2qn2a3oyh6nykq7wezxfa",
     "/0/small/": "bli27fz6qkcj6ahb4snrjel33rkjaklvdjfrml35gxzfvpa3tpfnq",
     "/0/thumb/": "bidkdyrdnwkd6pv37i4swegeef4w4lka6wm5hubrfi2wnhgztagrq"
    }
   },
   {
    "hash": "bafybeiajadr2ysn2skixhwbzvkng4vokwzcbnu5lx6pyanrb67ww5zudxi",
    "keys": {
     "/0/exif/": "bvz34cgftbkssvtul6mrrrm5zyur2bv5n7s6ybb3fsf7wxbws2gba",
     "/0/large/": "blscpfo7wghh6yohhldsvy4g5c45zxu6rc76anmidzu5ehamszdwq",
     "/0/original/": "b7quuq5ffoao3mw2yy67rxz5hptmfpeu63cumvacyq3hg3t3byhaq",
     "/0/small/": "bvvlwgolytcfgrm67dljnwldksfz5lt5ghsuz2hr2ee3qga4jlmvq",
     "/0/thumb/": "b5mxuog4hgt3lhdhk2p5fhkunwqb5lfrkk6pwqlx35gppostag7oq"
    }
   },
   {
    "hash": "bafybeigvxiui23nuuh4qdzujbwdmkmknqzentfmbwkl3dvwpl4lnlsnpnm",
    "keys": {
     "/0/exif/": "bzppjplldbzwnei4xlujbkeiciuyjlqjg5ped4hcmbwhmzgpkqona",
     "/0/large/": "bw4deu3nwcuakdh6zxwrbqjabmbbmiqdivx7jmxtakm6wajtsbhoq",
     "/0/original/": "bw4deu3nwcuakdh6zxwrbqjabmbbmiqdivx7jmxtakm6wajtsbhoq",
     "/0/small/": "bhmeuupl26shsurpw5z5dv67lnjb6ucty6w63n5lcqoq4uclzgvya",
     "/0/thumb/": "bgwp67chdhpca5q2q3wfybxvsujozsyb3kukrn7p4e3b55rnwinua"
    }
   },
   {
    "hash": "bafybeih5dpf5dycjqsspsjju2a5oky5e26ep2cdtulecalsccj24domczy",
    "keys": {
     "/0/exif/": "bkhwlm3tonoqq22fzawwvu5n6ahcl4tbjjxq3iytk3peg4wilqdyq",
     "/0/large/": "bt6lem4b3ikuhst6rgxbw7wtaukzijegpahi4x2lwcoeciwvzvfpq",
     "/0/original/": "bt6lem4b3ikuhst6rgxbw7wtaukzijegpahi4x2lwcoeciwvzvfpq",
     "/0/small/": "bxbshhgwri3ylowpkhv5mm34n4ds5pfcyk2wklb5yjnblre73rcfq",
     "/0/thumb/": "bx5azpdlm6kwg64hblmtipkaeaecdjlcrbsnwi4j3neczzuafrq6q"
    }
   },
   {
    "hash": "bafybeicaekgobpxzocv77lul2oveoh4icupnpuohfneg72vrkdxkzje5uu",
    "keys": {
     "/0/exif/": "bu2plyazq3kufzbdvqp7zkyespmn6fogbx7hr3jswt5vcpxir63pa",
     "/0/large/": "bht2qdvqs3qvw5zpm7lrk76auyz42a5m2x3ra4ggrir2godqyisvq",
     "/0/original/": "blmsam46htkc7276tm6aubrpuwi37lgpm4nxibxp4ycriamqqzxea",
     "/0/small/": "b526nvpjtqykd3wv6fmbgrtdpamwuow227a64iyxcq66a7erk2awa",
     "/0/thumb/": "boiwlyx7ajlpzl3kwvwtau2alp56tih7rng5q7gzj5qgzslrbwkwq"
    }
   }
  ]
 }
}