{
 "sbType": "ProfilePage",
 "snapshot": {
  "data": {
   "blocks": [
    {
     "id": "bafyreicv5ozirhcmj77khdzvtz2llhm4q6mckqe7hfw4ejasdw5etcpete",
     "restrictions": {

     },
     "childrenIds": [
      "header",
      "6523d7c59520765b05c8f2a5"
     ],
     "smartblock": {

     }
    },
    {
     "id": "header",
     "restrictions": {
      "edit": true,
      "remove": true,
      "drag": true,
      "dropOn": true
     },
     "childrenIds": [
      "title",
      "featuredRelations"
     ],
     "layout": {
      "style": "Header"
     }
    },
    {
     "id": "6523d7c59520765b05c8f2a5",
     "restrictions": {

     },
     "text": {
      "marks": {

      }
     }
    },
    {
     "id": "title",
     "fields": {
       "_detailsKey": [
          "name",
          "done"
         ]
      },
     "restrictions": {
      "remove": true,
      "drag": true,
      "dropOn": true
     },
     "align": "AlignCenter",
     "text": {
      "style": "Title",
      "marks": {

      }
     }
    },
    {
     "id": "featuredRelations",
     "restrictions": {
      "remove": true,
      "drag": true,
      "dropOn": true
     },
     "align": "AlignCenter",
     "featuredRelations": {

     }
    }
   ],
   "details": {
     "backlinks": [
       ],
     "createdDate": 1696847571,
     "creator": "bafyreibgirudwoqorb4u5sr4zp67actpxwkm5dlouxhflkhte3mu67cjoy",
     "iconOption": 8,
     "id": "bafyreicv5ozirhcmj77khdzvtz2llhm4q6mckqe7hfw4ejasdw5etcpete",
     "lastModifiedBy": "bafyreibgirudwoqorb4u5sr4zp67actpxwkm5dlouxhflkhte3mu67cjoy",
     "lastModifiedDate": 1696847813,
     "lastOpenedDate": 1696847815,
     "layout": 1,
     "layoutAlign": 1,
     "links": [
       ],
     "name": "",
     "oldAnytypeID": "bafyreiett4aipvuxg5ksieiz2zgnnbdo3unenlm53rhfakbletfl7oqqdq",
     "restrictions": [
        6,
        5,
        1,
        8
       ],
     "snippet": "",
     "sourceFilePath": "json:/Users/dariia/Downloads/Flashcards_Usecase.zip/bafyreiett4aipvuxg5ksieiz2zgnnbdo3unenlm53rhfakbletfl7oqqdq.pb.json",
     "type": "ot-profile",
     "workspaceId": "bafyreih77cb5yxoldp7sdz75fvhe26rxltd42bycuqyw67wvzi2ykakyl4"
    },
   "objectTypes": [
    "ot-profile"
   ],
   "relationLinks": [
    {
     "key": "id",
     "format": "object"
    },
    {
     "key": "snippet"
    },
    {
     "key": "workspaceId",
     "format": "object"
    },
    {
     "key": "backlinks",
     "format": "object"
    },
    {
     "key": "creator",
     "format": "object"
    },
    {
     "key": "type",
     "format": "object"
    },
    {
     "key": "layout",
     "format": "number"
    },
    {
     "key": "layoutAlign",
     "format": "number"
    },
    {
     "key": "name",
     "format": "shorttext"
    },
    {
     "key": "description"
    },
    {
     "key": "iconEmoji",
     "format": "emoji"
    },
    {
     "key": "iconImage",
     "format": "file"
    },
    {
     "key": "coverId"
    },
    {
     "key": "coverScale",
     "format": "number"
    },
    {
     "key": "coverType",
     "format": "number"
    },
    {
     "key": "coverX",
     "format": "number"
    },
    {
     "key": "coverY",
     "format": "number"
    },
    {
     "key": "createdDate",
     "format": "date"
    },
    {
     "key": "lastModifiedDate",
     "format": "date"
    },
    {
     "key": "lastModifiedBy",
     "format": "object"
    },
    {
     "key": "lastOpenedDate",
     "format": "date"
    },
    {
     "key": "featuredRelations",
     "format": "object"
    },
    {
     "key": "isFavorite",
     "format": "checkbox"
    },
    {
     "key": "links",
     "format": "object"
    },
    {
     "key": "internalFlags",
     "format": "number"
    },
    {
     "key": "restrictions",
     "format": "number"
    },
    {
     "key": "iconOption",
     "format": "number"
    },
    {
     "key": "sourceFilePath"
    },
    {
     "key": "oldAnytypeID"
    }
   ]
  }
 }
}