{
 "sbType": "SubObject",
 "snapshot": {
  "data": {
   "blocks": [
    {
     "id": "ot-6512bd2895207640d12ba3cf",
     "restrictions": {

     },
     "childrenIds": [
      "header",
      "templates",
      "dataview"
     ]
    },
    {
     "id": "header",
     "restrictions": {
      "edit": true,
      "remove": true,
      "drag": true,
      "dropOn": true
     },
     "childrenIds": [
      "title",
      "description",
      "featuredRelations"
     ],
     "layout": {
      "style": "Header"
     }
    },
    {
     "id": "templates",
     "fields": {
       "_defaultRecordFields": {
          "targetObjectType": "ot-6512bd2895207640d12ba3cf"
         }
      },
     "dataview": {
      "source": [
       "ot-template"
      ],
      "views": [
       {
        "id": "_view2_1",
        "name": "All",
        "sorts": [
         {
          "RelationKey": "name"
         }
        ],
        "filters": [
         {
          "RelationKey": "targetObjectType",
          "condition": "Equal",
          "value": "ot-6512bd2895207640d12ba3cf"
         }
        ]
       }
      ]
     }
    },
    {
     "id": "dataview",
     "dataview": {
      "source": [
       "ot-6512bd2895207640d12ba3cf"
      ],
      "views": [
       {
        "id": "_view1_1",
        "name": "All",
        "sorts": [
         {
          "RelationKey": "name"
         }
        ],
        "relations": [
         {
          "key": "6512bd4595207640d12ba3d1",
          "isVisible": true
         }
        ]
       }
      ],
      "relationLinks": [
       {
        "key": "6512bd4595207640d12ba3d1",
        "format": "status"
       }
      ]
     }
    },
    {
     "id": "title",
     "fields": {
       "_detailsKey": [
          "name",
          "done"
         ]
      },
     "restrictions": {
      "remove": true,
      "drag": true,
      "dropOn": true
     },
     "text": {
      "style": "Title",
      "marks": {

      }
     }
    },
    {
     "id": "description",
     "fields": {
       "_detailsKey": "description"
      },
     "restrictions": {
      "remove": true,
      "drag": true,
      "dropOn": true
     },
     "text": {
      "style": "Description",
      "marks": {

      }
     }
    },
    {
     "id": "featuredRelations",
     "restrictions": {
      "remove": true,
      "drag": true,
      "dropOn": true
     },
     "featuredRelations": {

     }
    }
   ],
   "details": {
     "backlinks": [
       ],
     "createdDate": 1695726888,
     "creator": "bafyreibgirudwoqorb4u5sr4zp67actpxwkm5dlouxhflkhte3mu67cjoy",
     "defaultTemplateId": "bad7e29b-3439-4a2b-b44a-072f62578a73",
     "featuredRelations": [
        "description",
        "type",
        "sourceObject"
       ],
     "iconEmoji": "🗨️",
     "iconImage": "",
     "id": "ot-6512bd2895207640d12ba3cf",
     "lastChangeId": "",
     "lastModifiedBy": "bafyreibgirudwoqorb4u5sr4zp67actpxwkm5dlouxhflkhte3mu67cjoy",
     "lastModifiedDate": 1695727740,
     "layout": 4,
     "links": [
       ],
     "name": "Card",
     "oldAnytypeID": "ot-6512bd2895207640d12ba3cf",
     "recommendedLayout": 0,
     "recommendedRelations": [
        "rel-6512bd4595207640d12ba3d1"
       ],
     "restrictions": [
        3,
        6,
        5,
        7
       ],
     "smartblockTypes": [
        16
       ],
     "snippet": "",
     "sourceFilePath": "json:/Users/dariia/Downloads/Flashcards_Usecase.zip/ot-6512bd2895207640d12ba3cf.pb.json",
     "type": "ot-objectType",
     "workspaceId": "bafyreih77cb5yxoldp7sdz75fvhe26rxltd42bycuqyw67wvzi2ykakyl4"
    },
   "objectTypes": [
    "ot-objectType"
   ],
   "relationLinks": [
    {
     "key": "id",
     "format": "object"
    },
    {
     "key": "snippet"
    },
    {
     "key": "featuredRelations",
     "format": "object"
    },
    {
     "key": "lastModifiedDate",
     "format": "date"
    },
    {
     "key": "lastModifiedBy",
     "format": "object"
    },
    {
     "key": "name",
     "format": "shorttext"
    },
    {
     "key": "layout",
     "format": "number"
    },
    {
     "key": "createdDate",
     "format": "date"
    },
    {
     "key": "sourceFilePath"
    },
    {
     "key": "iconEmoji",
     "format": "emoji"
    },
    {
     "key": "type",
     "format": "object"
    },
    {
     "key": "defaultTemplateId",
     "format": "object"
    },
    {
     "key": "recommendedLayout",
     "format": "number"
    },
    {
     "key": "iconImage",
     "format": "file"
    },
    {
     "key": "oldAnytypeID"
    },
    {
     "key": "smartblockTypes",
     "format": "number"
    },
    {
     "key": "recommendedRelations",
     "format": "object"
    },
    {
     "key": "creator",
     "format": "object"
    },
    {
     "key": "lastOpenedDate",
     "format": "date"
    },
    {
     "key": "workspaceId",
     "format": "object"
    },
    {
     "key": "description"
    },
    {
     "key": "layoutAlign",
     "format": "number"
    },
    {
     "key": "coverId"
    },
    {
     "key": "coverScale",
     "format": "number"
    },
    {
     "key": "coverType",
     "format": "number"
    },
    {
     "key": "coverX",
     "format": "number"
    },
    {
     "key": "coverY",
     "format": "number"
    },
    {
     "key": "isFavorite",
     "format": "checkbox"
    },
    {
     "key": "links",
     "format": "object"
    },
    {
     "key": "internalFlags",
     "format": "number"
    },
    {
     "key": "restrictions",
     "format": "number"
    },
    {
     "key": "backlinks",
     "format": "object"
    }
   ]
  }
 }
}