{
 "sbType": "SubObject",
 "snapshot": {
  "data": {
   "blocks": [
    {
     "id": "rel-audioLyrics",
     "restrictions": {
      "edit": true,
      "remove": true,
      "drag": true,
      "dropOn": true
     },
     "childrenIds": [
      "header",
      "dataview"
     ]
    },
    {
     "id": "header",
     "restrictions": {
      "edit": true,
      "remove": true,
      "drag": true,
      "dropOn": true
     },
     "childrenIds": [
      "title",
      "description"
     ],
     "layout": {
      "style": "Header"
     }
    },
    {
     "id": "dataview",
     "dataview": {
      "source": [
       "rel-audioLyrics"
      ],
      "views": [
       {
        "id": "1",
        "name": "All",
        "sorts": [
         {
          "RelationKey": "audioLyrics"
         }
        ],
        "relations": [
         {
          "key": "name",
          "isVisible": true
         },
         {
          "key": "audioLyrics",
          "isVisible": true
         }
        ]
       }
      ]
     }
    },
    {
     "id": "title",
     "fields": {
       "_detailsKey": [
          "name",
          "done"
         ]
      },
     "restrictions": {
      "remove": true,
      "drag": true,
      "dropOn": true
     },
     "text": {
      "style": "Title",
      "marks": {

      }
     }
    },
    {
     "id": "description",
     "fields": {
       "_detailsKey": "description"
      },
     "restrictions": {
      "remove": true,
      "drag": true,
      "dropOn": true
     },
     "text": {
      "style": "Description",
      "marks": {

      }
     }
    }
   ],
   "details": {
     "backlinks": [
       ],
     "creator": "bafyreidqphj6gjlc3pjwgge6zu5ifila2sfaqomrpr7q7o6bnyiowghvii",
     "description": "The text lyrics of the music record",
     "featuredRelations": [
        "description",
        "type",
        "sourceObject"
       ],
     "id": "rel-audioLyrics",
     "isHidden": false,
     "isReadonly": false,
     "lastChangeId": "",
     "lastModifiedBy": "bafyreidqphj6gjlc3pjwgge6zu5ifila2sfaqomrpr7q7o6bnyiowghvii",
     "layout": 5,
     "links": [
       ],
     "name": "Lyrics",
     "relationDefaultValue": null,
     "relationFormat": 0,
     "relationFormatObjectTypes": [
       ],
     "relationKey": "audioLyrics",
     "relationMaxCount": 1,
     "relationReadonlyValue": false,
     "restrictions": [
        3,
        6,
        5,
        7
       ],
     "scope": 1,
     "snippet": "",
     "sourceObject": "_braudioLyrics",
     "type": "ot-relation",
     "workspaceId": "bafyreicz7egajpfdwi3p3rehtnpn3jdnuwbr3g6b4w7qukjlzdxujn7gqy"
    },
   "objectTypes": [
    "ot-relation"
   ],
   "relationLinks": [
    {
     "key": "id",
     "format": "object"
    },
    {
     "key": "snippet"
    },
    {
     "key": "relationFormat",
     "format": "number"
    },
    {
     "key": "description"
    },
    {
     "key": "type",
     "format": "object"
    },
    {
     "key": "layout",
     "format": "number"
    },
    {
     "key": "relationMaxCount",
     "format": "number"
    },
    {
     "key": "sourceObject",
     "format": "object"
    },
    {
     "key": "name",
     "format": "shorttext"
    },
    {
     "key": "relationDefaultValue"
    },
    {
     "key": "relationKey"
    },
    {
     "key": "relationFormatObjectTypes",
     "format": "object"
    },
    {
     "key": "isHidden",
     "format": "checkbox"
    },
    {
     "key": "scope"
    },
    {
     "key": "relationReadonlyValue",
     "format": "checkbox"
    },
    {
     "key": "creator",
     "format": "object"
    },
    {
     "key": "lastModifiedDate",
     "format": "date"
    },
    {
     "key": "lastOpenedDate",
     "format": "date"
    },
    {
     "key": "lastModifiedBy",
     "format": "object"
    },
    {
     "key": "featuredRelations",
     "format": "object"
    },
    {
     "key": "workspaceId",
     "format": "object"
    },
    {
     "key": "isReadonly",
     "format": "checkbox"
    },
    {
     "key": "lastChangeId"
    },
    {
     "key": "restrictions",
     "format": "number"
    },
    {
     "key": "backlinks",
     "format": "object"
    },
    {
     "key": "links",
     "format": "object"
    }
   ]
  }
 }
}