{
 "sbType": "SubObject",
 "snapshot": {
  "data": {
   "blocks": [
    {
     "id": "651ed3d61cac6305879e0c4a",
     "restrictions": {
      "edit": true,
      "remove": true,
      "drag": true,
      "dropOn": true
     },
     "childrenIds": [
      "header",
      "dataview"
     ]
    },
    {
     "id": "header",
     "restrictions": {
      "edit": true,
      "remove": true,
      "drag": true,
      "dropOn": true
     },
     "childrenIds": [
      "title"
     ],
     "layout": {
      "style": "Header"
     }
    },
    {
     "id": "dataview",
     "restrictions": {
      "edit": true,
      "remove": true,
      "drag": true,
      "dropOn": true
     },
     "dataview": {
      "source": [
       "tag"
      ],
      "views": [
       {
        "id": "1",
        "name": "All",
        "sorts": [
         {
          "RelationKey": "name"
         }
        ],
        "filters": [
         {
          "RelationKey": "tag",
          "condition": "In",
          "value": "651ed3d61cac6305879e0c4a"
         }
        ]
       }
      ]
     }
    },
    {
     "id": "title",
     "fields": {
       "_detailsKey": [
          "name",
          "done"
         ]
      },
     "restrictions": {
      "edit": true,
      "remove": true,
      "drag": true,
      "dropOn": true
     },
     "text": {
      "style": "Title",
      "marks": {

      }
     }
    }
   ],
   "details": {
     "backlinks": [
       ],
     "createdDate": 1696519126,
     "creator": "bafyreidqphj6gjlc3pjwgge6zu5ifila2sfaqomrpr7q7o6bnyiowghvii",
     "featuredRelations": [
        "description",
        "type",
        "sourceObject"
       ],
     "id": "651ed3d61cac6305879e0c4a",
     "lastChangeId": "",
     "lastModifiedBy": "bafyreidqphj6gjlc3pjwgge6zu5ifila2sfaqomrpr7q7o6bnyiowghvii",
     "layout": 13,
     "links": [
       ],
     "name": "today",
     "relationKey": "tag",
     "relationOptionColor": "red",
     "restrictions": [
        3,
        6,
        5,
        7
       ],
     "snippet": "",
     "type": "ot-relationOption",
     "workspaceId": "bafyreicz7egajpfdwi3p3rehtnpn3jdnuwbr3g6b4w7qukjlzdxujn7gqy"
    },
   "objectTypes": [
    "ot-relationOption"
   ],
   "relationLinks": [
    {
     "key": "id",
     "format": "object"
    },
    {
     "key": "snippet"
    },
    {
     "key": "type",
     "format": "object"
    },
    {
     "key": "layout",
     "format": "number"
    },
    {
     "key": "createdDate",
     "format": "date"
    },
    {
     "key": "name",
     "format": "shorttext"
    },
    {
     "key": "relationKey"
    },
    {
     "key": "relationOptionColor"
    },
    {
     "key": "creator",
     "format": "object"
    },
    {
     "key": "lastModifiedDate",
     "format": "date"
    },
    {
     "key": "lastOpenedDate",
     "format": "date"
    },
    {
     "key": "lastModifiedBy",
     "format": "object"
    },
    {
     "key": "featuredRelations",
     "format": "object"
    },
    {
     "key": "workspaceId",
     "format": "object"
    },
    {
     "key": "backlinks",
     "format": "object"
    }
   ]
  }
 }
}