{
 "sbType": "Page",
 "snapshot": {
  "data": {
   "blocks": [
    {
     "id": "bafyreiargvgh5wj7sbowbzog7wgz4oxfte77r3w35j5vm3zfjwvi34k5pm",
     "restrictions": {

     },
     "childrenIds": [
      "header",
      "dataview"
     ],
     "smartblock": {

     }
    },
    {
     "id": "header",
     "restrictions": {
      "edit": true,
      "remove": true,
      "drag": true,
      "dropOn": true
     },
     "childrenIds": [
      "title",
      "description",
      "featuredRelations"
     ],
     "layout": {
      "style": "Header"
     }
    },
    {
     "id": "dataview",
     "restrictions": {

     },
     "dataview": {
      "views": [
       {
        "id": "651ed31d1cac6305879e0c38",
        "type": "List",
        "name": "All",
        "sorts": [
         {
          "id": "651ed31d1cac6305879e0c39",
          "RelationKey": "lastModifiedDate",
          "type": "Desc"
         }
        ],
        "filters": [
         {
          "id": "651ed3331cac6305879e0c3a",
          "RelationKey": "tag",
          "condition": "In",
          "value": [
             "651ed33d1cac6305879e0c3b"
            ]
         }
        ],
        "relations": [
         {
          "key": "name",
          "isVisible": true
         },
         {
          "key": "tag"
         },
         {
          "key": "description"
         },
         {
          "key": "type"
         },
         {
          "key": "createdDate"
         },
         {
          "key": "lastModifiedDate"
         },
         {
          "key": "lastModifiedBy"
         },
         {
          "key": "lastOpenedDate"
         }
        ],
        "defaultTemplateId": "blank"
       }
      ],
      "relationLinks": [
       {
        "key": "name",
        "format": "shorttext"
       },
       {
        "key": "tag",
        "format": "tag"
       },
       {
        "key": "description"
       },
       {
        "key": "type",
        "format": "object"
       },
       {
        "key": "createdDate",
        "format": "date"
       },
       {
        "key": "lastModifiedDate",
        "format": "date"
       },
       {
        "key": "lastModifiedBy",
        "format": "object"
       },
       {
        "key": "lastOpenedDate",
        "format": "date"
       }
      ]
     }
    },
    {
     "id": "title",
     "fields": {
       "_detailsKey": [
          "name",
          "done"
         ]
      },
     "restrictions": {
      "remove": true,
      "drag": true,
      "dropOn": true
     },
     "text": {
      "style": "Title",
      "marks": {

      }
     }
    },
    {
     "id": "description",
     "fields": {
       "_detailsKey": "description"
      },
     "restrictions": {
      "remove": true,
      "drag": true,
      "dropOn": true
     },
     "text": {
      "style": "Description",
      "marks": {

      }
     }
    },
    {
     "id": "featuredRelations",
     "restrictions": {
      "remove": true,
      "drag": true,
      "dropOn": true
     },
     "featuredRelations": {

     }
    }
   ],
   "details": {
     "backlinks": [
        "bafyreiglr2wa3xqaq4uehmkgajnohybkyxtzeuqnjtkmaxjfv7dddxf4j4"
       ],
     "createdDate": 1696518939,
     "creator": "bafyreidqphj6gjlc3pjwgge6zu5ifila2sfaqomrpr7q7o6bnyiowghvii",
     "description": "",
     "featuredRelations": [
        "type",
        "description",
        "setOf"
       ],
     "iconEmoji": "🗃️",
     "iconImage": "",
     "id": "bafyreiargvgh5wj7sbowbzog7wgz4oxfte77r3w35j5vm3zfjwvi34k5pm",
     "lastModifiedBy": "bafyreidqphj6gjlc3pjwgge6zu5ifila2sfaqomrpr7q7o6bnyiowghvii",
     "lastModifiedDate": 1696519160,
     "lastOpenedDate": 1696519152,
     "layout": 3,
     "links": [
       ],
     "name": "Archive",
     "restrictions": [
        3,
        6,
        5,
        7
       ],
     "setOf": [
        "rel-lastModifiedDate"
       ],
     "snippet": "",
     "type": "ot-set",
     "workspaceId": "bafyreicz7egajpfdwi3p3rehtnpn3jdnuwbr3g6b4w7qukjlzdxujn7gqy"
    },
   "objectTypes": [
    "ot-set"
   ],
   "relationLinks": [
    {
     "key": "workspaceId",
     "format": "object"
    },
    {
     "key": "createdDate",
     "format": "date"
    },
    {
     "key": "creator",
     "format": "object"
    },
    {
     "key": "type",
     "format": "object"
    },
    {
     "key": "id",
     "format": "object"
    },
    {
     "key": "snippet"
    },
    {
     "key": "internalFlags",
     "format": "number"
    },
    {
     "key": "backlinks",
     "format": "object"
    },
    {
     "key": "layout",
     "format": "number"
    },
    {
     "key": "name",
     "format": "shorttext"
    },
    {
     "key": "description"
    },
    {
     "key": "iconEmoji",
     "format": "emoji"
    },
    {
     "key": "iconImage",
     "format": "file"
    },
    {
     "key": "layoutAlign",
     "format": "number"
    },
    {
     "key": "coverId"
    },
    {
     "key": "coverScale",
     "format": "number"
    },
    {
     "key": "coverType",
     "format": "number"
    },
    {
     "key": "coverX",
     "format": "number"
    },
    {
     "key": "coverY",
     "format": "number"
    },
    {
     "key": "lastModifiedDate",
     "format": "date"
    },
    {
     "key": "lastModifiedBy",
     "format": "object"
    },
    {
     "key": "lastOpenedDate",
     "format": "date"
    },
    {
     "key": "featuredRelations",
     "format": "object"
    },
    {
     "key": "isFavorite",
     "format": "checkbox"
    },
    {
     "key": "links",
     "format": "object"
    },
    {
     "key": "restrictions",
     "format": "number"
    },
    {
     "key": "setOf",
     "format": "object"
    }
   ]
  }
 }
}