{
 "sbType": "Widget",
 "snapshot": {
  "data": {
   "blocks": [
    {
     "id": "bafyreiglr2wa3xqaq4uehmkgajnohybkyxtzeuqnjtkmaxjfv7dddxf4j4",
     "restrictions": {

     },
     "childrenIds": [
      "651ed2e51cac6305879e0c16",
      "651ed3571cac6305879e0c3d",
      "651ed35d1cac6305879e0c3f",
      "651ed3611cac6305879e0c41",
      "651ed36a1cac6305879e0c43",
      "651ed39c1cac6305879e0c47"
     ],
     "smartblock": {

     }
    },
    {
     "id": "651ed2e51cac6305879e0c16",
     "childrenIds": [
      "651ed2e51cac6305879e0c15"
     ],
     "widget": {

     }
    },
    {
     "id": "651ed3571cac6305879e0c3d",
     "childrenIds": [
      "651ed3571cac6305879e0c3c"
     ],
     "widget": {
      "layout": "CompactList",
      "limit": 6
     }
    },
    {
     "id": "651ed35d1cac6305879e0c3f",
     "childrenIds": [
      "651ed35d1cac6305879e0c3e"
     ],
     "widget": {
      "limit": 6
     }
    },
    {
     "id": "651ed3611cac6305879e0c41",
     "childrenIds": [
      "651ed3611cac6305879e0c40"
     ],
     "widget": {
      "limit": 6
     }
    },
    {
     "id": "651ed36a1cac6305879e0c43",
     "childrenIds": [
      "651ed36a1cac6305879e0c42"
     ],
     "widget": {
      "limit": 6
     }
    },
    {
     "id": "651ed39c1cac6305879e0c47",
     "childrenIds": [
      "651ed39c1cac6305879e0c46"
     ],
     "widget": {
      "layout": "CompactList",
      "limit": 6
     }
    },
    {
     "id": "651ed2e51cac6305879e0c15",
     "link": {
      "targetBlockId": "bafyreiacknfqbdbpmfth4fcjxafhvr7fve4w4nwlvps6bh7chyb3bjvmaa",
      "cardStyle": "Inline"
     }
    },
    {
     "id": "651ed3571cac6305879e0c3c",
     "link": {
      "targetBlockId": "bafyreih6aqfzrjdzsdoj7xvys3qsid2lqzwvq7o6zv4pyqunm3ewyeiviu"
     }
    },
    {
     "id": "651ed35d1cac6305879e0c3e",
     "link": {
      "targetBlockId": "bafyreid2vqsxvgtbr4uqxe4qv77jqgd4mn4ekpriyii6adfdxsf354budm"
     }
    },
    {
     "id": "651ed3611cac6305879e0c40",
     "link": {
      "targetBlockId": "bafyreicyuepqidqego6gxc7vmyy4vu7sk7muyuky56oq7ugnbcc3bvimem"
     }
    },
    {
     "id": "651ed36a1cac6305879e0c42",
     "link": {
      "targetBlockId": "bafyreiargvgh5wj7sbowbzog7wgz4oxfte77r3w35j5vm3zfjwvi34k5pm"
     }
    },
    {
     "id": "651ed39c1cac6305879e0c46",
     "link": {
      "targetBlockId": "bafyreifohg6mrt3h22z4arozx2pkwtjk5xhv5wcga3opzfy23jt2mysjpi"
     }
    }
   ],
   "details": {
     "backlinks": [
       ],
     "creator": "bafyreidqphj6gjlc3pjwgge6zu5ifila2sfaqomrpr7q7o6bnyiowghvii",
     "id": "bafyreiglr2wa3xqaq4uehmkgajnohybkyxtzeuqnjtkmaxjfv7dddxf4j4",
     "isHidden": true,
     "lastModifiedBy": "bafyreidqphj6gjlc3pjwgge6zu5ifila2sfaqomrpr7q7o6bnyiowghvii",
     "lastModifiedDate": 1696519068,
     "lastOpenedDate": 1696518883,
     "layout": 7,
     "links": [
        "bafyreiacknfqbdbpmfth4fcjxafhvr7fve4w4nwlvps6bh7chyb3bjvmaa",
        "bafyreih6aqfzrjdzsdoj7xvys3qsid2lqzwvq7o6zv4pyqunm3ewyeiviu",
        "bafyreid2vqsxvgtbr4uqxe4qv77jqgd4mn4ekpriyii6adfdxsf354budm",
        "bafyreicyuepqidqego6gxc7vmyy4vu7sk7muyuky56oq7ugnbcc3bvimem",
        "bafyreiargvgh5wj7sbowbzog7wgz4oxfte77r3w35j5vm3zfjwvi34k5pm",
        "bafyreifohg6mrt3h22z4arozx2pkwtjk5xhv5wcga3opzfy23jt2mysjpi"
       ],
     "restrictions": [
        2,
        4,
        1,
        6,
        5,
        7,
        8
       ],
     "snippet": "",
     "type": "ot-dashboard",
     "workspaceId": "bafyreicz7egajpfdwi3p3rehtnpn3jdnuwbr3g6b4w7qukjlzdxujn7gqy"
    },
   "objectTypes": [
    "ot-dashboard"
   ],
   "relationLinks": [
    {
     "key": "id",
     "format": "object"
    },
    {
     "key": "snippet"
    },
    {
     "key": "workspaceId",
     "format": "object"
    },
    {
     "key": "backlinks",
     "format": "object"
    },
    {
     "key": "creator",
     "format": "object"
    },
    {
     "key": "type",
     "format": "object"
    },
    {
     "key": "layout",
     "format": "number"
    },
    {
     "key": "isHidden",
     "format": "checkbox"
    },
    {
     "key": "lastModifiedBy",
     "format": "object"
    },
    {
     "key": "lastModifiedDate",
     "format": "date"
    }
   ]
  }
 }
}