{
 "sbType": "Page",
 "snapshot": {
  "data": {
   "blocks": [
    {
     "id": "bafyreiblivajhe6mthbo4niqiqwbmbizge36iok77ankvwenfiq5uec5ba",
     "fields": {
       "analyticsContext": "skip",
       "analyticsOriginalId": "bafyreieuimepkybebdoxlqs3ykvba7xyof3ed7i2yxqcr575hbpojjegkm"
      },
     "restrictions": {
      "edit": true,
      "remove": true,
      "drag": true,
      "dropOn": true
     },
     "childrenIds": [
      "header",
      "dataview"
     ],
     "smartblock": {

     }
    },
    {
     "id": "header",
     "restrictions": {
      "edit": true,
      "remove": true,
      "drag": true,
      "dropOn": true
     },
     "childrenIds": [
      "title",
      "description",
      "featuredRelations"
     ],
     "layout": {
      "style": "Header"
     }
    },
    {
     "id": "dataview",
     "dataview": {
      "source": [
       "status"
      ],
      "views": [
       {
        "id": "1",
        "name": "All",
        "sorts": [
         {
          "RelationKey": "name"
         }
        ],
        "filters": [
         {
          "RelationKey": "status",
          "condition": "In",
          "value": "63454ad0c493f68e301890db"
         }
        ]
       }
      ]
     }
    },
    {
     "id": "title",
     "fields": {
       "_detailsKey": [
          "name",
          "done"
         ]
      },
     "restrictions": {
      "remove": true,
      "drag": true,
      "dropOn": true
     },
     "text": {
      "style": "Title",
      "marks": {

      }
     }
    },
    {
     "id": "description",
     "fields": {
       "_detailsKey": "description"
      },
     "restrictions": {
      "remove": true,
      "drag": true,
      "dropOn": true
     },
     "text": {
      "style": "Description",
      "marks": {

      }
     }
    },
    {
     "id": "featuredRelations",
     "restrictions": {
      "remove": true,
      "drag": true,
      "dropOn": true
     },
     "featuredRelations": {

     }
    }
   ],
   "details": {
     "backlinks": [
       ],
     "createdDate": 1695975602,
     "creator": "bafyreidnsorc4pykoqr7gncfik3yk2i6tylxpxrdrmnojnbk6hqwiha2di",
     "description": "",
     "featuredRelations": [
        "description",
        "type"
       ],
     "id": "bafyreiblivajhe6mthbo4niqiqwbmbizge36iok77ankvwenfiq5uec5ba",
     "lastModifiedBy": "bafyreidnsorc4pykoqr7gncfik3yk2i6tylxpxrdrmnojnbk6hqwiha2di",
     "lastModifiedDate": 1695975602,
     "layout": 13,
     "links": [
       ],
     "name": "To Do",
     "oldAnytypeID": "bafyreic6kmmwlb65e675zuec3faoalmjtgxxzakv4bruzkl5y73jyrkzsy",
     "relationKey": "status",
     "relationOptionColor": "ice",
     "restrictions": [
        3,
        6,
        5,
        7
       ],
     "snippet": "",
     "sourceFilePath": "pb:/Users/charlotte/Library/Application Support/anytype/alpha/data/tmp/tmp.20230929.102002.08.zip/bafyreic6kmmwlb65e675zuec3faoalmjtgxxzakv4bruzkl5y73jyrkzsy.pb",
     "type": "ot-relationOption",
     "workspaceId": "bafyreictldkkhjkqj5gp3nm2qd2whqd5wc3kanpfnyo7sepwimwz5avluq"
    },
   "objectTypes": [
    "ot-relationOption"
   ],
   "relationLinks": [
    {
     "key": "id",
     "format": "object"
    },
    {
     "key": "snippet"
    },
    {
     "key": "layout",
     "format": "number"
    },
    {
     "key": "type",
     "format": "object"
    },
    {
     "key": "featuredRelations",
     "format": "object"
    },
    {
     "key": "relationKey",
     "format": "shorttext"
    },
    {
     "key": "relationOptionColor",
     "format": "shorttext"
    },
    {
     "key": "createdDate",
     "format": "date"
    },
    {
     "key": "lastModifiedBy",
     "format": "object"
    },
    {
     "key": "name",
     "format": "shorttext"
    },
    {
     "key": "creator",
     "format": "object"
    },
    {
     "key": "lastModifiedDate",
     "format": "date"
    },
    {
     "key": "lastOpenedDate",
     "format": "date"
    },
    {
     "key": "workspaceId",
     "format": "object"
    },
    {
     "key": "isReadonly",
     "format": "checkbox"
    },
    {
     "key": "links",
     "format": "object"
    },
    {
     "key": "restrictions",
     "format": "number"
    },
    {
     "key": "sourceFilePath"
    },
    {
     "key": "oldAnytypeID"
    },
    {
     "key": "description"
    },
    {
     "key": "iconEmoji",
     "format": "emoji"
    },
    {
     "key": "iconImage",
     "format": "file"
    },
    {
     "key": "layoutAlign",
     "format": "number"
    },
    {
     "key": "coverId",
     "format": "shorttext"
    },
    {
     "key": "coverScale",
     "format": "number"
    },
    {
     "key": "coverType",
     "format": "number"
    },
    {
     "key": "coverX",
     "format": "number"
    },
    {
     "key": "coverY",
     "format": "number"
    },
    {
     "key": "isFavorite",
     "format": "checkbox"
    },
    {
     "key": "internalFlags",
     "format": "number"
    },
    {
     "key": "backlinks",
     "format": "object"
    }
   ]
  }
 }
}