{
 "sbType": "Page",
 "snapshot": {
  "data": {
   "blocks": [
    {
     "id": "bafyreibzfv5ioyowz274wnhhjehnmr4avglrmet2qckf2nyxbcf2s7o244",
     "fields": {
       "analyticsOriginalId": ""
      },
     "restrictions": {

     },
     "childrenIds": [
      "header",
      "r-3990cbe104c930008478158eb7fa6f92"
     ],
     "smartblock": {

     }
    },
    {
     "id": "header",
     "restrictions": {
      "edit": true,
      "remove": true,
      "drag": true,
      "dropOn": true
     },
     "childrenIds": [
      "title",
      "featuredRelations"
     ],
     "layout": {
      "style": "Header"
     }
    },
    {
     "id": "r-3990cbe104c930008478158eb7fa6f92",
     "restrictions": {

     },
     "childrenIds": [
      "ct-3990cbe104c930008478158eb7fa6f92",
      "cd-3990cbe104c930008478158eb7fa6f92"
     ],
     "layout": {

     }
    },
    {
     "id": "title",
     "fields": {
       "_detailsKey": [
          "name",
          "done"
         ]
      },
     "restrictions": {
      "remove": true,
      "drag": true,
      "dropOn": true
     },
     "text": {
      "style": "Title",
      "marks": {

      }
     }
    },
    {
     "id": "featuredRelations",
     "restrictions": {
      "remove": true,
      "drag": true,
      "dropOn": true
     },
     "featuredRelations": {

     }
    },
    {
     "id": "ct-3990cbe104c930008478158eb7fa6f92",
     "fields": {
       "width": 0.4119318181818182
      },
     "childrenIds": [
      "60f5be8c6cabea22ef364d7d"
     ],
     "layout": {
      "style": "Column"
     }
    },
    {
     "id": "cd-3990cbe104c930008478158eb7fa6f92",
     "fields": {
       "width": 0.5880681818181819
      },
     "restrictions": {

     },
     "childrenIds": [
      "60f5be4c6cabea22ef364d74",
      "60f5be4c6cabea22ef364d75",
      "60f5be5a6cabea22ef364d7b",
      "60f0a977d5877d31cde9f91f",
      "60f0a982d5877d31cde9f923",
      "60f0a9d8d5877d31cde9f933",
      "60f0a999d5877d31cde9f929",
      "60f0a99fd5877d31cde9f92b",
      "60f0a9aad5877d31cde9f92d",
      "60f0a9e3d5877d31cde9f936",
      "60f0a9afd5877d31cde9f92f",
      "60f0a9d9d5877d31cde9f934"
     ],
     "layout": {
      "style": "Column"
     }
    },
    {
     "id": "60f5be8c6cabea22ef364d7d",
     "restrictions": {

     },
     "file": {
      "hash": "bafybeifvs2k3hodpyyx3d67fsysiozrqklvpu7fedota3hhbgvees3ydyq",
      "name": "Space Odyssey Cover.png",
      "type": "Image",
      "mime": "image/png",
      "size": "168164",
      "state": "Done",
      "style": "Embed"
     }
    },
    {
     "id": "60f5be4c6cabea22ef364d74",
     "fields": {
      },
     "text": {
      "text": "About",
      "style": "Header2",
      "marks": {

      }
     }
    },
    {
     "id": "60f5be4c6cabea22ef364d75",
     "restrictions": {

     },
     "text": {
      "text": "After discovering a monolith on the lunar surface, the Discovery One and its revolutionary supercomputer set out to unravel its mysterious origin.",
      "marks": {

      }
     }
    },
    {
     "id": "60f5be5a6cabea22ef364d7b",
     "div": {

     }
    },
    {
     "id": "60f0a977d5877d31cde9f91f",
     "relation": {
      "key": "director"
     }
    },
    {
     "id": "60f0a982d5877d31cde9f923",
     "relation": {
      "key": "genre"
     }
    },
    {
     "id": "60f0a9d8d5877d31cde9f933",
     "div": {

     }
    },
    {
     "id": "60f0a999d5877d31cde9f929",
     "relation": {
      "key": "rating"
     }
    },
    {
     "id": "60f0a99fd5877d31cde9f92b",
     "relation": {
      "key": "imdbRating"
     }
    },
    {
     "id": "60f0a9aad5877d31cde9f92d",
     "relation": {
      "key": "rottenTomatoesRating"
     }
    },
    {
     "id": "60f0a9e3d5877d31cde9f936",
     "div": {

     }
    },
    {
     "id": "60f0a9afd5877d31cde9f92f",
     "relation": {
      "key": "status"
     }
    },
    {
     "id": "60f0a9d9d5877d31cde9f934",
     "text": {
      "marks": {

      }
     }
    }
   ],
   "details": {
     "65168b3c1cac630478df238b": [
        "bafyreih4ek47po7uxplkqvzreiuwpdr4wrytpmglns5lgrtbf2az6lkw3u"
       ],
     "backlinks": [
       ],
     "coverId": "bafybeibhpxzkwhueebnmtugk43r4jzkehfvlngbpjkectxu6j3od553h6e",
     "coverScale": 0,
     "coverType": 1,
     "coverX": 0,
     "coverY": -0.25,
     "createdDate": 1695975774,
     "creator": "bafyreidnsorc4pykoqr7gncfik3yk2i6tylxpxrdrmnojnbk6hqwiha2di",
     "description": "",
     "director": [
        "bafyreiew4ejpqxs46ee2dts643uzabw3peq3bt4nr37fllhomtixomvazy"
       ],
     "featuredRelations": [
        "type",
        "status",
        "genre"
       ],
     "genre": [
        "65168a801cac630478df238a"
       ],
     "id": "bafyreibzfv5ioyowz274wnhhjehnmr4avglrmet2qckf2nyxbcf2s7o244",
     "imdbRating": 8.3,
     "internalFlags": [
       ],
     "lastModifiedBy": "bafyreidnsorc4pykoqr7gncfik3yk2i6tylxpxrdrmnojnbk6hqwiha2di",
     "lastModifiedDate": 1695976260,
     "lastOpenedDate": 1695976228,
     "layout": 0,
     "links": [
        "bafyreiew4ejpqxs46ee2dts643uzabw3peq3bt4nr37fllhomtixomvazy",
        "bafyreih4ek47po7uxplkqvzreiuwpdr4wrytpmglns5lgrtbf2az6lkw3u"
       ],
     "name": "2001: A Space Odyssey",
     "rating": "⭐⭐⭐⭐⭐",
     "restrictions": [
       ],
     "rottenTomatoesRating": 92,
     "snippet": "About\nAfter discovering a monolith on the lunar surface, the Discovery One and its revolutionary supercomputer set out to unravel its mysterious origin.",
     "sourceObject": "bafykaau5yxin3iy2ljoc2c7esrlbzjcit5dpnbkuo7jigzekccszyiuxim",
     "status": [
        "bafyreihoj7rcxre3p4542ettgeifgshpbv3zc2vkkjefrjuy7h5fswblxe"
       ],
     "tag": [
       ],
     "type": "ot-movie",
     "workspaceId": "bafyreictldkkhjkqj5gp3nm2qd2whqd5wc3kanpfnyo7sepwimwz5avluq"
    },
   "objectTypes": [
    "ot-movie"
   ],
   "relationLinks": [
    {
     "key": "createdDate",
     "format": "date"
    },
    {
     "key": "creator",
     "format": "object"
    },
    {
     "key": "type",
     "format": "object"
    },
    {
     "key": "layout",
     "format": "number"
    },
    {
     "key": "targetObjectType",
     "format": "object"
    },
    {
     "key": "id",
     "format": "object"
    },
    {
     "key": "name",
     "format": "shorttext"
    },
    {
     "key": "description"
    },
    {
     "key": "iconEmoji",
     "format": "emoji"
    },
    {
     "key": "iconImage",
     "format": "file"
    },
    {
     "key": "layoutAlign",
     "format": "number"
    },
    {
     "key": "coverId",
     "format": "shorttext"
    },
    {
     "key": "coverScale",
     "format": "number"
    },
    {
     "key": "coverType",
     "format": "number"
    },
    {
     "key": "coverX",
     "format": "number"
    },
    {
     "key": "coverY",
     "format": "number"
    },
    {
     "key": "lastModifiedDate",
     "format": "date"
    },
    {
     "key": "lastModifiedBy",
     "format": "object"
    },
    {
     "key": "lastOpenedDate",
     "format": "date"
    },
    {
     "key": "featuredRelations",
     "format": "object"
    },
    {
     "key": "isHidden",
     "format": "checkbox"
    },
    {
     "key": "isArchived",
     "format": "checkbox"
    },
    {
     "key": "snippet"
    },
    {
     "key": "director",
     "format": "object"
    },
    {
     "key": "stars",
     "format": "object"
    },
    {
     "key": "genre",
     "format": "tag"
    },
    {
     "key": "trailer",
     "format": "file"
    },
    {
     "key": "rating"
    },
    {
     "key": "imdbRating",
     "format": "number"
    },
    {
     "key": "rottenTomatoesRating",
     "format": "number"
    },
    {
     "key": "status",
     "format": "status"
    },
    {
     "key": "backlinks",
     "format": "object"
    },
    {
     "key": "sourceObject",
     "format": "object"
    },
    {
     "key": "workspaceId",
     "format": "object"
    },
    {
     "key": "isFavorite",
     "format": "checkbox"
    },
    {
     "key": "links",
     "format": "object"
    },
    {
     "key": "internalFlags",
     "format": "number"
    },
    {
     "key": "restrictions",
     "format": "number"
    },
    {
     "key": "65168b3c1cac630478df238b",
     "format": "object"
    },
    {
     "key": "tag",
     "format": "tag"
    }
   ]
  },
  "fileKeys": [
   {
    "hash": "bafybeibhpxzkwhueebnmtugk43r4jzkehfvlngbpjkectxu6j3od553h6e",
    "keys": {
     "/0/exif/": "bkeatv7dem2tdpguaukevmjs2vebb32hz7hgs2igyr5fg3z5xrd4q",
     "/0/large/": "b5v2ibn4cd56gizqasim225lb42vkvzz3oyvhvmidwx3qpcvy3dbq",
     "/0/original/": "bkjtjakvkd64nvwn7mzz2jb2bxjk6vr6kzquuqct5v4mtkmn6virq",
     "/0/small/": "bycr2ptsjdichyfnf3jmgij6i7v5l3fgc5wnns6p5gelctimn3rcq",
     "/0/thumb/": "bdpcsld5tyaqbkhbn3g46v3dxzhvt2v3hczw6usnmlwa2zhgxus5a"
    }
   },
   {
    "hash": "bafybeifvs2k3hodpyyx3d67fsysiozrqklvpu7fedota3hhbgvees3ydyq",
    "keys": {
     "/0/exif/": "bv7hgpreu6lifdc24zehnd7zadvrpdojqmg6yxcxzyeop7qprwzkq",
     "/0/large/": "b4fykuxoxx34mhyqjuhel2deafzds2qtjujbvuz5rmhrffm6xpbpq",
     "/0/original/": "b4fykuxoxx34mhyqjuhel2deafzds2qtjujbvuz5rmhrffm6xpbpq",
     "/0/small/": "b4fykuxoxx34mhyqjuhel2deafzds2qtjujbvuz5rmhrffm6xpbpq",
     "/0/thumb/": "bipbnurjexsrly3b4pbebpvx4gduenj5oegwesk2nhagzpauwvm3a"
    }
   }
  ]
 }
}