{
 "sbType": "Page",
 "snapshot": {
  "data": {
   "blocks": [
    {
     "id": "bafyreih4ek47po7uxplkqvzreiuwpdr4wrytpmglns5lgrtbf2az6lkw3u",
     "restrictions": {

     },
     "childrenIds": [
      "header",
      "dataview"
     ],
     "smartblock": {

     }
    },
    {
     "id": "header",
     "restrictions": {
      "edit": true,
      "remove": true,
      "drag": true,
      "dropOn": true
     },
     "childrenIds": [
      "title",
      "description",
      "featuredRelations"
     ],
     "layout": {
      "style": "Header"
     }
    },
    {
     "id": "dataview",
     "restrictions": {

     },
     "dataview": {
      "views": [
       {
        "id": "651689461cac630478df2382",
        "type": "Gallery",
        "name": "All",
        "sorts": [
         {
          "id": "651689461cac630478df2383",
          "RelationKey": "lastModifiedDate",
          "type": "Desc"
         }
        ],
        "relations": [
         {
          "key": "name",
          "isVisible": true
         },
         {
          "key": "tag",
          "width": 192
         },
         {
          "key": "description"
         },
         {
          "key": "type"
         },
         {
          "key": "createdDate"
         },
         {
          "key": "lastModifiedDate"
         },
         {
          "key": "lastModifiedBy"
         },
         {
          "key": "lastOpenedDate"
         },
         {
          "key": "genre",
          "isVisible": true,
          "width": 192
         }
        ],
        "coverRelationKey": "pageCover"
       }
      ],
      "relationLinks": [
       {
        "key": "name",
        "format": "shorttext"
       },
       {
        "key": "tag",
        "format": "tag"
       },
       {
        "key": "description"
       },
       {
        "key": "type",
        "format": "object"
       },
       {
        "key": "createdDate",
        "format": "date"
       },
       {
        "key": "lastModifiedDate",
        "format": "date"
       },
       {
        "key": "lastModifiedBy",
        "format": "object"
       },
       {
        "key": "lastOpenedDate",
        "format": "date"
       },
       {
        "key": "genre",
        "format": "tag"
       }
      ]
     }
    },
    {
     "id": "title",
     "fields": {
       "_detailsKey": [
          "name",
          "done"
         ]
      },
     "restrictions": {
      "remove": true,
      "drag": true,
      "dropOn": true
     },
     "text": {
      "style": "Title",
      "marks": {

      }
     }
    },
    {
     "id": "description",
     "fields": {
       "_detailsKey": "description"
      },
     "restrictions": {
      "remove": true,
      "drag": true,
      "dropOn": true
     },
     "text": {
      "style": "Description",
      "marks": {

      }
     }
    },
    {
     "id": "featuredRelations",
     "restrictions": {
      "remove": true,
      "drag": true,
      "dropOn": true
     },
     "featuredRelations": {

     }
    }
   ],
   "details": {
     "backlinks": [
        "bafyreibzfv5ioyowz274wnhhjehnmr4avglrmet2qckf2nyxbcf2s7o244",
        "bafyreihzam57ibpt2zyhla2yirvj4rxhdauyt4sykdilaujl7uv5bcjq6u"
       ],
     "createdDate": 1695975748,
     "creator": "bafyreidnsorc4pykoqr7gncfik3yk2i6tylxpxrdrmnojnbk6hqwiha2di",
     "description": "My ultimate personal film guide for recommendations, watch lists \u0026 Oscar predictions",
     "featuredRelations": [
        "type",
        "description",
        "setOf"
       ],
     "iconEmoji": "🍿",
     "iconImage": "",
     "id": "bafyreih4ek47po7uxplkqvzreiuwpdr4wrytpmglns5lgrtbf2az6lkw3u",
     "lastModifiedBy": "bafyreidnsorc4pykoqr7gncfik3yk2i6tylxpxrdrmnojnbk6hqwiha2di",
     "lastModifiedDate": 1695976197,
     "lastOpenedDate": 1695976290,
     "layout": 3,
     "links": [
       ],
     "name": "Movie Database",
     "restrictions": [
        3,
        6,
        5,
        7
       ],
     "setOf": [
        "ot-movie"
       ],
     "snippet": "",
     "type": "ot-set",
     "workspaceId": "bafyreictldkkhjkqj5gp3nm2qd2whqd5wc3kanpfnyo7sepwimwz5avluq"
    },
   "objectTypes": [
    "ot-set"
   ],
   "relationLinks": [
    {
     "key": "workspaceId",
     "format": "object"
    },
    {
     "key": "createdDate",
     "format": "date"
    },
    {
     "key": "creator",
     "format": "object"
    },
    {
     "key": "type",
     "format": "object"
    },
    {
     "key": "id",
     "format": "object"
    },
    {
     "key": "snippet"
    },
    {
     "key": "internalFlags",
     "format": "number"
    },
    {
     "key": "backlinks",
     "format": "object"
    },
    {
     "key": "layout",
     "format": "number"
    },
    {
     "key": "name",
     "format": "shorttext"
    },
    {
     "key": "description"
    },
    {
     "key": "iconEmoji",
     "format": "emoji"
    },
    {
     "key": "iconImage",
     "format": "file"
    },
    {
     "key": "layoutAlign",
     "format": "number"
    },
    {
     "key": "coverId"
    },
    {
     "key": "coverScale",
     "format": "number"
    },
    {
     "key": "coverType",
     "format": "number"
    },
    {
     "key": "coverX",
     "format": "number"
    },
    {
     "key": "coverY",
     "format": "number"
    },
    {
     "key": "lastModifiedDate",
     "format": "date"
    },
    {
     "key": "lastModifiedBy",
     "format": "object"
    },
    {
     "key": "lastOpenedDate",
     "format": "date"
    },
    {
     "key": "featuredRelations",
     "format": "object"
    },
    {
     "key": "isFavorite",
     "format": "checkbox"
    },
    {
     "key": "links",
     "format": "object"
    },
    {
     "key": "restrictions",
     "format": "number"
    },
    {
     "key": "setOf",
     "format": "object"
    }
   ]
  }
 }
}