{
 "sbType": "Page",
 "snapshot": {
  "data": {
   "blocks": [
    {
     "id": "bafyreibxrf3iuybyej37mtad2ejhm2qruzer3advebyhl5ffj3npc4ob3i",
     "fields": {
       "analyticsContext": "skip",
       "analyticsOriginalId": "bafyecg4gkleug3ixc3j5zc5enn5zmlz7u6u334sn5glf4kxvxlknz33s"
      },
     "restrictions": {
      "edit": true,
      "remove": true,
      "drag": true,
      "dropOn": true
     },
     "childrenIds": [
      "header",
      "dataview"
     ],
     "smartblock": {

     }
    },
    {
     "id": "header",
     "restrictions": {
      "edit": true,
      "remove": true,
      "drag": true,
      "dropOn": true
     },
     "childrenIds": [
      "title",
      "description",
      "featuredRelations"
     ],
     "layout": {
      "style": "Header"
     }
    },
    {
     "id": "dataview",
     "restrictions": {

     },
     "dataview": {
      "source": [
       "rel-lastModifiedDate"
      ],
      "views": [
       {
        "id": "63c59da2c54d2d6c985c2b6b",
        "name": "All",
        "sorts": [
         {
          "id": "63db97200e01101ff536a754",
          "RelationKey": "type"
         },
         {
          "id": "63db97200e01101ff536a755",
          "RelationKey": "lastModifiedDate",
          "type": "Desc"
         }
        ],
        "filters": [
         {
          "id": "63d24bef257d7bad62f58c7d",
          "RelationKey": "type",
          "condition": "NotIn",
          "value": [
             "ot-space",
             "ot-template",
             "ot-objectType",
             "ot-relation",
             "ot-file",
             "ot-date",
             "ot-dashboard",
             "ot-audio",
             "ot-image",
             "ot-relationOption",
             "ot-video"
            ],
          "format": "object"
         },
         {
          "id": "63d24bef257d7bad62f58c7e",
          "RelationKey": "name",
          "value": ""
         }
        ],
        "relations": [
         {
          "key": "name",
          "isVisible": true,
          "width": 500
         },
         {
          "key": "type",
          "isVisible": true,
          "width": 192
         },
         {
          "key": "lastModifiedDate",
          "width": 178
         },
         {
          "key": "description",
          "width": 192
         },
         {
          "key": "createdDate",
          "width": 192
         },
         {
          "key": "lastModifiedBy",
          "width": 192
         },
         {
          "key": "lastOpenedDate",
          "width": 192
         },
         {
          "key": "done"
         }
        ]
       },
       {
        "id": "e83e70ab-0601-4ab7-abd9-d4dc09b9e703",
        "type": "Gallery",
        "name": "Media",
        "sorts": [
         {
          "id": "63db97200e01101ff536a758",
          "RelationKey": "type"
         },
         {
          "id": "63db97200e01101ff536a759",
          "RelationKey": "name"
         }
        ],
        "filters": [
         {
          "id": "63d24bef257d7bad62f58c81",
          "RelationKey": "type",
          "condition": "In",
          "value": [
             "ot-audio",
             "ot-file",
             "ot-image",
             "ot-video"
            ]
         }
        ],
        "relations": [
         {
          "key": "name",
          "isVisible": true,
          "width": 500
         },
         {
          "key": "type",
          "width": 192
         },
         {
          "key": "createdDate",
          "width": 192
         },
         {
          "key": "description",
          "width": 192
         },
         {
          "key": "lastModifiedDate",
          "width": 192
         },
         {
          "key": "lastModifiedBy",
          "width": 192
         },
         {
          "key": "lastOpenedDate",
          "width": 192
         },
         {
          "key": "done"
         }
        ],
        "coverRelationKey": "iconImage",
        "groupRelationKey": "done"
       },
       {
        "id": "2589f7e2-aad5-43ed-8759-f0771a6a40c9",
        "name": "Pre-installed",
        "sorts": [
         {
          "id": "63db97200e01101ff536a754",
          "RelationKey": "type"
         },
         {
          "id": "63db97200e01101ff536a757",
          "RelationKey": "name"
         },
         {
          "id": "63db97200e01101ff536a755",
          "RelationKey": "lastModifiedDate",
          "type": "Desc"
         }
        ],
        "filters": [
         {
          "id": "63d24bef257d7bad62f58c7d",
          "RelationKey": "type",
          "condition": "NotIn",
          "value": [
             "ot-space",
             "ot-template",
             "ot-objectType",
             "ot-relation",
             "ot-file",
             "ot-date",
             "ot-dashboard",
             "ot-audio",
             "ot-image",
             "ot-relationOption",
             "ot-video"
            ]
         },
         {
          "id": "63d24bef257d7bad62f58c7e",
          "RelationKey": "tag",
          "condition": "In",
          "value": [
             "64cbc073ccba0a7f50247689"
            ],
          "format": "tag"
         }
        ],
        "relations": [
         {
          "key": "name",
          "isVisible": true,
          "width": 500
         },
         {
          "key": "type",
          "isVisible": true,
          "width": 192
         },
         {
          "key": "lastModifiedDate",
          "width": 178
         },
         {
          "key": "description",
          "width": 192
         },
         {
          "key": "createdDate",
          "width": 192
         },
         {
          "key": "lastModifiedBy",
          "width": 192
         },
         {
          "key": "lastOpenedDate",
          "width": 192
         },
         {
          "key": "done",
          "width": 192
         },
         {
          "key": "tag",
          "width": 192
         }
        ],
        "cardSize": "Medium",
        "groupRelationKey": "done"
       }
      ],
      "relationLinks": [
       {
        "key": "name",
        "format": "shorttext"
       },
       {
        "key": "type",
        "format": "object"
       },
       {
        "key": "lastModifiedDate",
        "format": "date"
       },
       {
        "key": "description"
       },
       {
        "key": "createdDate",
        "format": "date"
       },
       {
        "key": "lastModifiedBy",
        "format": "object"
       },
       {
        "key": "lastOpenedDate",
        "format": "date"
       },
       {
        "key": "done",
        "format": "checkbox"
       },
       {
        "key": "tag",
        "format": "tag"
       }
      ]
     }
    },
    {
     "id": "title",
     "fields": {
       "_detailsKey": [
          "name",
          "done"
         ]
      },
     "restrictions": {
      "remove": true,
      "drag": true,
      "dropOn": true
     },
     "text": {
      "style": "Title",
      "marks": {

      }
     }
    },
    {
     "id": "description",
     "fields": {
       "_detailsKey": "description"
      },
     "restrictions": {
      "remove": true,
      "drag": true,
      "dropOn": true
     },
     "text": {
      "style": "Description",
      "marks": {

      }
     }
    },
    {
     "id": "featuredRelations",
     "restrictions": {
      "remove": true,
      "drag": true,
      "dropOn": true
     },
     "featuredRelations": {

     }
    }
   ],
   "details": {
     "backlinks": [
        "bafyreift7exrpuv7rrl3qoojxncrtef64qkkoulhjrknxgywwxhpba42rm",
        "bafyreihxhse33zch7ylh4hsw3jm2y2hm2aci7jkm33ivhjuc7rsqvtgbmi"
       ],
     "createdDate": 1695656265,
     "creator": "bafyreifc5pfjexh36tzw6itfyj3u27zyyvvjuvfp4yub3iuw2y2l5omtdm",
     "description": "All my objects in one place",
     "featuredRelations": [
        "description",
        "type",
        "setOf"
       ],
     "iconEmoji": "🌐",
     "iconImage": "",
     "id": "bafyreibxrf3iuybyej37mtad2ejhm2qruzer3advebyhl5ffj3npc4ob3i",
     "isArchived": true,
     "lastModifiedBy": "bafyreifc5pfjexh36tzw6itfyj3u27zyyvvjuvfp4yub3iuw2y2l5omtdm",
     "lastModifiedDate": 1695656265,
     "lastOpenedDate": 1695657746,
     "layout": 3,
     "links": [
       ],
     "name": "All My Objects",
     "oldAnytypeID": "bafyreigsgna6rdmdqf4gopc2zqoy7q3pebjojioepqru7otfhg4k5jnewi",
     "restrictions": [
        3,
        6,
        5,
        7
       ],
     "setOf": [
        "rel-lastModifiedDate"
       ],
     "snippet": "",
     "sourceFilePath": "pb:/Users/charlotte/Library/Application Support/anytype/alpha/data/tmp/tmp.20230925.173745.42.zip/bafyreigsgna6rdmdqf4gopc2zqoy7q3pebjojioepqru7otfhg4k5jnewi.pb",
     "type": "ot-set",
     "workspaceId": "bafyreihueygh5y3h727335e32xlov6g3m6p7adnyg4t7j5oyuhw66rmd4m"
    },
   "objectTypes": [
    "ot-set"
   ],
   "relationLinks": [
    {
     "key": "id",
     "format": "object"
    },
    {
     "key": "snippet"
    },
    {
     "key": "workspaceId",
     "format": "object"
    },
    {
     "key": "creator",
     "format": "object"
    },
    {
     "key": "createdDate",
     "format": "date"
    },
    {
     "key": "type",
     "format": "object"
    },
    {
     "key": "layout",
     "format": "number"
    },
    {
     "key": "featuredRelations",
     "format": "object"
    },
    {
     "key": "lastModifiedDate",
     "format": "date"
    },
    {
     "key": "lastModifiedBy",
     "format": "object"
    },
    {
     "key": "name",
     "format": "shorttext"
    },
    {
     "key": "iconEmoji",
     "format": "emoji"
    },
    {
     "key": "description"
    },
    {
     "key": "iconImage",
     "format": "file"
    },
    {
     "key": "layoutAlign",
     "format": "number"
    },
    {
     "key": "coverId",
     "format": "shorttext"
    },
    {
     "key": "coverScale",
     "format": "number"
    },
    {
     "key": "coverType",
     "format": "number"
    },
    {
     "key": "coverX",
     "format": "number"
    },
    {
     "key": "coverY",
     "format": "number"
    },
    {
     "key": "lastOpenedDate",
     "format": "date"
    },
    {
     "key": "isHidden",
     "format": "checkbox"
    },
    {
     "key": "isArchived",
     "format": "checkbox"
    },
    {
     "key": "isFavorite",
     "format": "checkbox"
    },
    {
     "key": "links",
     "format": "object"
    },
    {
     "key": "internalFlags",
     "format": "number"
    },
    {
     "key": "setOf",
     "format": "object"
    },
    {
     "key": "restrictions",
     "format": "number"
    },
    {
     "key": "sourceFilePath"
    },
    {
     "key": "oldAnytypeID"
    },
    {
     "key": "backlinks",
     "format": "object"
    }
   ]
  }
 }
}