{
 "sbType": "Page",
 "snapshot": {
  "data": {
   "blocks": [
    {
     "id": "bafyreieyymhj4wwayccs7yxmjcamrhhfphna2mcjdc3eymworakaqgqyqy",
     "fields": {
       "analyticsContext": "skip",
       "analyticsOriginalId": "bafybbgsuxm45rnsuzxqnnc3al7pddba7eh4pe6ak7jzsdd2jf3oqgt7a"
      },
     "restrictions": {

     },
     "childrenIds": [
      "header",
      "source",
      "tag"
     ],
     "smartblock": {

     }
    },
    {
     "id": "header",
     "restrictions": {
      "edit": true,
      "remove": true,
      "drag": true,
      "dropOn": true
     },
     "childrenIds": [
      "title",
      "description",
      "featuredRelations"
     ],
     "layout": {
      "style": "Header"
     }
    },
    {
     "id": "source",
     "relation": {
      "key": "source"
     }
    },
    {
     "id": "tag",
     "relation": {
      "key": "tag"
     }
    },
    {
     "id": "title",
     "fields": {
       "_detailsKey": [
          "name",
          "done"
         ]
      },
     "restrictions": {
      "remove": true,
      "drag": true,
      "dropOn": true
     },
     "text": {
      "style": "Title",
      "marks": {

      }
     }
    },
    {
     "id": "description",
     "fields": {
       "_detailsKey": "description"
      },
     "restrictions": {
      "remove": true,
      "drag": true,
      "dropOn": true
     },
     "text": {
      "style": "Description",
      "marks": {

      }
     }
    },
    {
     "id": "featuredRelations",
     "restrictions": {
      "remove": true,
      "drag": true,
      "dropOn": true
     },
     "featuredRelations": {

     }
    }
   ],
   "details": {
     "backlinks": [
        "bafyreiaklvcal6oef62m6shoac3ffuqw6u4xlpsdfigq6dyfpl2wcbeo7y",
        "bafyreiemsie5rqymgfotipbrkp2c2verdl77vcmbe3fl6vfvkmfcqnhhha"
       ],
     "createdDate": 1695656265,
     "creator": "bafyreifc5pfjexh36tzw6itfyj3u27zyyvvjuvfp4yub3iuw2y2l5omtdm",
     "description": "Place to share feedback, write bug reports, and connect with Anytype users from all over the globe!",
     "featuredRelations": [
        "description",
        "type",
        "createdDate"
       ],
     "iconImage": "bafybeiasl27gslws4hpvzufm467zjhxb3klodj53rt6dpola67bmvep3x4",
     "id": "bafyreieyymhj4wwayccs7yxmjcamrhhfphna2mcjdc3eymworakaqgqyqy",
     "isArchived": true,
     "lastModifiedBy": "bafyreifc5pfjexh36tzw6itfyj3u27zyyvvjuvfp4yub3iuw2y2l5omtdm",
     "lastModifiedDate": 1695656265,
     "layout": 11,
     "links": [
       ],
     "name": "Anytype Community",
     "oldAnytypeID": "bafyreie3u4ibqlbn423qwy3lnimyxsd6sgkjoodf5whwt24623swu562xu",
     "picture": "bafybeib4mags3wtdcpnlwcysqby6kdhvy2hbk3s54owcqmpvjwlv4xe7ky",
     "restrictions": [
       ],
     "snippet": "",
     "source": "https://community.anytype.io/",
     "sourceFilePath": "pb:/Users/charlotte/Library/Application Support/anytype/alpha/data/tmp/tmp.20230925.173745.42.zip/bafyreie3u4ibqlbn423qwy3lnimyxsd6sgkjoodf5whwt24623swu562xu.pb",
     "tag": [
        "64cbc073ccba0a7f50247689"
       ],
     "type": "ot-bookmark",
     "workspaceId": "bafyreihueygh5y3h727335e32xlov6g3m6p7adnyg4t7j5oyuhw66rmd4m"
    },
   "objectTypes": [
    "ot-bookmark"
   ],
   "relationLinks": [
    {
     "key": "id",
     "format": "object"
    },
    {
     "key": "snippet"
    },
    {
     "key": "workspaceId",
     "format": "object"
    },
    {
     "key": "createdDate",
     "format": "date"
    },
    {
     "key": "creator",
     "format": "object"
    },
    {
     "key": "type",
     "format": "object"
    },
    {
     "key": "layout",
     "format": "number"
    },
    {
     "key": "name",
     "format": "shorttext"
    },
    {
     "key": "description"
    },
    {
     "key": "iconEmoji",
     "format": "emoji"
    },
    {
     "key": "iconImage",
     "format": "file"
    },
    {
     "key": "layoutAlign",
     "format": "number"
    },
    {
     "key": "coverId",
     "format": "shorttext"
    },
    {
     "key": "coverScale",
     "format": "number"
    },
    {
     "key": "coverType",
     "format": "number"
    },
    {
     "key": "coverX",
     "format": "number"
    },
    {
     "key": "coverY",
     "format": "number"
    },
    {
     "key": "lastModifiedDate",
     "format": "date"
    },
    {
     "key": "lastModifiedBy",
     "format": "object"
    },
    {
     "key": "lastOpenedDate",
     "format": "date"
    },
    {
     "key": "featuredRelations",
     "format": "object"
    },
    {
     "key": "isHidden",
     "format": "checkbox"
    },
    {
     "key": "isArchived",
     "format": "checkbox"
    },
    {
     "key": "isFavorite",
     "format": "checkbox"
    },
    {
     "key": "links",
     "format": "object"
    },
    {
     "key": "source",
     "format": "url"
    },
    {
     "key": "picture",
     "format": "file"
    },
    {
     "key": "tag",
     "format": "tag"
    },
    {
     "key": "restrictions",
     "format": "number"
    },
    {
     "key": "internalFlags",
     "format": "number"
    },
    {
     "key": "sourceFilePath"
    },
    {
     "key": "oldAnytypeID"
    },
    {
     "key": "backlinks",
     "format": "object"
    }
   ]
  },
  "fileKeys": [
   {
    "hash": "bafybeib4mags3wtdcpnlwcysqby6kdhvy2hbk3s54owcqmpvjwlv4xe7ky",
    "keys": {
     "/0/exif/": "byia452hocvfq4tfoyonlki7eufdhoatlromhmtnfpbrpkd26q3lq",
     "/0/large/": "bdmov5swbtlg5anwhitzfz3rexd63luotnv7d4f3lm5fjtnxrc33a",
     "/0/original/": "b2rzadyvgj2dtuhmvmn3keg3nclsshl3uxpkry2du64rgyignur4a",
     "/0/small/": "bi6fjlerkrgzqjzojcardky5wyzcnvdzaugn7dpahymxwbvzak6va",
     "/0/thumb/": "b5u2nkgp5bebmpkr75alcuasmazxr7kapzkur3zzbeovzi24xptya"
    }
   },
   {
    "hash": "bafybeiasl27gslws4hpvzufm467zjhxb3klodj53rt6dpola67bmvep3x4",
    "keys": {
     "/0/exif/": "b2gbg35grnn7iltxnw6cmvtb2q2my545ausripd2zocoinzwwcqbq",
     "/0/large/": "bpsefqlea6vejsrt7fzgu6axcveao2ilnyz2ydzuogvfqxripd2dq",
     "/0/original/": "bibhaysiw2kf6vkcspb7dnchhvbv2qo3qngoy7a5bmq2hzh52cgiq",
     "/0/small/": "bpsefqlea6vejsrt7fzgu6axcveao2ilnyz2ydzuogvfqxripd2dq",
     "/0/thumb/": "bpsefqlea6vejsrt7fzgu6axcveao2ilnyz2ydzuogvfqxripd2dq"
    }
   }
  ]
 }
}