{
 "sbType": "Page",
 "snapshot": {
  "data": {
   "blocks": [
    {
     "id": "bafyreie62n4sbddt775ldbzm2ynp6fbip5ohrzpi56eiagpfaf3qta6vmu",
     "fields": {
       "analyticsContext": "skip",
       "analyticsOriginalId": "bafyedezxwt4fd63tuibolbaxkp224z74rz2jvuvf26ayry4wzem4an7v"
      },
     "restrictions": {
      "edit": true,
      "remove": true,
      "drag": true,
      "dropOn": true
     },
     "childrenIds": [
      "header",
      "dataview"
     ],
     "smartblock": {

     }
    },
    {
     "id": "header",
     "restrictions": {
      "edit": true,
      "remove": true,
      "drag": true,
      "dropOn": true
     },
     "childrenIds": [
      "title",
      "description",
      "featuredRelations"
     ],
     "layout": {
      "style": "Header"
     }
    },
    {
     "id": "dataview",
     "restrictions": {

     },
     "dataview": {
      "source": [
       "ot-task"
      ],
      "views": [
       {
        "id": "6182a74fcae0300221f9f207",
        "name": "All",
        "sorts": [
         {
          "id": "64955b45ccba0ad561d740c6",
          "RelationKey": "done"
         },
         {
          "id": "63db97200e01101ff536a75a",
          "RelationKey": "createdDate",
          "type": "Desc",
          "format": "date"
         }
        ],
        "relations": [
         {
          "key": "name",
          "isVisible": true,
          "width": 345
         },
         {
          "key": "description",
          "width": 192
         },
         {
          "key": "createdDate",
          "isVisible": true,
          "width": 192
         },
         {
          "key": "lastModifiedBy",
          "width": 192
         },
         {
          "key": "lastModifiedDate",
          "width": 192
         },
         {
          "key": "lastOpenedDate",
          "width": 192
         },
         {
          "key": "tag",
          "width": 98
         },
         {
          "key": "assignee",
          "width": 192
         },
         {
          "key": "dueDate",
          "width": 121
         },
         {
          "key": "status",
          "isVisible": true,
          "width": 159
         },
         {
          "key": "priority",
          "isVisible": true,
          "width": 192
         },
         {
          "key": "attachments",
          "width": 192
         },
         {
          "key": "tasks",
          "width": 192
         },
         {
          "key": "linkedProjects",
          "width": 192
         },
         {
          "key": "done"
         }
        ]
       },
       {
        "id": "54c71792-05bc-4e0c-b0df-aeb256b85df8",
        "name": "Today's tasks",
        "sorts": [
         {
          "id": "64955b83ccba0ad561d740c9",
          "RelationKey": "done"
         },
         {
          "id": "64955b4fccba0ad561d740c7",
          "RelationKey": "createdDate",
          "type": "Desc"
         }
        ],
        "filters": [
         {
          "id": "64955b71ccba0ad561d740c8",
          "RelationKey": "createdDate",
          "condition": "Equal",
          "value": null,
          "quickOption": "Today",
          "format": "date",
          "includeTime": true
         }
        ],
        "relations": [
         {
          "key": "name",
          "isVisible": true,
          "width": 408
         },
         {
          "key": "id"
         },
         {
          "key": "description"
         },
         {
          "key": "type"
         },
         {
          "key": "creator"
         },
         {
          "key": "createdDate",
          "isVisible": true,
          "width": 192
         },
         {
          "key": "layout"
         },
         {
          "key": "lastModifiedBy"
         },
         {
          "key": "iconImage"
         },
         {
          "key": "iconEmoji"
         },
         {
          "key": "coverId"
         },
         {
          "key": "lastModifiedDate"
         },
         {
          "key": "lastOpenedDate"
         },
         {
          "key": "coverX"
         },
         {
          "key": "coverY"
         },
         {
          "key": "coverScale"
         },
         {
          "key": "featuredRelations"
         },
         {
          "key": "coverType"
         },
         {
          "key": "layoutAlign"
         },
         {
          "key": "isHidden"
         },
         {
          "key": "isArchived"
         },
         {
          "key": "tag"
         },
         {
          "key": "isFavorite"
         },
         {
          "key": "assignee"
         },
         {
          "key": "dueDate"
         },
         {
          "key": "attachments"
         },
         {
          "key": "status"
         },
         {
          "key": "done"
         },
         {
          "key": "priority"
         },
         {
          "key": "tasks"
         },
         {
          "key": "linkedProjects"
         },
         {
          "key": "workspaceId"
         }
        ],
        "cardSize": "Medium",
        "groupRelationKey": "status"
       },
       {
        "id": "6edeb228-2073-416e-9096-eef56c49da36",
        "type": "Kanban",
        "name": "Board",
        "sorts": [
         {
          "id": "64955ba2ccba0ad561d740ca",
          "RelationKey": "done"
         }
        ],
        "relations": [
         {
          "key": "name",
          "isVisible": true,
          "width": 192
         },
         {
          "key": "description",
          "width": 192
         },
         {
          "key": "createdDate",
          "width": 192
         },
         {
          "key": "lastModifiedBy",
          "width": 192
         },
         {
          "key": "lastModifiedDate",
          "width": 192
         },
         {
          "key": "lastOpenedDate",
          "width": 192
         },
         {
          "key": "tag",
          "width": 192
         },
         {
          "key": "assignee",
          "width": 192
         },
         {
          "key": "dueDate",
          "width": 192
         },
         {
          "key": "attachments",
          "width": 192
         },
         {
          "key": "status",
          "width": 192
         },
         {
          "key": "priority",
          "width": 192
         },
         {
          "key": "tasks",
          "width": 192
         },
         {
          "key": "linkedProjects",
          "width": 192
         },
         {
          "key": "done",
          "width": 192
         },
         {
          "key": "id",
          "width": 192
         },
         {
          "key": "type",
          "width": 192
         },
         {
          "key": "creator",
          "width": 192
         },
         {
          "key": "layout",
          "width": 192
         },
         {
          "key": "iconImage",
          "width": 192
         },
         {
          "key": "iconEmoji",
          "width": 192
         },
         {
          "key": "coverId",
          "width": 500
         },
         {
          "key": "coverX",
          "width": 192
         },
         {
          "key": "coverY",
          "width": 192
         },
         {
          "key": "coverScale",
          "width": 192
         },
         {
          "key": "featuredRelations",
          "width": 192
         },
         {
          "key": "coverType",
          "width": 192
         },
         {
          "key": "layoutAlign",
          "width": 192
         },
         {
          "key": "isHidden",
          "width": 192
         },
         {
          "key": "isArchived",
          "width": 192
         },
         {
          "key": "isFavorite",
          "width": 192
         },
         {
          "key": "workspaceId",
          "width": 192
         }
        ],
        "groupRelationKey": "status",
        "groupBackgroundColors": true
       },
       {
        "id": "f984ddde-eb13-497e-809a-2b9a96fd3503",
        "name": "High priority",
        "sorts": [
         {
          "id": "64955badccba0ad561d740cb",
          "RelationKey": "done"
         },
         {
          "id": "63db97200e01101ff536a75c",
          "RelationKey": "priority",
          "type": "Desc"
         },
         {
          "id": "63db97200e01101ff536a75d",
          "RelationKey": "createdDate",
          "type": "Desc"
         }
        ],
        "filters": [
         {
          "id": "63d24bef257d7bad62f58c88",
          "RelationKey": "priority",
          "condition": "Less",
          "value": 2,
          "format": "number"
         }
        ],
        "relations": [
         {
          "key": "name",
          "isVisible": true,
          "width": 351
         },
         {
          "key": "description",
          "width": 192
         },
         {
          "key": "priority",
          "isVisible": true,
          "width": 192
         },
         {
          "key": "createdDate",
          "isVisible": true,
          "width": 192
         },
         {
          "key": "lastModifiedBy",
          "width": 192
         },
         {
          "key": "lastModifiedDate",
          "width": 192
         },
         {
          "key": "lastOpenedDate",
          "width": 192
         },
         {
          "key": "tag",
          "width": 192
         },
         {
          "key": "assignee",
          "width": 192
         },
         {
          "key": "dueDate",
          "width": 192
         },
         {
          "key": "attachments",
          "width": 192
         },
         {
          "key": "status",
          "isVisible": true,
          "width": 192
         },
         {
          "key": "tasks",
          "width": 192
         },
         {
          "key": "linkedProjects",
          "width": 192
         }
        ]
       }
      ],
      "groupOrders": [
       {
        "viewId": "6edeb228-2073-416e-9096-eef56c49da36",
        "viewGroups": [
         {

         },
         {
          "groupId": "bafyreiaopi3kn3yihjahsit7fw4twegfnieuk5rxzp56ohmysvvejl42zu",
          "index": 1,
          "backgroundColor": "ice"
         },
         {
          "groupId": "bafyreiff55c2cdlu236sszo4au4qu5imzh3z3rkqpl5q4zfok6d5x2k7pm",
          "index": 2,
          "backgroundColor": "orange"
         },
         {
          "groupId": "bafyreid7l2dqxtrb4tmigqygcuat4vxxslyakeia2wc2tvbhiqgc6onwba",
          "index": 3,
          "backgroundColor": "lime"
         }
        ]
       }
      ],
      "objectOrders": [
       {
        "viewId": "6edeb228-2073-416e-9096-eef56c49da36",
        "groupId": "63454ad0c493f68e301890db"
       },
       {
        "viewId": "6edeb228-2073-416e-9096-eef56c49da36",
        "groupId": "63454af7c493f68e301890dd"
       }
      ],
      "relationLinks": [
       {
        "key": "name",
        "format": "shorttext"
       },
       {
        "key": "id",
        "format": "object"
       },
       {
        "key": "description"
       },
       {
        "key": "type",
        "format": "object"
       },
       {
        "key": "creator",
        "format": "object"
       },
       {
        "key": "createdDate",
        "format": "date"
       },
       {
        "key": "layout",
        "format": "number"
       },
       {
        "key": "lastModifiedBy",
        "format": "object"
       },
       {
        "key": "iconImage",
        "format": "file"
       },
       {
        "key": "iconEmoji",
        "format": "emoji"
       },
       {
        "key": "coverId",
        "format": "shorttext"
       },
       {
        "key": "lastModifiedDate",
        "format": "date"
       },
       {
        "key": "lastOpenedDate",
        "format": "date"
       },
       {
        "key": "coverX",
        "format": "number"
       },
       {
        "key": "coverY",
        "format": "number"
       },
       {
        "key": "coverScale",
        "format": "number"
       },
       {
        "key": "featuredRelations",
        "format": "object"
       },
       {
        "key": "coverType",
        "format": "number"
       },
       {
        "key": "layoutAlign",
        "format": "number"
       },
       {
        "key": "isHidden",
        "format": "checkbox"
       },
       {
        "key": "isArchived",
        "format": "checkbox"
       },
       {
        "key": "tag",
        "format": "tag"
       },
       {
        "key": "isFavorite",
        "format": "checkbox"
       },
       {
        "key": "assignee",
        "format": "object"
       },
       {
        "key": "dueDate",
        "format": "date"
       },
       {
        "key": "attachments",
        "format": "file"
       },
       {
        "key": "status",
        "format": "status"
       },
       {
        "key": "done",
        "format": "checkbox"
       },
       {
        "key": "priority",
        "format": "number"
       },
       {
        "key": "tasks",
        "format": "object"
       },
       {
        "key": "linkedProjects",
        "format": "object"
       },
       {
        "key": "workspaceId",
        "format": "object"
       }
      ]
     }
    },
    {
     "id": "title",
     "fields": {
       "_detailsKey": [
          "name",
          "done"
         ]
      },
     "restrictions": {
      "remove": true,
      "drag": true,
      "dropOn": true
     },
     "text": {
      "style": "Title",
      "marks": {

      }
     }
    },
    {
     "id": "description",
     "fields": {
       "_detailsKey": "description"
      },
     "restrictions": {
      "remove": true,
      "drag": true,
      "dropOn": true
     },
     "text": {
      "style": "Description",
      "marks": {

      }
     }
    },
    {
     "id": "featuredRelations",
     "restrictions": {
      "remove": true,
      "drag": true,
      "dropOn": true
     },
     "featuredRelations": {

     }
    }
   ],
   "details": {
     "backlinks": [
        "bafyreiemsie5rqymgfotipbrkp2c2verdl77vcmbe3fl6vfvkmfcqnhhha"
       ],
     "coverId": "",
     "coverScale": 0,
     "coverType": 0,
     "coverX": 0,
     "coverY": 0,
     "createdDate": 1695656265,
     "creator": "bafyreifc5pfjexh36tzw6itfyj3u27zyyvvjuvfp4yub3iuw2y2l5omtdm",
     "description": "My work and personal tasks collected from everywhere in Anytype",
     "featuredRelations": [
        "description",
        "type",
        "setOf"
       ],
     "iconEmoji": "📮",
     "id": "bafyreie62n4sbddt775ldbzm2ynp6fbip5ohrzpi56eiagpfaf3qta6vmu",
     "isArchived": true,
     "lastModifiedBy": "bafyreifc5pfjexh36tzw6itfyj3u27zyyvvjuvfp4yub3iuw2y2l5omtdm",
     "lastModifiedDate": 1695656265,
     "layout": 3,
     "links": [
       ],
     "name": "Task tracker",
     "oldAnytypeID": "bafyreido5lhh4vntmlxh2hwn4b3xfmz53yw5rrfmcl22cdb4phywhjlcdu",
     "restrictions": [
        3,
        6,
        5,
        7
       ],
     "setOf": [
        "ot-task"
       ],
     "snippet": "",
     "sourceFilePath": "pb:/Users/charlotte/Library/Application Support/anytype/alpha/data/tmp/tmp.20230925.173745.42.zip/bafyreido5lhh4vntmlxh2hwn4b3xfmz53yw5rrfmcl22cdb4phywhjlcdu.pb",
     "type": "ot-set",
     "workspaceId": "bafyreihueygh5y3h727335e32xlov6g3m6p7adnyg4t7j5oyuhw66rmd4m"
    },
   "objectTypes": [
    "ot-set"
   ],
   "relationLinks": [
    {
     "key": "id",
     "format": "object"
    },
    {
     "key": "snippet"
    },
    {
     "key": "createdDate",
     "format": "date"
    },
    {
     "key": "creator",
     "format": "object"
    },
    {
     "key": "type",
     "format": "object"
    },
    {
     "key": "layout",
     "format": "number"
    },
    {
     "key": "featuredRelations",
     "format": "object"
    },
    {
     "key": "lastModifiedDate",
     "format": "date"
    },
    {
     "key": "lastModifiedBy",
     "format": "object"
    },
    {
     "key": "name",
     "format": "shorttext"
    },
    {
     "key": "iconEmoji",
     "format": "emoji"
    },
    {
     "key": "description"
    },
    {
     "key": "iconImage",
     "format": "file"
    },
    {
     "key": "layoutAlign",
     "format": "number"
    },
    {
     "key": "coverId",
     "format": "shorttext"
    },
    {
     "key": "coverScale",
     "format": "number"
    },
    {
     "key": "coverType",
     "format": "number"
    },
    {
     "key": "coverX",
     "format": "number"
    },
    {
     "key": "coverY",
     "format": "number"
    },
    {
     "key": "lastOpenedDate",
     "format": "date"
    },
    {
     "key": "isHidden",
     "format": "checkbox"
    },
    {
     "key": "isArchived",
     "format": "checkbox"
    },
    {
     "key": "isFavorite",
     "format": "checkbox"
    },
    {
     "key": "setOf",
     "format": "object"
    },
    {
     "key": "workspaceId",
     "format": "object"
    },
    {
     "key": "links",
     "format": "object"
    },
    {
     "key": "restrictions",
     "format": "number"
    },
    {
     "key": "internalFlags",
     "format": "number"
    },
    {
     "key": "sourceFilePath"
    },
    {
     "key": "oldAnytypeID"
    },
    {
     "key": "backlinks",
     "format": "object"
    }
   ]
  }
 }
}