{
 "sbType": "Page",
 "snapshot": {
  "data": {
   "blocks": [
    {
     "id": "bafyreift7exrpuv7rrl3qoojxncrtef64qkkoulhjrknxgywwxhpba42rm",
     "fields": {
       "analyticsContext": "skip",
       "analyticsOriginalId": "bafybbn3fqfzotoufaiwj434ced6cdq3zrsgiqmchwa4ciyp42t5noskr"
      },
     "restrictions": {

     },
     "childrenIds": [
      "header",
      "64665edefc5e688e8b630b4e",
      "64665edefc5e688e8b630b4c",
      "64665f2bfc5e688e8b630b50",
      "649d9f50ccba0ab5dfe16557",
      "628bfbd84aa78802ef0539e1",
      "649da3d5ccba0ab5dfe16574",
      "649da3d6ccba0ab5dfe16577",
      "62a9de9fb6acc77cb8759fc3",
      "63d24db1257d7bad62f58c96",
      "63d25658257d7bad62f58cb0",
      "63d250f1257d7bad62f58ca9",
      "646f678dccba0ae9070c49c1"
     ],
     "smartblock": {

     }
    },
    {
     "id": "header",
     "restrictions": {
      "edit": true,
      "remove": true,
      "drag": true,
      "dropOn": true
     },
     "childrenIds": [
      "title",
      "description",
      "featuredRelations"
     ],
     "layout": {
      "style": "Header"
     }
    },
    {
     "id": "64665edefc5e688e8b630b4e",
     "text": {
      "text": "Collections and sets are two distinct ways of organizing information within your space. Collections resemble a familiar database experience, where you can store various objects and create associations between them. Sets, on the other hand, serve as a way to search and view specific portions of your knowledge graph based on object types and customized filters. ",
      "marks": {
       "marks": [
        {
         "range": {
          "to": 86
         },
         "type": "Bold"
        }
       ]
      }
     }
    },
    {
     "id": "64665edefc5e688e8b630b4c",
     "text": {
      "text": "Collections: Imagine collections as a comprehensive database experience that you might already be familiar with. In collections, you can store all sorts of objects. These objects can be anything you want to keep track of, like notes, images, or even links to external resources. The cool thing is that you can also link existing objects to a collection to create associations and organize your information better. It's important to note that collections themselves don't store the actual objects, but rather store links to those objects.",
      "style": "Marked",
      "marks": {
       "marks": [
        {
         "range": {
          "to": 12
         },
         "type": "Bold"
        }
       ]
      }
     }
    },
    {
     "id": "64665f2bfc5e688e8b630b50",
     "restrictions": {

     },
     "text": {
      "text": "Sets: Sets have a slightly different purpose compared to collections. Instead of storing objects or links like regular databases, sets act as a way to filter and view specific parts of your knowledge graph. When you use a set, it's like making a search request within your space. You can specify the object types you're interested in and customize filters to narrow down the information you see. This allows you to focus on specific subsets of your knowledge graph, making it easier to find the information you need. More info on sets here: Navigate and create new object…  ",
      "style": "Marked",
      "marks": {
       "marks": [
        {
         "range": {
          "to": 5
         },
         "type": "Bold"
        },
        {
         "range": {
          "from": 541,
          "to": 572
         },
         "type": "Mention",
         "param": "bafyreieqpcx5tt56lnihr3wcxiwcea3hzgsygs4apyhmxykl3icobvczji"
        }
       ]
      }
     }
    },
    {
     "id": "649d9f50ccba0ab5dfe16557",
     "text": {
      "text": "You can create a Set or Collection with the + menu in the navigation bar at the bottom of the window or using the / shortcut menu in the editor.\n",
      "marks": {
       "marks": [
        {
         "range": {
          "from": 44,
          "to": 45
         },
         "type": "Keyboard"
        },
        {
         "range": {
          "from": 114,
          "to": 115
         },
         "type": "Keyboard"
        }
       ]
      }
     }
    },
    {
     "id": "628bfbd84aa78802ef0539e1",
     "fields": {
      },
     "restrictions": {

     },
     "text": {
      "text": "Customizing Set \u0026 Collection View",
      "style": "Header2",
      "marks": {

      }
     }
    },
    {
     "id": "649da3d5ccba0ab5dfe16574",
     "text": {
      "text": "Customize whether you want your Sets or Collections to appear in Grid, List, Gallery, or Kanban view, as well as specific filters. Tap the + button to customize your views. ",
      "marks": {
       "marks": [
        {
         "range": {
          "from": 139,
          "to": 140
         },
         "type": "Keyboard"
        }
       ]
      }
     }
    },
    {
     "id": "649da3d6ccba0ab5dfe16577",
     "fields": {
      },
     "file": {
      "hash": "bafybeida3k7hazimchm6ec4245q3wskepjshzduxob7yplk7npl7xwxypu",
      "name": "image.png",
      "type": "Image",
      "size": "198353",
      "state": "Done"
     }
    },
    {
     "id": "62a9de9fb6acc77cb8759fc3",
     "restrictions": {

     },
     "text": {
      "text": "Inline Sets \u0026 Collections",
      "style": "Header2",
      "marks": {

      }
     }
    },
    {
     "id": "63d24db1257d7bad62f58c96",
     "restrictions": {

     },
     "text": {
      "text": "You can create an inline Set or Collection using command /inline ",
      "marks": {
       "marks": [
        {
         "range": {
          "from": 57,
          "to": 64
         },
         "type": "Keyboard"
        }
       ]
      }
     }
    },
    {
     "id": "63d25658257d7bad62f58cb0",
     "restrictions": {

     },
     "text": {
      "text": "Select one of your existing objects as a source, or create a new one. Name, icon and query of source Set are synced with inline one, while views are not synced but copied instead.",
      "marks": {
       "marks": [
        {
         "range": {
          "from": 139,
          "to": 159
         },
         "type": "Bold"
        }
       ]
      }
     }
    },
    {
     "id": "63d250f1257d7bad62f58ca9",
     "restrictions": {

     },
     "text": {
      "text": "For example, below you can see your sets and pages in the inline of your 'Everything' set. The views of this inline set were altered to show the most interesting and relevant objects in this context: sets and pages. You can still see the original set by tapping the open source set button. No worries - the source set has not been affected by your inline view changes.",
      "marks": {
       "marks": [
        {
         "range": {
          "from": 266,
          "to": 281
         },
         "type": "Keyboard"
        }
       ]
      }
     }
    },
    {
     "id": "646f678dccba0ae9070c49c1",
     "fields": {
      },
     "dataview": {
      "views": [
       {
        "id": "622512a6-cd3a-411a-9b48-b3df77225e37",
        "type": "List",
        "name": "All my sets",
        "sorts": [
         {
          "id": "63e2f625c54d2d6357f9c175",
          "RelationKey": "name"
         }
        ],
        "filters": [
         {
          "id": "63d24fc5257d7bad62f58ca3",
          "RelationKey": "type",
          "condition": "In",
          "value": [
             "ot-set"
            ]
         }
        ],
        "relations": [
         {
          "key": "name",
          "isVisible": true,
          "width": 500
         },
         {
          "key": "description",
          "isVisible": true,
          "width": 192
         },
         {
          "key": "type",
          "width": 192
         },
         {
          "key": "lastModifiedDate",
          "width": 192
         },
         {
          "key": "createdDate",
          "width": 192
         },
         {
          "key": "lastModifiedBy",
          "width": 192
         },
         {
          "key": "lastOpenedDate",
          "width": 192
         },
         {
          "key": "done",
          "width": 192
         }
        ],
        "groupRelationKey": "done"
       },
       {
        "id": "e83e70ab-0601-4ab7-abd9-d4dc09b9e703",
        "type": "List",
        "name": "Interesting pages to read next",
        "sorts": [
         {
          "id": "63e2f625c54d2d6357f9c173",
          "RelationKey": "type"
         },
         {
          "id": "63e2f625c54d2d6357f9c174",
          "RelationKey": "name"
         }
        ],
        "filters": [
         {
          "id": "63d24bef257d7bad62f58c81",
          "RelationKey": "type",
          "condition": "In",
          "value": [
             "ot-page"
            ]
         }
        ],
        "relations": [
         {
          "key": "name",
          "isVisible": true,
          "width": 500
         },
         {
          "key": "type",
          "width": 192
         },
         {
          "key": "createdDate",
          "width": 192
         },
         {
          "key": "description",
          "isVisible": true,
          "width": 192
         },
         {
          "key": "lastModifiedDate",
          "width": 192
         },
         {
          "key": "lastModifiedBy",
          "width": 192
         },
         {
          "key": "lastOpenedDate",
          "width": 192
         },
         {
          "key": "done",
          "width": 192
         }
        ],
        "coverRelationKey": "iconImage",
        "groupRelationKey": "done"
       }
      ],
      "relationLinks": [
       {
        "key": "name",
        "format": "shorttext"
       },
       {
        "key": "description"
       },
       {
        "key": "type",
        "format": "object"
       },
       {
        "key": "lastModifiedDate",
        "format": "date"
       },
       {
        "key": "createdDate",
        "format": "date"
       },
       {
        "key": "lastModifiedBy",
        "format": "object"
       },
       {
        "key": "lastOpenedDate",
        "format": "date"
       },
       {
        "key": "done",
        "format": "checkbox"
       }
      ],
      "TargetObjectId": "bafyreibxrf3iuybyej37mtad2ejhm2qruzer3advebyhl5ffj3npc4ob3i"
     }
    },
    {
     "id": "title",
     "fields": {
       "_detailsKey": [
          "name",
          "done"
         ]
      },
     "restrictions": {
      "remove": true,
      "drag": true,
      "dropOn": true
     },
     "text": {
      "style": "Title",
      "marks": {

      }
     }
    },
    {
     "id": "description",
     "fields": {
       "_detailsKey": "description"
      },
     "restrictions": {
      "remove": true,
      "drag": true,
      "dropOn": true
     },
     "text": {
      "style": "Description",
      "marks": {

      }
     }
    },
    {
     "id": "featuredRelations",
     "restrictions": {
      "remove": true,
      "drag": true,
      "dropOn": true
     },
     "featuredRelations": {

     }
    }
   ],
   "details": {
     "backlinks": [
        "bafyreiaklvcal6oef62m6shoac3ffuqw6u4xlpsdfigq6dyfpl2wcbeo7y",
        "bafyreiemsie5rqymgfotipbrkp2c2verdl77vcmbe3fl6vfvkmfcqnhhha",
        "bafyreifoju3ekqxfh3jsfpcr5h7qwutd3xxl7onhpmw2naoixkgzkqg3e4"
       ],
     "createdDate": 1695656265,
     "creator": "bafyreifc5pfjexh36tzw6itfyj3u27zyyvvjuvfp4yub3iuw2y2l5omtdm",
     "description": "",
     "featuredRelations": [
        "type",
        "description"
       ],
     "iconEmoji": "🟨",
     "iconImage": "",
     "id": "bafyreift7exrpuv7rrl3qoojxncrtef64qkkoulhjrknxgywwxhpba42rm",
     "isArchived": true,
     "lastModifiedBy": "bafyreifc5pfjexh36tzw6itfyj3u27zyyvvjuvfp4yub3iuw2y2l5omtdm",
     "lastModifiedDate": 1695656265,
     "layout": 0,
     "links": [
        "bafyreieqpcx5tt56lnihr3wcxiwcea3hzgsygs4apyhmxykl3icobvczji",
        "bafyreibxrf3iuybyej37mtad2ejhm2qruzer3advebyhl5ffj3npc4ob3i"
       ],
     "name": "Organise objects with Collections \u0026 Sets",
     "oldAnytypeID": "bafyreicgoxywtz55iu6fu6aobslyh2makzccnf75tao2mpewcgqfj2xl64",
     "restrictions": [
       ],
     "snippet": "Collections and sets are two distinct ways of organizing information within your space. Collections resemble a familiar database experience, where you can store various objects and create associations between them. Sets, on the other hand, serve as a way to search and view specific portions of your …",
     "sourceFilePath": "pb:/Users/charlotte/Library/Application Support/anytype/alpha/data/tmp/tmp.20230925.173745.42.zip/bafyreicgoxywtz55iu6fu6aobslyh2makzccnf75tao2mpewcgqfj2xl64.pb",
     "tag": [
        "64cbc073ccba0a7f50247689"
       ],
     "type": "ot-page",
     "workspaceId": "bafyreihueygh5y3h727335e32xlov6g3m6p7adnyg4t7j5oyuhw66rmd4m"
    },
   "objectTypes": [
    "ot-page"
   ],
   "relationLinks": [
    {
     "key": "id",
     "format": "object"
    },
    {
     "key": "snippet"
    },
    {
     "key": "workspaceId",
     "format": "object"
    },
    {
     "key": "createdDate",
     "format": "date"
    },
    {
     "key": "creator",
     "format": "object"
    },
    {
     "key": "type",
     "format": "object"
    },
    {
     "key": "layout",
     "format": "number"
    },
    {
     "key": "name",
     "format": "shorttext"
    },
    {
     "key": "description"
    },
    {
     "key": "iconEmoji",
     "format": "emoji"
    },
    {
     "key": "iconImage",
     "format": "file"
    },
    {
     "key": "layoutAlign",
     "format": "number"
    },
    {
     "key": "coverId",
     "format": "shorttext"
    },
    {
     "key": "coverScale",
     "format": "number"
    },
    {
     "key": "coverType",
     "format": "number"
    },
    {
     "key": "coverX",
     "format": "number"
    },
    {
     "key": "coverY",
     "format": "number"
    },
    {
     "key": "lastModifiedDate",
     "format": "date"
    },
    {
     "key": "lastModifiedBy",
     "format": "object"
    },
    {
     "key": "lastOpenedDate",
     "format": "date"
    },
    {
     "key": "featuredRelations",
     "format": "object"
    },
    {
     "key": "isHidden",
     "format": "checkbox"
    },
    {
     "key": "isArchived",
     "format": "checkbox"
    },
    {
     "key": "isFavorite",
     "format": "checkbox"
    },
    {
     "key": "links",
     "format": "object"
    },
    {
     "key": "restrictions",
     "format": "number"
    },
    {
     "key": "internalFlags",
     "format": "number"
    },
    {
     "key": "sourceFilePath"
    },
    {
     "key": "oldAnytypeID"
    },
    {
     "key": "tag",
     "format": "tag"
    },
    {
     "key": "backlinks",
     "format": "object"
    }
   ]
  },
  "fileKeys": [
   {
    "hash": "bafybeida3k7hazimchm6ec4245q3wskepjshzduxob7yplk7npl7xwxypu",
    "keys": {
     "/0/exif/": "b5sdukbj4tuu4hsdgnddzfpojfshsmrbvqig5ty3fnmtbndyczj3a",
     "/0/large/": "b5gmgatgyct6emfm52uc2wftl4vwo3z3s7aacbcomekqpxejis4fa",
     "/0/original/": "bmvis5rtfktoujhwhtprrrqkqodmlaq3zr2r6dmrg5f24456rvv4q",
     "/0/small/": "bztnweomae7qrgbnic4oxc6vbjm2mw2byykyfgukcu2sg3k5qgtfa",
     "/0/thumb/": "bw2fnvqb2qw5d35plgkbdaqupaso74ggr74x3b4b3zlz7mwmz7hva"
    }
   }
  ]
 }
}