{
 "sbType": "Page",
 "snapshot": {
  "data": {
   "blocks": [
    {
     "id": "bafyreigw2qtizpsczi6wynoajve2vrw7nhnyjjuztw3wze4fqjoevpkbwm",
     "fields": {
       "analyticsContext": "skip",
       "analyticsOriginalId": "bafyreihytre5togio6ppycia2zpnipe4y7ykdhepc22hgjoepajqiup7ca"
      },
     "restrictions": {

     },
     "childrenIds": [
      "header",
      "6463c8e23d9390bc1a7fb167",
      "60c211b0ab98c307f7993b72",
      "60c21270ab98c307f7993b81",
      "60c2127dab98c307f7993b82",
      "6463c8d03d9390bc1a7fb166",
      "60f09673d5877d31cde9f726",
      "64957bc8ccba0a58504a337c",
      "64957bc8ccba0a58504a337d",
      "64957bc8ccba0a58504a337e",
      "64957bc8ccba0a58504a337f",
      "60f5c41d6cabea22ef364e01"
     ],
     "smartblock": {

     }
    },
    {
     "id": "header",
     "restrictions": {
      "edit": true,
      "remove": true,
      "drag": true,
      "dropOn": true
     },
     "childrenIds": [
      "title",
      "featuredRelations"
     ],
     "layout": {
      "style": "Header"
     }
    },
    {
     "id": "6463c8e23d9390bc1a7fb167",
     "relation": {
      "key": "createdDate"
     }
    },
    {
     "id": "60c211b0ab98c307f7993b72",
     "relation": {
      "key": "dueDate"
     }
    },
    {
     "id": "60c21270ab98c307f7993b81",
     "relation": {
      "key": "status"
     }
    },
    {
     "id": "60c2127dab98c307f7993b82",
     "text": {
      "style": "Header2",
      "marks": {

      }
     }
    },
    {
     "id": "6463c8d03d9390bc1a7fb166",
     "text": {
      "text": "Details ",
      "style": "Header2",
      "marks": {

      }
     }
    },
    {
     "id": "60f09673d5877d31cde9f726",
     "div": {

     }
    },
    {
     "id": "64957bc8ccba0a58504a337c",
     "fields": {
      },
     "text": {
      "text": "Using  Across Platforms ",
      "style": "Header2",
      "marks": {

      }
     }
    },
    {
     "id": "64957bc8ccba0a58504a337d",
     "fields": {
      },
     "text": {
      "text": "Try using Anytype across multiple platforms. We have desktop apps for macOS, Windows, Linux, and mobile apps for iOS, Android. ",
      "marks": {

      }
     }
    },
    {
     "id": "64957bc8ccba0a58504a337e",
     "fields": {
      },
     "text": {
      "text": "Download here or scan the QR code. ",
      "marks": {
       "marks": [
        {
         "range": {
          "from": 9,
          "to": 13
         },
         "type": "Link",
         "param": "https://download.anytype.io/ "
        }
       ]
      }
     }
    },
    {
     "id": "64957bc8ccba0a58504a337f",
     "fields": {
       "width": 0.4390720274390244
      },
     "align": "AlignCenter",
     "file": {
      "hash": "bafybeicaugitqqbckau5manm6hsdu5k4e6owcna2h2sezyoyhseypaj7hm",
      "name": "Screenshot 2021-11-05 at 11.56.21.png",
      "type": "Image",
      "state": "Done"
     }
    },
    {
     "id": "60f5c41d6cabea22ef364e01",
     "text": {
      "marks": {

      }
     }
    },
    {
     "id": "title",
     "fields": {
       "_detailsKey": [
          "name",
          "done"
         ]
      },
     "restrictions": {
      "remove": true,
      "drag": true,
      "dropOn": true
     },
     "text": {
      "style": "Title",
      "marks": {

      }
     }
    },
    {
     "id": "featuredRelations",
     "restrictions": {
      "remove": true,
      "drag": true,
      "dropOn": true
     },
     "featuredRelations": {

     }
    }
   ],
   "details": {
     "backlinks": [
        "bafyreia3ow3j5rhedw7afie5s6oj37rxbwlt2mnsftynfs54u2fvjoupv4",
        "bafyreiemsie5rqymgfotipbrkp2c2verdl77vcmbe3fl6vfvkmfcqnhhha"
       ],
     "createdDate": 1695656265,
     "creator": "bafyreifc5pfjexh36tzw6itfyj3u27zyyvvjuvfp4yub3iuw2y2l5omtdm",
     "description": "",
     "featuredRelations": [
        "type"
       ],
     "id": "bafyreigw2qtizpsczi6wynoajve2vrw7nhnyjjuztw3wze4fqjoevpkbwm",
     "isArchived": true,
     "lastModifiedBy": "bafyreifc5pfjexh36tzw6itfyj3u27zyyvvjuvfp4yub3iuw2y2l5omtdm",
     "lastModifiedDate": 1695656265,
     "layout": 2,
     "links": [
       ],
     "name": "Experience Anytype on your mobile device or desktop application",
     "oldAnytypeID": "bafyreiae2k7ayzfrxyg3wj45qqf7mff6ikerlv45aig4tox664xmcnu5d4",
     "priority": 1,
     "restrictions": [
       ],
     "snippet": "Details\nUsing  Across Platforms\nTry using Anytype across multiple platforms. We have desktop apps for macOS, Windows, Linux, and mobile apps for iOS, Android.",
     "sourceFilePath": "pb:/Users/charlotte/Library/Application Support/anytype/alpha/data/tmp/tmp.20230925.173745.42.zip/bafyreiae2k7ayzfrxyg3wj45qqf7mff6ikerlv45aig4tox664xmcnu5d4.pb",
     "status": [
        "bafyreiff55c2cdlu236sszo4au4qu5imzh3z3rkqpl5q4zfok6d5x2k7pm"
       ],
     "tag": [
        "64cbc073ccba0a7f50247689"
       ],
     "type": "ot-task",
     "workspaceId": "bafyreihueygh5y3h727335e32xlov6g3m6p7adnyg4t7j5oyuhw66rmd4m"
    },
   "objectTypes": [
    "ot-task"
   ],
   "relationLinks": [
    {
     "key": "workspaceId",
     "format": "object"
    },
    {
     "key": "createdDate",
     "format": "date"
    },
    {
     "key": "creator",
     "format": "object"
    },
    {
     "key": "type",
     "format": "object"
    },
    {
     "key": "id",
     "format": "object"
    },
    {
     "key": "snippet"
    },
    {
     "key": "internalFlags",
     "format": "number"
    },
    {
     "key": "layout",
     "format": "number"
    },
    {
     "key": "name",
     "format": "shorttext"
    },
    {
     "key": "description"
    },
    {
     "key": "iconEmoji",
     "format": "emoji"
    },
    {
     "key": "iconImage",
     "format": "file"
    },
    {
     "key": "layoutAlign",
     "format": "number"
    },
    {
     "key": "coverId",
     "format": "shorttext"
    },
    {
     "key": "coverScale",
     "format": "number"
    },
    {
     "key": "coverType",
     "format": "number"
    },
    {
     "key": "coverX",
     "format": "number"
    },
    {
     "key": "coverY",
     "format": "number"
    },
    {
     "key": "lastModifiedDate",
     "format": "date"
    },
    {
     "key": "lastModifiedBy",
     "format": "object"
    },
    {
     "key": "lastOpenedDate",
     "format": "date"
    },
    {
     "key": "featuredRelations",
     "format": "object"
    },
    {
     "key": "isFavorite",
     "format": "checkbox"
    },
    {
     "key": "links",
     "format": "object"
    },
    {
     "key": "restrictions",
     "format": "number"
    },
    {
     "key": "targetObjectType",
     "format": "object"
    },
    {
     "key": "isHidden",
     "format": "checkbox"
    },
    {
     "key": "isArchived",
     "format": "checkbox"
    },
    {
     "key": "dueDate",
     "format": "date"
    },
    {
     "key": "status",
     "format": "status"
    },
    {
     "key": "assignee",
     "format": "object"
    },
    {
     "key": "sourceObject",
     "format": "object"
    },
    {
     "key": "done",
     "format": "checkbox"
    },
    {
     "key": "sourceFilePath"
    },
    {
     "key": "oldAnytypeID"
    },
    {
     "key": "priority",
     "format": "number"
    },
    {
     "key": "tag",
     "format": "tag"
    },
    {
     "key": "backlinks",
     "format": "object"
    }
   ]
  },
  "fileKeys": [
   {
    "hash": "bafybeicaugitqqbckau5manm6hsdu5k4e6owcna2h2sezyoyhseypaj7hm",
    "keys": {
     "/0/exif/": "bkimyk6vdwqrxri2iab4dc74t6j5e5neo3oyh73fuievgdfy3frra",
     "/0/large/": "bbfbxubofwpq6a2xf7te43g44nl627d5d2wwjuklt57zxauiq63gq",
     "/0/original/": "bvilbom7l6inwv6wzoqjodus3irwjkdqybex7utij3cyaijq2rlta",
     "/0/small/": "buckvtx3qze76f7253pxh6znajtvefac5hxbtakz24fzkidujs2dq",
     "/0/thumb/": "bsdkzy2z7u53jcfnj2u2sbmgbr4zyowzvrxmqh2ve6fqb5vpvrzma"
    }
   }
  ]
 }
}