{
 "sbType": "Page",
 "snapshot": {
  "data": {
   "blocks": [
    {
     "id": "bafyreiaklvcal6oef62m6shoac3ffuqw6u4xlpsdfigq6dyfpl2wcbeo7y",
     "fields": {
       "analyticsContext": "skip",
       "analyticsOriginalId": "bafybajjjrop7jczxbevzu4nohzgvxgkw3vffbwghc7zyqcgiscpdx3ls",
       "isLocked": false
      },
     "restrictions": {

     },
     "childrenIds": [
      "header",
      "629b6badc1bdc501c3491cf2",
      "625ff023c54d2dccfeccda0c",
      "628bfb634aa78802ef0539c5",
      "646f7e03ccba0ae9070c49d2",
      "628bfba74aa78802ef0539ca",
      "629b6ceac1bdc501c3491cf7",
      "628b6dee4aa78802ef053804",
      "62951fc2b6acc712c7d6fcff",
      "r-68b6005894e1d8c7de6df997f48ee5be",
      "r-f37b2b1f696dab7f66a240a3d536605a",
      "6298dc16b6acc712c7d70041",
      "628c010d4aa78802ef053a78",
      "649da1a1ccba0ab5dfe16566",
      "649f05f0ccba0a39e95a6004"
     ],
     "smartblock": {

     }
    },
    {
     "id": "header",
     "restrictions": {
      "edit": true,
      "remove": true,
      "drag": true,
      "dropOn": true
     },
     "childrenIds": [
      "title",
      "description",
      "featuredRelations"
     ],
     "layout": {
      "style": "Header"
     }
    },
    {
     "id": "629b6badc1bdc501c3491cf2",
     "restrictions": {

     },
     "text": {
      "text": "Hey there",
      "style": "Header2",
      "marks": {

      }
     }
    },
    {
     "id": "625ff023c54d2dccfeccda0c",
     "restrictions": {

     },
     "text": {
      "text": "If you're looking to hone your Anytype superpowers, you're in the right place! Here you'll find documentation on core features such as Relations, Templates, and Sets.",
      "marks": {

      }
     }
    },
    {
     "id": "628bfb634aa78802ef0539c5",
     "restrictions": {

     },
     "link": {
      "targetBlockId": "bafyreifoju3ekqxfh3jsfpcr5h7qwutd3xxl7onhpmw2naoixkgzkqg3e4",
      "iconSize": "SizeSmall",
      "cardStyle": "Card"
     }
    },
    {
     "id": "646f7e03ccba0ae9070c49d2",
     "link": {
      "targetBlockId": "bafyreift7exrpuv7rrl3qoojxncrtef64qkkoulhjrknxgywwxhpba42rm",
      "iconSize": "SizeSmall",
      "cardStyle": "Card"
     }
    },
    {
     "id": "628bfba74aa78802ef0539ca",
     "restrictions": {

     },
     "link": {
      "targetBlockId": "bafyreihloasnp3xumdxtncumjtl3xvomvh2t25z5ry5qn4sonyhpgiksxe",
      "iconSize": "SizeSmall",
      "cardStyle": "Card"
     }
    },
    {
     "id": "629b6ceac1bdc501c3491cf7",
     "restrictions": {

     },
     "text": {
      "text": "If you're still looking to get the most out of the Editor, check out out team's tips on the Get started page. ",
      "style": "Callout",
      "marks": {
       "marks": [
        {
         "range": {
          "from": 92,
          "to": 103
         },
         "type": "Mention",
         "param": "bafyreia3ow3j5rhedw7afie5s6oj37rxbwlt2mnsftynfs54u2fvjoupv4"
        }
       ]
      }
     }
    },
    {
     "id": "628b6dee4aa78802ef053804",
     "restrictions": {

     },
     "text": {
      "text": "Some of our Favorite Use Cases",
      "style": "Header2",
      "marks": {

      }
     }
    },
    {
     "id": "62951fc2b6acc712c7d6fcff",
     "restrictions": {

     },
     "text": {
      "text": "See how our team uses Anytype and get inspiration for managing your personal life, studies, and work. ",
      "marks": {

      }
     }
    },
    {
     "id": "r-68b6005894e1d8c7de6df997f48ee5be",
     "restrictions": {

     },
     "childrenIds": [
      "cd-68b6005894e1d8c7de6df997f48ee5be",
      "ct-68b6005894e1d8c7de6df997f48ee5be"
     ],
     "layout": {

     }
    },
    {
     "id": "r-f37b2b1f696dab7f66a240a3d536605a",
     "restrictions": {

     },
     "childrenIds": [
      "cd-092046fd62ef4bce71e2630e78bfc1e2",
      "cd-f37b2b1f696dab7f66a240a3d536605a"
     ],
     "layout": {

     }
    },
    {
     "id": "6298dc16b6acc712c7d70041",
     "restrictions": {

     },
     "text": {
      "text": "Additional Help: ",
      "style": "Header2",
      "marks": {

      }
     }
    },
    {
     "id": "628c010d4aa78802ef053a78",
     "restrictions": {

     },
     "text": {
      "text": "Feel free to check our Docs for additional information on importing your data, our Privacy Policy, or more demo use cases. ",
      "marks": {
       "marks": [
        {
         "range": {
          "from": 23,
          "to": 27
         },
         "type": "Link",
         "param": "http://doc.anytype.io"
        }
       ]
      }
     }
    },
    {
     "id": "649da1a1ccba0ab5dfe16566",
     "restrictions": {

     },
     "text": {
      "text": "Have a feature request or bug report? Let us know about it in our Community Forums! ",
      "marks": {
       "marks": [
        {
         "range": {
          "from": 66,
          "to": 82
         },
         "type": "Link",
         "param": "https://community.anytype.io"
        }
       ]
      }
     }
    },
    {
     "id": "649f05f0ccba0a39e95a6004",
     "bookmark": {
      "url": "https://community.anytype.io/",
      "title": "Anytype Community",
      "description": "Place to share feedback, write bug reports, and connect with Anytype users from all over the globe!",
      "imageHash": "bafybeib4mags3wtdcpnlwcysqby6kdhvy2hbk3s54owcqmpvjwlv4xe7ky",
      "faviconHash": "bafybeiasl27gslws4hpvzufm467zjhxb3klodj53rt6dpola67bmvep3x4",
      "type": "Page",
      "targetObjectId": "bafyreieyymhj4wwayccs7yxmjcamrhhfphna2mcjdc3eymworakaqgqyqy",
      "state": "Done"
     }
    },
    {
     "id": "title",
     "fields": {
       "_detailsKey": [
          "name",
          "done"
         ]
      },
     "restrictions": {
      "remove": true,
      "drag": true,
      "dropOn": true
     },
     "text": {
      "style": "Title",
      "marks": {

      }
     }
    },
    {
     "id": "description",
     "fields": {
       "_detailsKey": "description"
      },
     "restrictions": {
      "remove": true,
      "drag": true,
      "dropOn": true
     },
     "text": {
      "style": "Description",
      "marks": {

      }
     }
    },
    {
     "id": "featuredRelations",
     "restrictions": {
      "remove": true,
      "drag": true,
      "dropOn": true
     },
     "featuredRelations": {

     }
    },
    {
     "id": "cd-68b6005894e1d8c7de6df997f48ee5be",
     "restrictions": {

     },
     "childrenIds": [
      "649eb3c4ccba0af7b70fbcc8"
     ],
     "layout": {
      "style": "Column"
     }
    },
    {
     "id": "ct-68b6005894e1d8c7de6df997f48ee5be",
     "restrictions": {

     },
     "childrenIds": [
      "649eb3d1ccba0af7b70fbccb"
     ],
     "layout": {
      "style": "Column"
     }
    },
    {
     "id": "cd-092046fd62ef4bce71e2630e78bfc1e2",
     "restrictions": {

     },
     "childrenIds": [
      "649eb3dfccba0af7b70fbcce"
     ],
     "layout": {
      "style": "Column"
     }
    },
    {
     "id": "cd-f37b2b1f696dab7f66a240a3d536605a",
     "restrictions": {

     },
     "childrenIds": [
      "649eb3f9ccba0af7b70fbcd1"
     ],
     "layout": {
      "style": "Column"
     }
    },
    {
     "id": "649eb3c4ccba0af7b70fbcc8",
     "bookmark": {
      "url": "https://youtu.be/Cl-sG9MialM",
      "title": "Daily Journal",
      "description": "Build a ritual of daily journaling so you can keep track of your moods, energy, and, thoughts each day.",
      "imageHash": "bafybeigdl2nr3w7kbz6qocqhqxmavsq7nic3xd3fq37kobkbulossaoeha",
      "faviconHash": "bafybeifmbgagclcfnlz7hplhhbi3pupwur4ejioi2c5ys5bxsndt3yo23e",
      "type": "Page",
      "targetObjectId": "bafyreibolfmrmmlq5xvlqrduvwcxlv5onewavmvrqdknbc7za5njh6v5xq",
      "state": "Done"
     }
    },
    {
     "id": "649eb3d1ccba0af7b70fbccb",
     "bookmark": {
      "url": "https://youtu.be/I-TISp9vfk8",
      "title": "Recipe Book \u0026 Meal Planner",
      "description": "Plan out your meals \u0026 grocery lists using sets and collections",
      "imageHash": "bafybeibov34pww74ijd5i52euxp2rtex6gyi4ymigzohxpvfvnc2b5vog4",
      "faviconHash": "bafybeifmbgagclcfnlz7hplhhbi3pupwur4ejioi2c5ys5bxsndt3yo23e",
      "type": "Page",
      "targetObjectId": "bafyreif3v4tlyczo3nsqmod4jmaini4y4cwnvn5u27na3uctolyvu5xdua",
      "state": "Done"
     }
    },
    {
     "id": "649eb3dfccba0af7b70fbcce",
     "bookmark": {
      "url": "https://youtu.be/fwZ_bx53uh4",
      "title": "Movie Database",
      "description": "Use templates, relations, and sets to create beautiful knowledge bases of your hobbies and interests",
      "imageHash": "bafybeibyik3q3rraaixxazmvx6ra4di2ix44xhix7d4f3czlrp3p7bxl5q",
      "faviconHash": "bafybeifmbgagclcfnlz7hplhhbi3pupwur4ejioi2c5ys5bxsndt3yo23e",
      "type": "Page",
      "targetObjectId": "bafyreif2wqha2arsy7g6jt66m4c7c62h6hl2xajdduicvsv3wxml2ggcce",
      "state": "Done"
     }
    },
    {
     "id": "649eb3f9ccba0af7b70fbcd1",
     "bookmark": {
      "url": "https://youtu.be/Yu2-fkiKTdE",
      "title": "Course notes",
      "description": "Use linked Objects, templates, and Sets to stay on top of your coursework.",
      "imageHash": "bafybeid6wgh4wb3jwgsazxufi3hwcjyicmpm6huwrrkqnv2mfm4upwhgpi",
      "faviconHash": "bafybeifmbgagclcfnlz7hplhhbi3pupwur4ejioi2c5ys5bxsndt3yo23e",
      "type": "Page",
      "targetObjectId": "bafyreibue5sfepo426kkjktfdszjfabiucvvzpldrxitpssdbqkw5dnyaq",
      "state": "Done"
     }
    }
   ],
   "details": {
     "backlinks": [
        "bafyreia3ow3j5rhedw7afie5s6oj37rxbwlt2mnsftynfs54u2fvjoupv4",
        "bafyreiemsie5rqymgfotipbrkp2c2verdl77vcmbe3fl6vfvkmfcqnhhha",
        "bafyreigoxluraupk4o4peace3sqb6n5k53summt5jlnqgzp5k4vxitq3ce"
       ],
     "coverId": "",
     "coverScale": 0,
     "coverType": 0,
     "coverX": 0,
     "coverY": 0,
     "createdDate": 1695656265,
     "creator": "bafyreifc5pfjexh36tzw6itfyj3u27zyyvvjuvfp4yub3iuw2y2l5omtdm",
     "description": "",
     "featuredRelations": [
        "type",
        "description"
       ],
     "iconEmoji": "🧗‍♀️",
     "iconImage": "",
     "id": "bafyreiaklvcal6oef62m6shoac3ffuqw6u4xlpsdfigq6dyfpl2wcbeo7y",
     "isArchived": true,
     "isFavorite": true,
     "lastModifiedBy": "bafyreifc5pfjexh36tzw6itfyj3u27zyyvvjuvfp4yub3iuw2y2l5omtdm",
     "lastModifiedDate": 1695656265,
     "layout": 0,
     "links": [
        "bafyreifoju3ekqxfh3jsfpcr5h7qwutd3xxl7onhpmw2naoixkgzkqg3e4",
        "bafyreift7exrpuv7rrl3qoojxncrtef64qkkoulhjrknxgywwxhpba42rm",
        "bafyreihloasnp3xumdxtncumjtl3xvomvh2t25z5ry5qn4sonyhpgiksxe",
        "bafyreia3ow3j5rhedw7afie5s6oj37rxbwlt2mnsftynfs54u2fvjoupv4",
        "bafyreibolfmrmmlq5xvlqrduvwcxlv5onewavmvrqdknbc7za5njh6v5xq",
        "bafyreif3v4tlyczo3nsqmod4jmaini4y4cwnvn5u27na3uctolyvu5xdua",
        "bafyreif2wqha2arsy7g6jt66m4c7c62h6hl2xajdduicvsv3wxml2ggcce",
        "bafyreibue5sfepo426kkjktfdszjfabiucvvzpldrxitpssdbqkw5dnyaq",
        "bafyreieyymhj4wwayccs7yxmjcamrhhfphna2mcjdc3eymworakaqgqyqy"
       ],
     "name": "Advanced",
     "oldAnytypeID": "bafyreieubcokls7pflfnokdt2vjx533abqqk2nz7qnzlt5hmouwl7xlsi4",
     "restrictions": [
       ],
     "snippet": "Hey there\nIf you're looking to hone your Anytype superpowers, you're in the right place! Here you'll find documentation on core features such as Relations, Templates, and Sets.",
     "sourceFilePath": "pb:/Users/charlotte/Library/Application Support/anytype/alpha/data/tmp/tmp.20230925.173745.42.zip/bafyreieubcokls7pflfnokdt2vjx533abqqk2nz7qnzlt5hmouwl7xlsi4.pb",
     "tag": [
        "64cbc073ccba0a7f50247689"
       ],
     "type": "ot-page",
     "workspaceId": "bafyreihueygh5y3h727335e32xlov6g3m6p7adnyg4t7j5oyuhw66rmd4m"
    },
   "objectTypes": [
    "ot-page"
   ],
   "relationLinks": [
    {
     "key": "id",
     "format": "object"
    },
    {
     "key": "snippet"
    },
    {
     "key": "workspaceId",
     "format": "object"
    },
    {
     "key": "createdDate",
     "format": "date"
    },
    {
     "key": "creator",
     "format": "object"
    },
    {
     "key": "type",
     "format": "object"
    },
    {
     "key": "layout",
     "format": "number"
    },
    {
     "key": "name",
     "format": "shorttext"
    },
    {
     "key": "description"
    },
    {
     "key": "iconEmoji",
     "format": "emoji"
    },
    {
     "key": "iconImage",
     "format": "file"
    },
    {
     "key": "layoutAlign",
     "format": "number"
    },
    {
     "key": "coverId",
     "format": "shorttext"
    },
    {
     "key": "coverScale",
     "format": "number"
    },
    {
     "key": "coverType",
     "format": "number"
    },
    {
     "key": "coverX",
     "format": "number"
    },
    {
     "key": "coverY",
     "format": "number"
    },
    {
     "key": "lastModifiedDate",
     "format": "date"
    },
    {
     "key": "lastModifiedBy",
     "format": "object"
    },
    {
     "key": "lastOpenedDate",
     "format": "date"
    },
    {
     "key": "featuredRelations",
     "format": "object"
    },
    {
     "key": "isHidden",
     "format": "checkbox"
    },
    {
     "key": "isArchived",
     "format": "checkbox"
    },
    {
     "key": "isFavorite",
     "format": "checkbox"
    },
    {
     "key": "links",
     "format": "object"
    },
    {
     "key": "restrictions",
     "format": "number"
    },
    {
     "key": "internalFlags",
     "format": "number"
    },
    {
     "key": "oldAnytypeID"
    },
    {
     "key": "sourceFilePath"
    },
    {
     "key": "tag",
     "format": "tag"
    },
    {
     "key": "backlinks",
     "format": "object"
    }
   ]
  },
  "fileKeys": [
   {
    "hash": "bafybeigdl2nr3w7kbz6qocqhqxmavsq7nic3xd3fq37kobkbulossaoeha",
    "keys": {
     "/0/exif/": "befkw6a3vj3mgylhtihteyppmsaorzu7mnrpbmlagsy3ceyatc2ya",
     "/0/large/": "bid25yyr2qol5jsex3zcrz3uih4gvkho55kf3gp4nzuh7tfhn3osa",
     "/0/original/": "bid25yyr2qol5jsex3zcrz3uih4gvkho55kf3gp4nzuh7tfhn3osa",
     "/0/small/": "bj2blatakgxsj5m4mcfodbvxs6j3v6imr7g2ccqpbk7ck3mfhhuna",
     "/0/thumb/": "b6rtrbe2hlsfcaeslpav4dnpust5dp2tpewtjxnm2smurrfz2lq5q"
    }
   },
   {
    "hash": "bafybeifmbgagclcfnlz7hplhhbi3pupwur4ejioi2c5ys5bxsndt3yo23e",
    "keys": {
     "/0/exif/": "buoo25pon52hhy45qrqhjdea2sxv4xa4v2a7rqusvvnchg7e7rr6q",
     "/0/large/": "brnic7eoo7jnm6nx3pbpdpvqhqnlcoy2tbdk7sts3luscyiylcwuq",
     "/0/original/": "brnic7eoo7jnm6nx3pbpdpvqhqnlcoy2tbdk7sts3luscyiylcwuq",
     "/0/small/": "brnic7eoo7jnm6nx3pbpdpvqhqnlcoy2tbdk7sts3luscyiylcwuq",
     "/0/thumb/": "biew53ctujuzbdxf6wiwe7rnf2plkrbwccmmsj4sewghzdu3altda"
    }
   },
   {
    "hash": "bafybeibov34pww74ijd5i52euxp2rtex6gyi4ymigzohxpvfvnc2b5vog4",
    "keys": {
     "/0/exif/": "bsnzpqmmtmjyoh3xthrdtbxrxet3oh2ou4o75a6khsixwymtg4tyq",
     "/0/large/": "bokpmmqy7eit5swlhtofiipc3xh4frk73esnayqaf5i6bcsq4avdq",
     "/0/original/": "bokpmmqy7eit5swlhtofiipc3xh4frk73esnayqaf5i6bcsq4avdq",
     "/0/small/": "bokdbrkfhi5b7jh4iit4xssh5jkzfsfnrzvipw5rql74knjc5r5da",
     "/0/thumb/": "bbawe5mq5gw2keaixzswuylbp4yhgp2ip4wrqspqq2mjov4ihb2ka"
    }
   },
   {
    "hash": "bafybeibyik3q3rraaixxazmvx6ra4di2ix44xhix7d4f3czlrp3p7bxl5q",
    "keys": {
     "/0/exif/": "bnuz237ven4oz7t7jhlmkpbigmmkmku2opaecp7xgrbfjbxwp7m4q",
     "/0/large/": "b743zhe3fnj7c36grpb23jiphxznnoklapsm7257hzwzmskntng3a",
     "/0/original/": "b743zhe3fnj7c36grpb23jiphxznnoklapsm7257hzwzmskntng3a",
     "/0/small/": "b6fwxu66lyvavmzzikpnhmvkexeitgrxcllq4o2qnvv6wte5fubnq",
     "/0/thumb/": "bcnm3lndlv7qkblub5o7vbaxkmxj2cxg2e4wshe7uq2fg3gmna6ia"
    }
   },
   {
    "hash": "bafybeid6wgh4wb3jwgsazxufi3hwcjyicmpm6huwrrkqnv2mfm4upwhgpi",
    "keys": {
     "/0/exif/": "bpxcvacjurkjxofbozryese7ziac6bcoxftmhjwmcqq2msxp7ktta",
     "/0/large/": "bbzufvqtiu63ij3mmzv4te7xfc4qcmx434zqc7tm3yb2vfade42cq",
     "/0/original/": "bbzufvqtiu63ij3mmzv4te7xfc4qcmx434zqc7tm3yb2vfade42cq",
     "/0/small/": "bua7trsm6vcrukvxa3x2rso2lhjqvwb47fukgbbd5ohnoaf6eauoq",
     "/0/thumb/": "bvny5b7hnqsx7jppanl2e4gky46vidxglos7amwnl2rv7hq5mlxha"
    }
   },
   {
    "hash": "bafybeib4mags3wtdcpnlwcysqby6kdhvy2hbk3s54owcqmpvjwlv4xe7ky",
    "keys": {
     "/0/exif/": "byia452hocvfq4tfoyonlki7eufdhoatlromhmtnfpbrpkd26q3lq",
     "/0/large/": "bdmov5swbtlg5anwhitzfz3rexd63luotnv7d4f3lm5fjtnxrc33a",
     "/0/original/": "b2rzadyvgj2dtuhmvmn3keg3nclsshl3uxpkry2du64rgyignur4a",
     "/0/small/": "bi6fjlerkrgzqjzojcardky5wyzcnvdzaugn7dpahymxwbvzak6va",
     "/0/thumb/": "b5u2nkgp5bebmpkr75alcuasmazxr7kapzkur3zzbeovzi24xptya"
    }
   },
   {
    "hash": "bafybeiasl27gslws4hpvzufm467zjhxb3klodj53rt6dpola67bmvep3x4",
    "keys": {
     "/0/exif/": "b2gbg35grnn7iltxnw6cmvtb2q2my545ausripd2zocoinzwwcqbq",
     "/0/large/": "bpsefqlea6vejsrt7fzgu6axcveao2ilnyz2ydzuogvfqxripd2dq",
     "/0/original/": "bibhaysiw2kf6vkcspb7dnchhvbv2qo3qngoy7a5bmq2hzh52cgiq",
     "/0/small/": "bpsefqlea6vejsrt7fzgu6axcveao2ilnyz2ydzuogvfqxripd2dq",
     "/0/thumb/": "bpsefqlea6vejsrt7fzgu6axcveao2ilnyz2ydzuogvfqxripd2dq"
    }
   }
  ]
 }
}