{
 "sbType": "Page",
 "snapshot": {
  "data": {
   "blocks": [
    {
     "id": "bafyreidy6bfcmwvvasejdsqtmktmpdsk5svrkiw5jnyydqbuqbvsremjpa",
     "restrictions": {

     },
     "childrenIds": [
      "header",
      "6511aae91cac630478df1d0d",
      "6511ab0c1cac630478df1d13",
      "6511aaec1cac630478df1d0f",
      "6511ab171cac630478df1d14",
      "6511aafc1cac630478df1d12",
      "6511ab2c1cac630478df1d16"
     ],
     "smartblock": {

     }
    },
    {
     "id": "header",
     "restrictions": {
      "edit": true,
      "remove": true,
      "drag": true,
      "dropOn": true
     },
     "childrenIds": [
      "title",
      "description",
      "featuredRelations"
     ],
     "layout": {
      "style": "Header"
     }
    },
    {
     "id": "6511aae91cac630478df1d0d",
     "text": {
      "text": "Notes",
      "style": "Header3",
      "marks": {

      }
     }
    },
    {
     "id": "6511ab0c1cac630478df1d13",
     "text": {
      "style": "Marked",
      "marks": {

      }
     }
    },
    {
     "id": "6511aaec1cac630478df1d0f",
     "text": {
      "text": "Open Questions",
      "style": "Header3",
      "marks": {

      }
     }
    },
    {
     "id": "6511ab171cac630478df1d14",
     "text": {
      "style": "Numbered",
      "marks": {

      }
     }
    },
    {
     "id": "6511aafc1cac630478df1d12",
     "text": {
      "text": "Assignments",
      "style": "Header3",
      "marks": {

      }
     }
    },
    {
     "id": "6511ab2c1cac630478df1d16",
     "fields": {
       "cardStyle": 0,
       "description": 0,
       "iconSize": 1,
       "relations": [
         ]
      },
     "link": {
      "targetBlockId": "bafyreibdozagmweq7y5p7pw5bfpruch5asqhxoo365ksx6fw67yq43dbpi"
     }
    },
    {
     "id": "title",
     "fields": {
       "_detailsKey": [
          "name",
          "done"
         ]
      },
     "restrictions": {
      "remove": true,
      "drag": true,
      "dropOn": true
     },
     "text": {
      "style": "Title",
      "marks": {

      }
     }
    },
    {
     "id": "description",
     "fields": {
       "_detailsKey": "description"
      },
     "restrictions": {
      "remove": true,
      "drag": true,
      "dropOn": true
     },
     "text": {
      "style": "Description",
      "marks": {

      }
     }
    },
    {
     "id": "featuredRelations",
     "restrictions": {
      "remove": true,
      "drag": true,
      "dropOn": true
     },
     "featuredRelations": {

     }
    }
   ],
   "details": {
     "backlinks": [
        "bafyreiemsie5rqymgfotipbrkp2c2verdl77vcmbe3fl6vfvkmfcqnhhha"
       ],
     "createdDate": 1695656663,
     "creator": "bafyreifc5pfjexh36tzw6itfyj3u27zyyvvjuvfp4yub3iuw2y2l5omtdm",
     "description": "",
     "featuredRelations": [
        "type",
        "description"
       ],
     "id": "bafyreidy6bfcmwvvasejdsqtmktmpdsk5svrkiw5jnyydqbuqbvsremjpa",
     "isArchived": true,
     "lastModifiedBy": "bafyreifc5pfjexh36tzw6itfyj3u27zyyvvjuvfp4yub3iuw2y2l5omtdm",
     "lastModifiedDate": 1695656748,
     "lastOpenedDate": 1695657747,
     "layout": 0,
     "links": [
        "bafyreibdozagmweq7y5p7pw5bfpruch5asqhxoo365ksx6fw67yq43dbpi"
       ],
     "name": "Lecture Topic",
     "restrictions": [
       ],
     "snippet": "Notes\nOpen Questions\nAssignments",
     "type": "ot-6511aae01cac630478df1d0c",
     "workspaceId": "bafyreihueygh5y3h727335e32xlov6g3m6p7adnyg4t7j5oyuhw66rmd4m"
    },
   "objectTypes": [
    "ot-6511aae01cac630478df1d0c"
   ],
   "relationLinks": [
    {
     "key": "workspaceId",
     "format": "object"
    },
    {
     "key": "createdDate",
     "format": "date"
    },
    {
     "key": "creator",
     "format": "object"
    },
    {
     "key": "type",
     "format": "object"
    },
    {
     "key": "id",
     "format": "object"
    },
    {
     "key": "snippet"
    },
    {
     "key": "internalFlags",
     "format": "number"
    },
    {
     "key": "backlinks",
     "format": "object"
    },
    {
     "key": "layout",
     "format": "number"
    },
    {
     "key": "name",
     "format": "shorttext"
    },
    {
     "key": "description"
    },
    {
     "key": "iconEmoji",
     "format": "emoji"
    },
    {
     "key": "iconImage",
     "format": "file"
    },
    {
     "key": "layoutAlign",
     "format": "number"
    },
    {
     "key": "coverId"
    },
    {
     "key": "coverScale",
     "format": "number"
    },
    {
     "key": "coverType",
     "format": "number"
    },
    {
     "key": "coverX",
     "format": "number"
    },
    {
     "key": "coverY",
     "format": "number"
    },
    {
     "key": "lastModifiedDate",
     "format": "date"
    },
    {
     "key": "lastModifiedBy",
     "format": "object"
    },
    {
     "key": "lastOpenedDate",
     "format": "date"
    },
    {
     "key": "featuredRelations",
     "format": "object"
    },
    {
     "key": "isFavorite",
     "format": "checkbox"
    },
    {
     "key": "links",
     "format": "object"
    },
    {
     "key": "restrictions",
     "format": "number"
    },
    {
     "key": "isArchived",
     "format": "checkbox"
    }
   ]
  }
 }
}