{
 "sbType": "Widget",
 "snapshot": {
  "data": {
   "blocks": [
    {
     "id": "bafyreig5pr4qry7lco23eqyvgk5ye2s7oh4oyrmdq6fsjltiu357iqykqe",
     "restrictions": {

     },
     "childrenIds": [
      "6511a9491cac630478df1ce3",
      "6511add01cac630478df1d35",
      "6511b0061cac630478df1d55"
     ],
     "smartblock": {

     }
    },
    {
     "id": "6511a9491cac630478df1ce3",
     "childrenIds": [
      "6511a9491cac630478df1ce2"
     ],
     "widget": {

     }
    },
    {
     "id": "6511add01cac630478df1d35",
     "restrictions": {

     },
     "childrenIds": [
      "6511add01cac630478df1d34"
     ],
     "widget": {
      "layout": "CompactList",
      "limit": 6
     }
    },
    {
     "id": "6511b0061cac630478df1d55",
     "childrenIds": [
      "6511b0061cac630478df1d54"
     ],
     "widget": {
      "layout": "CompactList",
      "limit": 6
     }
    },
    {
     "id": "6511a9491cac630478df1ce2",
     "link": {
      "targetBlockId": "bafyreidxllzeyetb7an6y63ctfuvktoigvo4z7kuk5nqfe76skz7grf45u",
      "cardStyle": "Inline"
     }
    },
    {
     "id": "6511add01cac630478df1d34",
     "link": {
      "targetBlockId": "bafyreian4adfsz7h3nawonwtn2fmjbleo7oxumovebffr7qnnwbpx7tzfm"
     }
    },
    {
     "id": "6511b0061cac630478df1d54",
     "link": {
      "targetBlockId": "bafyreigocw7kb7bsfrk6ukf52cel5hr7eo2ptcq3cpbq2xua7srl4dgr6e"
     }
    }
   ],
   "details": {
     "backlinks": [
       ],
     "creator": "bafyreifc5pfjexh36tzw6itfyj3u27zyyvvjuvfp4yub3iuw2y2l5omtdm",
     "id": "bafyreig5pr4qry7lco23eqyvgk5ye2s7oh4oyrmdq6fsjltiu357iqykqe",
     "isHidden": true,
     "lastModifiedBy": "bafyreifc5pfjexh36tzw6itfyj3u27zyyvvjuvfp4yub3iuw2y2l5omtdm",
     "lastModifiedDate": 1695658002,
     "lastOpenedDate": 1695656263,
     "layout": 7,
     "links": [
        "bafyreidxllzeyetb7an6y63ctfuvktoigvo4z7kuk5nqfe76skz7grf45u",
        "bafyreian4adfsz7h3nawonwtn2fmjbleo7oxumovebffr7qnnwbpx7tzfm",
        "bafyreigocw7kb7bsfrk6ukf52cel5hr7eo2ptcq3cpbq2xua7srl4dgr6e"
       ],
     "restrictions": [
        2,
        4,
        1,
        6,
        5,
        7,
        8
       ],
     "snippet": "",
     "type": "ot-dashboard",
     "workspaceId": "bafyreihueygh5y3h727335e32xlov6g3m6p7adnyg4t7j5oyuhw66rmd4m"
    },
   "objectTypes": [
    "ot-dashboard"
   ],
   "relationLinks": [
    {
     "key": "id",
     "format": "object"
    },
    {
     "key": "snippet"
    },
    {
     "key": "workspaceId",
     "format": "object"
    },
    {
     "key": "backlinks",
     "format": "object"
    },
    {
     "key": "creator",
     "format": "object"
    },
    {
     "key": "type",
     "format": "object"
    },
    {
     "key": "layout",
     "format": "number"
    },
    {
     "key": "isHidden",
     "format": "checkbox"
    },
    {
     "key": "lastModifiedBy",
     "format": "object"
    },
    {
     "key": "lastModifiedDate",
     "format": "date"
    }
   ]
  }
 }
}