{
 "sbType": "Template",
 "snapshot": {
  "data": {
   "blocks": [
    {
     "id": "bafyreibkojdocaer3pkye4gh7mdidxg274hvxf7rmztkpzblwg6w3yfxp4",
     "restrictions": {

     },
     "childrenIds": [
      "header",
      "6511aae91cac630478df1d0d",
      "6511ab0c1cac630478df1d13",
      "6511aaec1cac630478df1d0f",
      "6511ab171cac630478df1d14",
      "6511aafc1cac630478df1d12",
      "6511ab2c1cac630478df1d16"
     ],
     "smartblock": {

     }
    },
    {
     "id": "header",
     "restrictions": {
      "edit": true,
      "remove": true,
      "drag": true,
      "dropOn": true
     },
     "childrenIds": [
      "title",
      "description",
      "featuredRelations"
     ],
     "layout": {
      "style": "Header"
     }
    },
    {
     "id": "6511aae91cac630478df1d0d",
     "restrictions": {

     },
     "text": {
      "text": "Notes",
      "style": "Header3",
      "marks": {

      }
     }
    },
    {
     "id": "6511ab0c1cac630478df1d13",
     "restrictions": {

     },
     "text": {
      "style": "Marked",
      "marks": {

      }
     }
    },
    {
     "id": "6511aaec1cac630478df1d0f",
     "restrictions": {

     },
     "text": {
      "text": "Open Questions",
      "style": "Header3",
      "marks": {

      }
     }
    },
    {
     "id": "6511ab171cac630478df1d14",
     "restrictions": {

     },
     "text": {
      "style": "Numbered",
      "marks": {

      }
     }
    },
    {
     "id": "6511aafc1cac630478df1d12",
     "restrictions": {

     },
     "text": {
      "text": "Assignments",
      "style": "Header3",
      "marks": {

      }
     }
    },
    {
     "id": "6511ab2c1cac630478df1d16",
     "fields": {
       "cardStyle": 0,
       "description": 0,
       "iconSize": 1,
       "relations": [
         ]
      },
     "link": {
      "targetBlockId": "bafyreibdozagmweq7y5p7pw5bfpruch5asqhxoo365ksx6fw67yq43dbpi"
     }
    },
    {
     "id": "title",
     "fields": {
       "_detailsKey": [
          "name",
          "done"
         ]
      },
     "restrictions": {
      "remove": true,
      "drag": true,
      "dropOn": true
     },
     "text": {
      "style": "Title",
      "marks": {

      }
     }
    },
    {
     "id": "description",
     "fields": {
       "_detailsKey": "description"
      },
     "restrictions": {
      "remove": true,
      "drag": true,
      "dropOn": true
     },
     "text": {
      "style": "Description",
      "marks": {

      }
     }
    },
    {
     "id": "featuredRelations",
     "restrictions": {
      "remove": true,
      "drag": true,
      "dropOn": true
     },
     "featuredRelations": {

     }
    }
   ],
   "details": {
     "backlinks": [
       ],
     "coverId": "",
     "coverScale": 0,
     "coverType": 0,
     "coverX": 0,
     "coverY": 0,
     "createdDate": 1695656765,
     "creator": "bafyreifc5pfjexh36tzw6itfyj3u27zyyvvjuvfp4yub3iuw2y2l5omtdm",
     "description": "",
     "featuredRelations": [
        "type",
        "description"
       ],
     "id": "bafyreibkojdocaer3pkye4gh7mdidxg274hvxf7rmztkpzblwg6w3yfxp4",
     "lastModifiedBy": "bafyreifc5pfjexh36tzw6itfyj3u27zyyvvjuvfp4yub3iuw2y2l5omtdm",
     "lastModifiedDate": 1695657888,
     "lastOpenedDate": 1695657884,
     "layout": 0,
     "links": [
        "bafyreibdozagmweq7y5p7pw5bfpruch5asqhxoo365ksx6fw67yq43dbpi"
       ],
     "name": "Lecture Topic",
     "restrictions": [
        7
       ],
     "snippet": "Notes\nOpen Questions\nAssignments",
     "targetObjectType": "ot-6511aae01cac630478df1d0c",
     "type": "ot-template",
     "workspaceId": "bafyreihueygh5y3h727335e32xlov6g3m6p7adnyg4t7j5oyuhw66rmd4m"
    },
   "objectTypes": [
    "ot-template",
    "ot-6511aae01cac630478df1d0c"
   ],
   "relationLinks": [
    {
     "key": "workspaceId",
     "format": "object"
    },
    {
     "key": "createdDate",
     "format": "date"
    },
    {
     "key": "creator",
     "format": "object"
    },
    {
     "key": "type",
     "format": "object"
    },
    {
     "key": "id",
     "format": "object"
    },
    {
     "key": "snippet"
    },
    {
     "key": "internalFlags",
     "format": "number"
    },
    {
     "key": "backlinks",
     "format": "object"
    },
    {
     "key": "layout",
     "format": "number"
    },
    {
     "key": "name",
     "format": "shorttext"
    },
    {
     "key": "description"
    },
    {
     "key": "iconEmoji",
     "format": "emoji"
    },
    {
     "key": "iconImage",
     "format": "file"
    },
    {
     "key": "layoutAlign",
     "format": "number"
    },
    {
     "key": "coverId"
    },
    {
     "key": "coverScale",
     "format": "number"
    },
    {
     "key": "coverType",
     "format": "number"
    },
    {
     "key": "coverX",
     "format": "number"
    },
    {
     "key": "coverY",
     "format": "number"
    },
    {
     "key": "lastModifiedDate",
     "format": "date"
    },
    {
     "key": "lastModifiedBy",
     "format": "object"
    },
    {
     "key": "lastOpenedDate",
     "format": "date"
    },
    {
     "key": "featuredRelations",
     "format": "object"
    },
    {
     "key": "isFavorite",
     "format": "checkbox"
    },
    {
     "key": "links",
     "format": "object"
    },
    {
     "key": "restrictions",
     "format": "number"
    },
    {
     "key": "targetObjectType",
     "format": "object"
    }
   ]
  },
  "fileKeys": [
   {
    "hash": "bafybeifmk2kqlffxcnto65wdma5ow3fv6mjmwwkgfxgrw7ehy4kfb5dzii",
    "keys": {
     "/0/exif/": "bvtzwrygvoummd34irltze7zmhnqo6t24d44vmveeje6ivtpqztva",
     "/0/large/": "b5t7pn2td7mv7sli5pwkhcsbqgtjbpqmzvsyprkilf4i4vszzexaq",
     "/0/original/": "b72xcdmwjrvxev5q6pihrwxhzqfk35hv3imc5ots6jsz7jr4vkujq",
     "/0/small/": "bti3yzept7mppqjwcrkc2vgkvrp2zs6evcypcybbv46c3dgdquc2a",
     "/0/thumb/": "b342pp3lalwqkesw35abxeunhj45ewnnyzjuh7dwpmwwvrtpirb4a"
    }
   }
  ]
 }
}