{
 "sbType": "Page",
 "snapshot": {
  "data": {
   "blocks": [
    {
     "id": "bafyreigocw7kb7bsfrk6ukf52cel5hr7eo2ptcq3cpbq2xua7srl4dgr6e",
     "restrictions": {

     },
     "childrenIds": [
      "header",
      "dataview"
     ],
     "smartblock": {

     }
    },
    {
     "id": "header",
     "restrictions": {
      "edit": true,
      "remove": true,
      "drag": true,
      "dropOn": true
     },
     "childrenIds": [
      "title",
      "description",
      "featuredRelations"
     ],
     "layout": {
      "style": "Header"
     }
    },
    {
     "id": "dataview",
     "dataview": {
      "views": [
       {
        "id": "6511afe31cac630478df1d52",
        "name": "All",
        "sorts": [
         {
          "id": "6511afe31cac630478df1d53",
          "RelationKey": "lastModifiedDate",
          "type": "Desc"
         }
        ],
        "relations": [
         {
          "key": "name",
          "isVisible": true
         },
         {
          "key": "tag"
         },
         {
          "key": "description"
         },
         {
          "key": "type"
         },
         {
          "key": "createdDate"
         },
         {
          "key": "lastModifiedDate"
         },
         {
          "key": "lastModifiedBy"
         },
         {
          "key": "lastOpenedDate"
         }
        ]
       }
      ],
      "relationLinks": [
       {
        "key": "name",
        "format": "shorttext"
       },
       {
        "key": "tag",
        "format": "tag"
       },
       {
        "key": "description"
       },
       {
        "key": "type",
        "format": "object"
       },
       {
        "key": "createdDate",
        "format": "date"
       },
       {
        "key": "lastModifiedDate",
        "format": "date"
       },
       {
        "key": "lastModifiedBy",
        "format": "object"
       },
       {
        "key": "lastOpenedDate",
        "format": "date"
       }
      ]
     }
    },
    {
     "id": "title",
     "fields": {
       "_detailsKey": [
          "name",
          "done"
         ]
      },
     "restrictions": {
      "remove": true,
      "drag": true,
      "dropOn": true
     },
     "text": {
      "style": "Title",
      "marks": {

      }
     }
    },
    {
     "id": "description",
     "fields": {
       "_detailsKey": "description"
      },
     "restrictions": {
      "remove": true,
      "drag": true,
      "dropOn": true
     },
     "text": {
      "style": "Description",
      "marks": {

      }
     }
    },
    {
     "id": "featuredRelations",
     "restrictions": {
      "remove": true,
      "drag": true,
      "dropOn": true
     },
     "featuredRelations": {

     }
    }
   ],
   "details": {
     "backlinks": [
        "bafyreig5pr4qry7lco23eqyvgk5ye2s7oh4oyrmdq6fsjltiu357iqykqe"
       ],
     "createdDate": 1695657953,
     "creator": "bafyreifc5pfjexh36tzw6itfyj3u27zyyvvjuvfp4yub3iuw2y2l5omtdm",
     "description": "",
     "featuredRelations": [
        "type",
        "description",
        "setOf"
       ],
     "id": "bafyreigocw7kb7bsfrk6ukf52cel5hr7eo2ptcq3cpbq2xua7srl4dgr6e",
     "lastModifiedBy": "bafyreifc5pfjexh36tzw6itfyj3u27zyyvvjuvfp4yub3iuw2y2l5omtdm",
     "lastModifiedDate": 1695657972,
     "lastOpenedDate": 1695658121,
     "layout": 3,
     "links": [
       ],
     "name": "My Assignments",
     "restrictions": [
        3,
        6,
        5,
        7
       ],
     "setOf": [
        "ot-task"
       ],
     "snippet": "",
     "type": "ot-set",
     "workspaceId": "bafyreihueygh5y3h727335e32xlov6g3m6p7adnyg4t7j5oyuhw66rmd4m"
    },
   "objectTypes": [
    "ot-set"
   ],
   "relationLinks": [
    {
     "key": "workspaceId",
     "format": "object"
    },
    {
     "key": "createdDate",
     "format": "date"
    },
    {
     "key": "creator",
     "format": "object"
    },
    {
     "key": "type",
     "format": "object"
    },
    {
     "key": "id",
     "format": "object"
    },
    {
     "key": "snippet"
    },
    {
     "key": "internalFlags",
     "format": "number"
    },
    {
     "key": "backlinks",
     "format": "object"
    },
    {
     "key": "layout",
     "format": "number"
    },
    {
     "key": "name",
     "format": "shorttext"
    },
    {
     "key": "description"
    },
    {
     "key": "iconEmoji",
     "format": "emoji"
    },
    {
     "key": "iconImage",
     "format": "file"
    },
    {
     "key": "layoutAlign",
     "format": "number"
    },
    {
     "key": "coverId"
    },
    {
     "key": "coverScale",
     "format": "number"
    },
    {
     "key": "coverType",
     "format": "number"
    },
    {
     "key": "coverX",
     "format": "number"
    },
    {
     "key": "coverY",
     "format": "number"
    },
    {
     "key": "lastModifiedDate",
     "format": "date"
    },
    {
     "key": "lastModifiedBy",
     "format": "object"
    },
    {
     "key": "lastOpenedDate",
     "format": "date"
    },
    {
     "key": "featuredRelations",
     "format": "object"
    },
    {
     "key": "isFavorite",
     "format": "checkbox"
    },
    {
     "key": "links",
     "format": "object"
    },
    {
     "key": "restrictions",
     "format": "number"
    },
    {
     "key": "setOf",
     "format": "object"
    }
   ]
  }
 }
}