{
 "sbType": "Page",
 "snapshot": {
  "data": {
   "blocks": [
    {
     "id": "bafyreiez2n44sz4v5vwyygdgx5yu4emi4mlaht45b5tvxlekezv7lu4zki",
     "restrictions": {

     },
     "childrenIds": [
      "header",
      "6511aae91cac630478df1d0d",
      "6511ab0c1cac630478df1d13",
      "6511aaec1cac630478df1d0f",
      "6511ab171cac630478df1d14",
      "6511aafc1cac630478df1d12",
      "6511ab2c1cac630478df1d16"
     ],
     "smartblock": {

     }
    },
    {
     "id": "header",
     "restrictions": {
      "edit": true,
      "remove": true,
      "drag": true,
      "dropOn": true
     },
     "childrenIds": [
      "title",
      "featuredRelations"
     ],
     "layout": {
      "style": "Header"
     }
    },
    {
     "id": "6511aae91cac630478df1d0d",
     "restrictions": {

     },
     "text": {
      "text": "Notes",
      "style": "Header3",
      "marks": {

      }
     }
    },
    {
     "id": "6511ab0c1cac630478df1d13",
     "restrictions": {

     },
     "text": {
      "style": "Marked",
      "marks": {

      }
     }
    },
    {
     "id": "6511aaec1cac630478df1d0f",
     "restrictions": {

     },
     "text": {
      "text": "Open Questions",
      "style": "Header3",
      "marks": {

      }
     }
    },
    {
     "id": "6511ab171cac630478df1d14",
     "restrictions": {

     },
     "text": {
      "style": "Numbered",
      "marks": {

      }
     }
    },
    {
     "id": "6511aafc1cac630478df1d12",
     "restrictions": {

     },
     "text": {
      "text": "Assignments",
      "style": "Header3",
      "marks": {

      }
     }
    },
    {
     "id": "6511ab2c1cac630478df1d16",
     "fields": {
       "cardStyle": 0,
       "description": 0,
       "iconSize": 1,
       "relations": [
         ]
      },
     "link": {
      "targetBlockId": "bafyreibdozagmweq7y5p7pw5bfpruch5asqhxoo365ksx6fw67yq43dbpi"
     }
    },
    {
     "id": "title",
     "fields": {
       "_detailsKey": [
          "name",
          "done"
         ]
      },
     "restrictions": {
      "remove": true,
      "drag": true,
      "dropOn": true
     },
     "text": {
      "style": "Title",
      "marks": {

      }
     }
    },
    {
     "id": "featuredRelations",
     "restrictions": {
      "remove": true,
      "drag": true,
      "dropOn": true
     },
     "featuredRelations": {

     }
    }
   ],
   "details": {
     "backlinks": [
        "bafyreib6zonpmqtz42wtfhwmk6y3vqyzfn4z5jzdb3gfect2n5cnzm5m4m"
       ],
     "coverId": "",
     "coverScale": 0,
     "coverType": 0,
     "coverX": 0,
     "coverY": 0,
     "createdDate": 1695657460,
     "creator": "bafyreifc5pfjexh36tzw6itfyj3u27zyyvvjuvfp4yub3iuw2y2l5omtdm",
     "description": "",
     "featuredRelations": [
        "type"
       ],
     "id": "bafyreiez2n44sz4v5vwyygdgx5yu4emi4mlaht45b5tvxlekezv7lu4zki",
     "lastModifiedBy": "bafyreifc5pfjexh36tzw6itfyj3u27zyyvvjuvfp4yub3iuw2y2l5omtdm",
     "lastModifiedDate": 1695657894,
     "lastOpenedDate": 1695658027,
     "layout": 0,
     "links": [
        "bafyreibdozagmweq7y5p7pw5bfpruch5asqhxoo365ksx6fw67yq43dbpi"
       ],
     "name": "Lecture Topic 1",
     "restrictions": [
       ],
     "snippet": "Notes\nOpen Questions\nAssignments",
     "type": "ot-6511aae01cac630478df1d0c",
     "workspaceId": "bafyreihueygh5y3h727335e32xlov6g3m6p7adnyg4t7j5oyuhw66rmd4m"
    },
   "objectTypes": [
    "ot-6511aae01cac630478df1d0c"
   ],
   "relationLinks": [
    {
     "key": "workspaceId",
     "format": "object"
    },
    {
     "key": "createdDate",
     "format": "date"
    },
    {
     "key": "creator",
     "format": "object"
    },
    {
     "key": "type",
     "format": "object"
    },
    {
     "key": "id",
     "format": "object"
    },
    {
     "key": "snippet"
    },
    {
     "key": "internalFlags",
     "format": "number"
    },
    {
     "key": "backlinks",
     "format": "object"
    },
    {
     "key": "layout",
     "format": "number"
    },
    {
     "key": "name",
     "format": "shorttext"
    },
    {
     "key": "description"
    },
    {
     "key": "iconEmoji",
     "format": "emoji"
    },
    {
     "key": "iconImage",
     "format": "file"
    },
    {
     "key": "layoutAlign",
     "format": "number"
    },
    {
     "key": "coverId"
    },
    {
     "key": "coverScale",
     "format": "number"
    },
    {
     "key": "coverType",
     "format": "number"
    },
    {
     "key": "coverX",
     "format": "number"
    },
    {
     "key": "coverY",
     "format": "number"
    },
    {
     "key": "lastModifiedDate",
     "format": "date"
    },
    {
     "key": "lastModifiedBy",
     "format": "object"
    },
    {
     "key": "lastOpenedDate",
     "format": "date"
    },
    {
     "key": "featuredRelations",
     "format": "object"
    },
    {
     "key": "isFavorite",
     "format": "checkbox"
    },
    {
     "key": "links",
     "format": "object"
    },
    {
     "key": "restrictions",
     "format": "number"
    },
    {
     "key": "targetObjectType",
     "format": "object"
    }
   ]
  },
  "fileKeys": [
   {
    "hash": "bafybeiely4ffa4v3fu2mz4mhp4qccpcrziqjfjtkuq6kywejmwsjmxhvda",
    "keys": {
     "/0/exif/": "b5zs5oq33f6wfpl6z5sgxkzkpnw7q2nas2c5hphrgcilxkkqqrssq",
     "/0/large/": "boeghhgkbjjwvcuttw4cxlhcfaw25yweje5x2y3jrhtar4nsl7v3a",
     "/0/original/": "bakavhjkllcfniaenelvg4vaaytkmc2tdv2ctlhst434u5wlabiyq",
     "/0/small/": "bqmmo76oda65cr6d23gna2zh6b5pwqhlo7rz4wxto7rmy6ubez57q",
     "/0/thumb/": "bfher6htnz6pbmfgykumrub5nfkc6hnxk3ve2w34m7z3ltp4xsjga"
    }
   },
   {
    "hash": "bafybeideujomfn53tffoxc77sr2edoz2zixlrcrgk4ne7w7m2flyun36yq",
    "keys": {
     "/0/exif/": "blghxwcqenf5ad24dcw5ewcxtoy5b3tnc55akhojwsy6udeicywxq",
     "/0/large/": "b3c3cxancvikwar7djacn2cphi3fqcwyw4we2hsjn5lo5a3zg3wra",
     "/0/original/": "bubo4uk4egrcvvjvvflxht6ennnxq2za3ty5dcxfulzh32etq5vga",
     "/0/small/": "bjanvqhr5wty4s5jlkhklvh4tnac2y7ktlw2auulevl5yxbzqrdeq",
     "/0/thumb/": "bms2urt7gxsrol2yz2ydcz24teftc2zwemckhvrr2qnw6xkzivkhq"
    }
   },
   {
    "hash": "bafybeifmk2kqlffxcnto65wdma5ow3fv6mjmwwkgfxgrw7ehy4kfb5dzii",
    "keys": {
     "/0/exif/": "bvtzwrygvoummd34irltze7zmhnqo6t24d44vmveeje6ivtpqztva",
     "/0/large/": "b5t7pn2td7mv7sli5pwkhcsbqgtjbpqmzvsyprkilf4i4vszzexaq",
     "/0/original/": "b72xcdmwjrvxev5q6pihrwxhzqfk35hv3imc5ots6jsz7jr4vkujq",
     "/0/small/": "bti3yzept7mppqjwcrkc2vgkvrp2zs6evcypcybbv46c3dgdquc2a",
     "/0/thumb/": "b342pp3lalwqkesw35abxeunhj45ewnnyzjuh7dwpmwwvrtpirb4a"
    }
   }
  ]
 }
}