{
 "sbType": "Page",
 "snapshot": {
  "data": {
   "blocks": [
    {
     "id": "bafyreihxhse33zch7ylh4hsw3jm2y2hm2aci7jkm33ivhjuc7rsqvtgbmi",
     "fields": {
       "analyticsContext": "skip",
       "analyticsOriginalId": "bafyreihytre5togio6ppycia2zpnipe4y7ykdhepc22hgjoepajqiup7ca"
      },
     "restrictions": {

     },
     "childrenIds": [
      "header",
      "6463c8e23d9390bc1a7fb167",
      "60c211b0ab98c307f7993b72",
      "60c21270ab98c307f7993b81",
      "60c2127dab98c307f7993b82",
      "6463c8d03d9390bc1a7fb166",
      "60f09673d5877d31cde9f726",
      "60f5c41b6cabea22ef364dff",
      "60f5c41c6cabea22ef364e00",
      "60f5c41d6cabea22ef364e01"
     ],
     "smartblock": {

     }
    },
    {
     "id": "header",
     "restrictions": {
      "edit": true,
      "remove": true,
      "drag": true,
      "dropOn": true
     },
     "childrenIds": [
      "title",
      "featuredRelations"
     ],
     "layout": {
      "style": "Header"
     }
    },
    {
     "id": "6463c8e23d9390bc1a7fb167",
     "relation": {
      "key": "createdDate"
     }
    },
    {
     "id": "60c211b0ab98c307f7993b72",
     "relation": {
      "key": "dueDate"
     }
    },
    {
     "id": "60c21270ab98c307f7993b81",
     "relation": {
      "key": "status"
     }
    },
    {
     "id": "60c2127dab98c307f7993b82",
     "text": {
      "style": "Header2",
      "marks": {

      }
     }
    },
    {
     "id": "6463c8d03d9390bc1a7fb166",
     "text": {
      "text": "Details ",
      "style": "Header2",
      "marks": {

      }
     }
    },
    {
     "id": "60f09673d5877d31cde9f726",
     "div": {

     }
    },
    {
     "id": "60f5c41b6cabea22ef364dff",
     "restrictions": {

     },
     "text": {
      "text": "Remove all pre-installed objects from Pre-installed view of All My Objects set when you will be ready.",
      "marks": {
       "marks": [
        {
         "range": {
          "from": 38,
          "to": 51
         },
         "type": "Bold"
        },
        {
         "range": {
          "from": 60,
          "to": 74
         },
         "type": "Mention",
         "param": "bafyreibxrf3iuybyej37mtad2ejhm2qruzer3advebyhl5ffj3npc4ob3i"
        }
       ]
      }
     }
    },
    {
     "id": "60f5c41c6cabea22ef364e00",
     "text": {
      "marks": {

      }
     }
    },
    {
     "id": "60f5c41d6cabea22ef364e01",
     "text": {
      "marks": {

      }
     }
    },
    {
     "id": "title",
     "fields": {
       "_detailsKey": [
          "name",
          "done"
         ]
      },
     "restrictions": {
      "remove": true,
      "drag": true,
      "dropOn": true
     },
     "text": {
      "style": "Title",
      "marks": {

      }
     }
    },
    {
     "id": "featuredRelations",
     "restrictions": {
      "remove": true,
      "drag": true,
      "dropOn": true
     },
     "featuredRelations": {

     }
    }
   ],
   "details": {
     "backlinks": [
        "bafyreiemsie5rqymgfotipbrkp2c2verdl77vcmbe3fl6vfvkmfcqnhhha"
       ],
     "createdDate": 1695656265,
     "creator": "bafyreifc5pfjexh36tzw6itfyj3u27zyyvvjuvfp4yub3iuw2y2l5omtdm",
     "description": "",
     "featuredRelations": [
        "type",
        "description"
       ],
     "id": "bafyreihxhse33zch7ylh4hsw3jm2y2hm2aci7jkm33ivhjuc7rsqvtgbmi",
     "internalFlags": [
       ],
     "isArchived": true,
     "lastModifiedBy": "bafyreifc5pfjexh36tzw6itfyj3u27zyyvvjuvfp4yub3iuw2y2l5omtdm",
     "lastModifiedDate": 1695656265,
     "layout": 2,
     "links": [
        "bafyreibxrf3iuybyej37mtad2ejhm2qruzer3advebyhl5ffj3npc4ob3i"
       ],
     "name": "Delete pre-installed data",
     "oldAnytypeID": "bafyreic5t3x36jup34fvnp2fme25t2ueqfcbsdbfj7u2myg5e34dkoevhe",
     "priority": 2,
     "restrictions": [
       ],
     "snippet": "Details\nRemove all pre-installed objects from Pre-installed view of All My Objects set when you will be ready.",
     "sourceFilePath": "pb:/Users/charlotte/Library/Application Support/anytype/alpha/data/tmp/tmp.20230925.173745.42.zip/bafyreic5t3x36jup34fvnp2fme25t2ueqfcbsdbfj7u2myg5e34dkoevhe.pb",
     "status": [
        "bafyreiaopi3kn3yihjahsit7fw4twegfnieuk5rxzp56ohmysvvejl42zu"
       ],
     "tag": [
        "64cbc073ccba0a7f50247689"
       ],
     "type": "ot-task",
     "workspaceId": "bafyreihueygh5y3h727335e32xlov6g3m6p7adnyg4t7j5oyuhw66rmd4m"
    },
   "objectTypes": [
    "ot-task"
   ],
   "relationLinks": [
    {
     "key": "type",
     "format": "object"
    },
    {
     "key": "layout",
     "format": "number"
    },
    {
     "key": "targetObjectType",
     "format": "object"
    },
    {
     "key": "id",
     "format": "object"
    },
    {
     "key": "name",
     "format": "shorttext"
    },
    {
     "key": "description"
    },
    {
     "key": "iconEmoji",
     "format": "emoji"
    },
    {
     "key": "iconImage",
     "format": "file"
    },
    {
     "key": "createdDate",
     "format": "date"
    },
    {
     "key": "creator",
     "format": "object"
    },
    {
     "key": "lastModifiedDate",
     "format": "date"
    },
    {
     "key": "lastModifiedBy",
     "format": "object"
    },
    {
     "key": "lastOpenedDate",
     "format": "date"
    },
    {
     "key": "featuredRelations",
     "format": "object"
    },
    {
     "key": "isHidden",
     "format": "checkbox"
    },
    {
     "key": "isArchived",
     "format": "checkbox"
    },
    {
     "key": "layoutAlign",
     "format": "number"
    },
    {
     "key": "coverId",
     "format": "shorttext"
    },
    {
     "key": "coverScale",
     "format": "number"
    },
    {
     "key": "coverType",
     "format": "number"
    },
    {
     "key": "coverX",
     "format": "number"
    },
    {
     "key": "coverY",
     "format": "number"
    },
    {
     "key": "snippet"
    },
    {
     "key": "dueDate",
     "format": "date"
    },
    {
     "key": "status",
     "format": "status"
    },
    {
     "key": "assignee",
     "format": "object"
    },
    {
     "key": "isFavorite",
     "format": "checkbox"
    },
    {
     "key": "sourceObject",
     "format": "object"
    },
    {
     "key": "workspaceId",
     "format": "object"
    },
    {
     "key": "links",
     "format": "object"
    },
    {
     "key": "internalFlags",
     "format": "number"
    },
    {
     "key": "restrictions",
     "format": "number"
    },
    {
     "key": "done",
     "format": "checkbox"
    },
    {
     "key": "sourceFilePath"
    },
    {
     "key": "oldAnytypeID"
    },
    {
     "key": "priority",
     "format": "number"
    },
    {
     "key": "tag",
     "format": "tag"
    },
    {
     "key": "backlinks",
     "format": "object"
    }
   ]
  }
 }
}