{
 "sbType": "Page",
 "snapshot": {
  "data": {
   "blocks": [
    {
     "id": "bafyreib5xem6kydgduz6k45hc2zkchtkmgdbwpldmmqziywymjijrvovmq",
     "fields": {
       "analyticsContext": "skip",
       "analyticsOriginalId": "bafyreifr6gxxqqxhrwukmbhovituiphx5yxndpc4h3hvglbfkvefteijwa"
      },
     "restrictions": {

     },
     "childrenIds": [
      "header",
      "source",
      "tag"
     ],
     "smartblock": {

     }
    },
    {
     "id": "header",
     "restrictions": {
      "edit": true,
      "remove": true,
      "drag": true,
      "dropOn": true
     },
     "childrenIds": [
      "title",
      "description",
      "featuredRelations"
     ],
     "layout": {
      "style": "Header"
     }
    },
    {
     "id": "source",
     "relation": {
      "key": "source"
     }
    },
    {
     "id": "tag",
     "relation": {
      "key": "tag"
     }
    },
    {
     "id": "title",
     "fields": {
       "_detailsKey": [
          "name",
          "done"
         ]
      },
     "restrictions": {
      "remove": true,
      "drag": true,
      "dropOn": true
     },
     "text": {
      "style": "Title",
      "marks": {

      }
     }
    },
    {
     "id": "description",
     "fields": {
       "_detailsKey": "description"
      },
     "restrictions": {
      "remove": true,
      "drag": true,
      "dropOn": true
     },
     "text": {
      "style": "Description",
      "marks": {

      }
     }
    },
    {
     "id": "featuredRelations",
     "restrictions": {
      "remove": true,
      "drag": true,
      "dropOn": true
     },
     "featuredRelations": {

     }
    }
   ],
   "details": {
     "backlinks": [
        "bafyreiemsie5rqymgfotipbrkp2c2verdl77vcmbe3fl6vfvkmfcqnhhha",
        "bafyreihloasnp3xumdxtncumjtl3xvomvh2t25z5ry5qn4sonyhpgiksxe"
       ],
     "createdDate": 1695656265,
     "creator": "bafyreifc5pfjexh36tzw6itfyj3u27zyyvvjuvfp4yub3iuw2y2l5omtdm",
     "description": "Short demo of template creation to scale \u0026 customise your work",
     "featuredRelations": [
        "description",
        "type",
        "createdDate"
       ],
     "iconImage": "bafybeifmbgagclcfnlz7hplhhbi3pupwur4ejioi2c5ys5bxsndt3yo23e",
     "id": "bafyreib5xem6kydgduz6k45hc2zkchtkmgdbwpldmmqziywymjijrvovmq",
     "isArchived": true,
     "lastModifiedBy": "bafyreifc5pfjexh36tzw6itfyj3u27zyyvvjuvfp4yub3iuw2y2l5omtdm",
     "lastModifiedDate": 1695656265,
     "layout": 11,
     "links": [
       ],
     "name": "Templates Explained",
     "oldAnytypeID": "bafyreibsbdgpvvwy22llivqhzhdtyhpfy6whmv57kzvr2jub4r3tyw26oy",
     "picture": "bafybeibfis4cbn6owi3dwg27xv7frenk6aiefpalf5r3ot6lk2couqmgvu",
     "restrictions": [
       ],
     "snippet": "",
     "source": "https://youtu.be/DIReqsBST7Q",
     "sourceFilePath": "pb:/Users/charlotte/Library/Application Support/anytype/alpha/data/tmp/tmp.20230925.173745.42.zip/bafyreibsbdgpvvwy22llivqhzhdtyhpfy6whmv57kzvr2jub4r3tyw26oy.pb",
     "tag": [
        "64cbc073ccba0a7f50247689"
       ],
     "type": "ot-bookmark",
     "workspaceId": "bafyreihueygh5y3h727335e32xlov6g3m6p7adnyg4t7j5oyuhw66rmd4m"
    },
   "objectTypes": [
    "ot-bookmark"
   ],
   "relationLinks": [
    {
     "key": "workspaceId",
     "format": "object"
    },
    {
     "key": "createdDate",
     "format": "date"
    },
    {
     "key": "creator",
     "format": "object"
    },
    {
     "key": "type",
     "format": "object"
    },
    {
     "key": "id",
     "format": "object"
    },
    {
     "key": "snippet"
    },
    {
     "key": "source",
     "format": "url"
    },
    {
     "key": "layout",
     "format": "number"
    },
    {
     "key": "name",
     "format": "shorttext"
    },
    {
     "key": "description"
    },
    {
     "key": "iconEmoji",
     "format": "emoji"
    },
    {
     "key": "iconImage",
     "format": "file"
    },
    {
     "key": "layoutAlign",
     "format": "number"
    },
    {
     "key": "coverId",
     "format": "shorttext"
    },
    {
     "key": "coverScale",
     "format": "number"
    },
    {
     "key": "coverType",
     "format": "number"
    },
    {
     "key": "coverX",
     "format": "number"
    },
    {
     "key": "coverY",
     "format": "number"
    },
    {
     "key": "lastModifiedDate",
     "format": "date"
    },
    {
     "key": "lastModifiedBy",
     "format": "object"
    },
    {
     "key": "lastOpenedDate",
     "format": "date"
    },
    {
     "key": "featuredRelations",
     "format": "object"
    },
    {
     "key": "isFavorite",
     "format": "checkbox"
    },
    {
     "key": "links",
     "format": "object"
    },
    {
     "key": "internalFlags",
     "format": "number"
    },
    {
     "key": "restrictions",
     "format": "number"
    },
    {
     "key": "tag",
     "format": "tag"
    },
    {
     "key": "picture",
     "format": "file"
    },
    {
     "key": "oldAnytypeID"
    },
    {
     "key": "sourceFilePath"
    },
    {
     "key": "backlinks",
     "format": "object"
    },
    {
     "key": "isArchived",
     "format": "checkbox"
    }
   ]
  },
  "fileKeys": [
   {
    "hash": "bafybeibfis4cbn6owi3dwg27xv7frenk6aiefpalf5r3ot6lk2couqmgvu",
    "keys": {
     "/0/exif/": "blv6ayqbu7ih7sgpbm3wrya2showhjei4k2qdxo77cdyjo4li44yq",
     "/0/large/": "beyxgi5eb53jitt6ojr6htujbls2wwebjd27brjrsvat5v5vqwuxa",
     "/0/original/": "beyxgi5eb53jitt6ojr6htujbls2wwebjd27brjrsvat5v5vqwuxa",
     "/0/small/": "bortkeinuwabb3sgcoe7c5px53ar4dqdp7vdmbcabclzzp7paglja",
     "/0/thumb/": "b2kq6xl6lhowd7nkciachk6k27dzn7x2rz7ox6o7czqvvxtd26x4a"
    }
   },
   {
    "hash": "bafybeifmbgagclcfnlz7hplhhbi3pupwur4ejioi2c5ys5bxsndt3yo23e",
    "keys": {
     "/0/exif/": "buoo25pon52hhy45qrqhjdea2sxv4xa4v2a7rqusvvnchg7e7rr6q",
     "/0/large/": "brnic7eoo7jnm6nx3pbpdpvqhqnlcoy2tbdk7sts3luscyiylcwuq",
     "/0/original/": "brnic7eoo7jnm6nx3pbpdpvqhqnlcoy2tbdk7sts3luscyiylcwuq",
     "/0/small/": "brnic7eoo7jnm6nx3pbpdpvqhqnlcoy2tbdk7sts3luscyiylcwuq",
     "/0/thumb/": "biew53ctujuzbdxf6wiwe7rnf2plkrbwccmmsj4sewghzdu3altda"
    }
   }
  ]
 }
}