{
 "sbType": "Page",
 "snapshot": {
  "data": {
   "blocks": [
    {
     "id": "bafyreian4adfsz7h3nawonwtn2fmjbleo7oxumovebffr7qnnwbpx7tzfm",
     "restrictions": {

     },
     "childrenIds": [
      "header",
      "dataview"
     ],
     "smartblock": {

     }
    },
    {
     "id": "header",
     "restrictions": {
      "edit": true,
      "remove": true,
      "drag": true,
      "dropOn": true
     },
     "childrenIds": [
      "title",
      "description",
      "featuredRelations"
     ],
     "layout": {
      "style": "Header"
     }
    },
    {
     "id": "dataview",
     "dataview": {
      "views": [
       {
        "id": "6511aab61cac630478df1d0a",
        "name": "All",
        "sorts": [
         {
          "id": "6511aab61cac630478df1d0b",
          "RelationKey": "lastModifiedDate",
          "type": "Desc"
         }
        ],
        "relations": [
         {
          "key": "name",
          "isVisible": true,
          "width": 181
         },
         {
          "key": "6511aa541cac630478df1d07",
          "isVisible": true,
          "width": 151
         },
         {
          "key": "6511aa181cac630478df1d05",
          "isVisible": true,
          "width": 142
         },
         {
          "key": "6511aa251cac630478df1d06",
          "isVisible": true,
          "width": 157
         },
         {
          "key": "6511aa9b1cac630478df1d08",
          "isVisible": true,
          "width": 137
         },
         {
          "key": "6511aaaf1cac630478df1d09",
          "isVisible": true,
          "width": 192
         }
        ],
        "defaultTemplateId": "bafyreicz5y666lupmlt2rv4bnblipyg36pjhla6itvxo6tglgbo7c44mxe"
       }
      ],
      "relationLinks": [
       {
        "key": "name",
        "format": "shorttext"
       },
       {
        "key": "tag",
        "format": "tag"
       },
       {
        "key": "description"
       },
       {
        "key": "type",
        "format": "object"
       },
       {
        "key": "createdDate",
        "format": "date"
       },
       {
        "key": "lastModifiedDate",
        "format": "date"
       },
       {
        "key": "lastModifiedBy",
        "format": "object"
       },
       {
        "key": "lastOpenedDate",
        "format": "date"
       },
       {
        "key": "6511aa541cac630478df1d07"
       },
       {
        "key": "6511aa181cac630478df1d05",
        "format": "object"
       },
       {
        "key": "6511aa251cac630478df1d06",
        "format": "number"
       },
       {
        "key": "6511aa9b1cac630478df1d08",
        "format": "number"
       },
       {
        "key": "6511aaaf1cac630478df1d09",
        "format": "tag"
       }
      ]
     }
    },
    {
     "id": "title",
     "fields": {
       "_detailsKey": [
          "name",
          "done"
         ]
      },
     "restrictions": {
      "remove": true,
      "drag": true,
      "dropOn": true
     },
     "text": {
      "style": "Title",
      "marks": {

      }
     }
    },
    {
     "id": "description",
     "fields": {
       "_detailsKey": "description"
      },
     "restrictions": {
      "remove": true,
      "drag": true,
      "dropOn": true
     },
     "text": {
      "style": "Description",
      "marks": {

      }
     }
    },
    {
     "id": "featuredRelations",
     "restrictions": {
      "remove": true,
      "drag": true,
      "dropOn": true
     },
     "featuredRelations": {

     }
    }
   ],
   "details": {
     "backlinks": [
        "bafyreib6zonpmqtz42wtfhwmk6y3vqyzfn4z5jzdb3gfect2n5cnzm5m4m",
        "bafyreicddudkggqb6wpyhm2emdqnnca5onmhbf4icvt7gd2tpjl5th62gq",
        "bafyreicz5y666lupmlt2rv4bnblipyg36pjhla6itvxo6tglgbo7c44mxe",
        "bafyreig5pr4qry7lco23eqyvgk5ye2s7oh4oyrmdq6fsjltiu357iqykqe"
       ],
     "coverId": "bafybeidkcekgkxd77jjmoo4ljlqsblkuja4nwvdo3sqeqzxvbf2usd3qgy",
     "coverScale": 0,
     "coverType": 1,
     "coverX": 0,
     "coverY": -0.25,
     "createdDate": 1695656628,
     "creator": "bafyreifc5pfjexh36tzw6itfyj3u27zyyvvjuvfp4yub3iuw2y2l5omtdm",
     "description": "",
     "featuredRelations": [
        "type",
        "description",
        "setOf"
       ],
     "iconEmoji": "🎒",
     "iconImage": "",
     "id": "bafyreian4adfsz7h3nawonwtn2fmjbleo7oxumovebffr7qnnwbpx7tzfm",
     "lastModifiedBy": "bafyreifc5pfjexh36tzw6itfyj3u27zyyvvjuvfp4yub3iuw2y2l5omtdm",
     "lastModifiedDate": 1695657401,
     "lastOpenedDate": 1695658132,
     "layout": 3,
     "links": [
       ],
     "name": "Study Hub",
     "restrictions": [
        3,
        6,
        5,
        7
       ],
     "setOf": [
        "ot-6511a9dd1cac630478df1d01"
       ],
     "snippet": "",
     "type": "ot-set",
     "workspaceId": "bafyreihueygh5y3h727335e32xlov6g3m6p7adnyg4t7j5oyuhw66rmd4m"
    },
   "objectTypes": [
    "ot-set"
   ],
   "relationLinks": [
    {
     "key": "workspaceId",
     "format": "object"
    },
    {
     "key": "createdDate",
     "format": "date"
    },
    {
     "key": "creator",
     "format": "object"
    },
    {
     "key": "type",
     "format": "object"
    },
    {
     "key": "id",
     "format": "object"
    },
    {
     "key": "snippet"
    },
    {
     "key": "internalFlags",
     "format": "number"
    },
    {
     "key": "backlinks",
     "format": "object"
    },
    {
     "key": "layout",
     "format": "number"
    },
    {
     "key": "name",
     "format": "shorttext"
    },
    {
     "key": "description"
    },
    {
     "key": "iconEmoji",
     "format": "emoji"
    },
    {
     "key": "iconImage",
     "format": "file"
    },
    {
     "key": "layoutAlign",
     "format": "number"
    },
    {
     "key": "coverId"
    },
    {
     "key": "coverScale",
     "format": "number"
    },
    {
     "key": "coverType",
     "format": "number"
    },
    {
     "key": "coverX",
     "format": "number"
    },
    {
     "key": "coverY",
     "format": "number"
    },
    {
     "key": "lastModifiedDate",
     "format": "date"
    },
    {
     "key": "lastModifiedBy",
     "format": "object"
    },
    {
     "key": "lastOpenedDate",
     "format": "date"
    },
    {
     "key": "featuredRelations",
     "format": "object"
    },
    {
     "key": "isFavorite",
     "format": "checkbox"
    },
    {
     "key": "links",
     "format": "object"
    },
    {
     "key": "restrictions",
     "format": "number"
    },
    {
     "key": "setOf",
     "format": "object"
    }
   ]
  },
  "fileKeys": [
   {
    "hash": "bafybeidkcekgkxd77jjmoo4ljlqsblkuja4nwvdo3sqeqzxvbf2usd3qgy",
    "keys": {
     "/0/exif/": "b7oyr45oluybuln6kx4dlfg3mobnvapdgqxzgsijkcha2dzpsvcwa",
     "/0/large/": "b5ju2kf6mez2wzvtf2f2xpli3mjnf4xhughstzr5g2hwb3wgzccfa",
     "/0/original/": "bgs4rrn3mogpjca2d2zsgjlifpl3fgvuhcpcfnimhr362bo3lsjra",
     "/0/small/": "bduk3p33glj7hw2k3f53ownt72qtfhhr7zurlemkzj4rufnxe46wa",
     "/0/thumb/": "b7i5pf436cisyupl7opo6ry7vnlwe4lshj5frqkoweo6qvzslup7a"
    }
   }
  ]
 }
}