{
 "sbType": "Page",
 "snapshot": {
  "data": {
   "blocks": [
    {
     "id": "bafyreihrcfe4xh4mzgwlbjiq4lqtwymfwsqbmnkybk5ne7z6m7i36cr74e",
     "fields": {
       "analyticsContext": "skip",
       "analyticsOriginalId": "bafyedc3afby3wegtbkoi7ejge7ovwj5tcavifqhwsmt5uu2uxuyhf66s"
      },
     "restrictions": {
      "edit": true,
      "remove": true,
      "drag": true,
      "dropOn": true
     },
     "childrenIds": [
      "header",
      "dataview"
     ],
     "smartblock": {

     }
    },
    {
     "id": "header",
     "restrictions": {
      "edit": true,
      "remove": true,
      "drag": true,
      "dropOn": true
     },
     "childrenIds": [
      "title",
      "description",
      "featuredRelations"
     ],
     "layout": {
      "style": "Header"
     }
    },
    {
     "id": "dataview",
     "restrictions": {

     },
     "dataview": {
      "source": [
       "ot-note"
      ],
      "views": [
       {
        "id": "9e362b93-d6e0-404c-8370-1ef32aa8def6",
        "type": "List",
        "name": "Today",
        "sorts": [
         {
          "id": "6481c416ccba0aa5b4482c20",
          "RelationKey": "createdDate",
          "type": "Desc",
          "format": "date",
          "includeTime": true
         }
        ],
        "filters": [
         {
          "id": "6481c421ccba0aa5b4482c21",
          "RelationKey": "createdDate",
          "condition": "Equal",
          "value": null,
          "quickOption": "Today",
          "format": "date"
         }
        ],
        "relations": [
         {
          "key": "name",
          "isVisible": true
         },
         {
          "key": "id"
         },
         {
          "key": "description"
         },
         {
          "key": "type"
         },
         {
          "key": "creator"
         },
         {
          "key": "createdDate"
         },
         {
          "key": "layout"
         },
         {
          "key": "lastModifiedBy"
         },
         {
          "key": "iconImage"
         },
         {
          "key": "iconEmoji"
         },
         {
          "key": "coverId"
         },
         {
          "key": "lastModifiedDate"
         },
         {
          "key": "lastOpenedDate"
         },
         {
          "key": "coverX"
         },
         {
          "key": "coverY"
         },
         {
          "key": "coverScale"
         },
         {
          "key": "featuredRelations"
         },
         {
          "key": "coverType"
         },
         {
          "key": "layoutAlign"
         },
         {
          "key": "isHidden"
         },
         {
          "key": "isArchived"
         },
         {
          "key": "tag"
         },
         {
          "key": "isFavorite"
         },
         {
          "key": "workspaceId"
         },
         {
          "key": "internalFlags"
         },
         {
          "key": "done"
         }
        ],
        "cardSize": "Medium",
        "groupRelationKey": "tag"
       },
       {
        "id": "acd18e21-6622-4c81-905a-f44c44ac2410",
        "type": "List",
        "name": "Last week",
        "sorts": [
         {
          "id": "6481c432ccba0aa5b4482c22",
          "RelationKey": "createdDate",
          "type": "Desc",
          "format": "date",
          "includeTime": true
         }
        ],
        "filters": [
         {
          "id": "6481c43fccba0aa5b4482c23",
          "RelationKey": "createdDate",
          "condition": "GreaterOrEqual",
          "value": null,
          "quickOption": "LastWeek",
          "format": "date"
         }
        ],
        "relations": [
         {
          "key": "name",
          "isVisible": true
         },
         {
          "key": "id"
         },
         {
          "key": "description"
         },
         {
          "key": "type"
         },
         {
          "key": "creator"
         },
         {
          "key": "createdDate"
         },
         {
          "key": "layout"
         },
         {
          "key": "lastModifiedBy"
         },
         {
          "key": "iconImage"
         },
         {
          "key": "iconEmoji"
         },
         {
          "key": "coverId"
         },
         {
          "key": "lastModifiedDate"
         },
         {
          "key": "lastOpenedDate"
         },
         {
          "key": "coverX"
         },
         {
          "key": "coverY"
         },
         {
          "key": "coverScale"
         },
         {
          "key": "featuredRelations"
         },
         {
          "key": "coverType"
         },
         {
          "key": "layoutAlign"
         },
         {
          "key": "isHidden"
         },
         {
          "key": "isArchived"
         },
         {
          "key": "tag"
         },
         {
          "key": "isFavorite"
         },
         {
          "key": "workspaceId"
         },
         {
          "key": "internalFlags"
         },
         {
          "key": "done"
         }
        ],
        "cardSize": "Medium",
        "groupRelationKey": "tag"
       },
       {
        "id": "62ac63be0d5471da7ccb54ed",
        "name": "All",
        "sorts": [
         {
          "id": "63db97200e01101ff536a767",
          "RelationKey": "createdDate",
          "type": "Desc",
          "format": "date"
         }
        ],
        "relations": [
         {
          "key": "name",
          "isVisible": true,
          "width": 398
         },
         {
          "key": "id",
          "width": 192
         },
         {
          "key": "description",
          "width": 192
         },
         {
          "key": "type",
          "width": 192
         },
         {
          "key": "creator",
          "width": 192
         },
         {
          "key": "createdDate",
          "isVisible": true,
          "width": 192
         },
         {
          "key": "layout",
          "width": 192
         },
         {
          "key": "lastModifiedBy",
          "width": 192
         },
         {
          "key": "iconImage",
          "width": 192
         },
         {
          "key": "iconEmoji",
          "width": 192
         },
         {
          "key": "coverId",
          "width": 500
         },
         {
          "key": "lastModifiedDate",
          "width": 192
         },
         {
          "key": "lastOpenedDate",
          "isVisible": true,
          "width": 192
         },
         {
          "key": "coverX",
          "width": 192
         },
         {
          "key": "coverY",
          "width": 192
         },
         {
          "key": "coverScale",
          "width": 192
         },
         {
          "key": "featuredRelations",
          "width": 192
         },
         {
          "key": "coverType",
          "width": 192
         },
         {
          "key": "layoutAlign",
          "width": 192
         },
         {
          "key": "isHidden",
          "width": 192
         },
         {
          "key": "isArchived",
          "width": 192
         },
         {
          "key": "tag",
          "width": 192
         },
         {
          "key": "isFavorite",
          "width": 192
         },
         {
          "key": "workspaceId",
          "width": 192
         },
         {
          "key": "internalFlags",
          "width": 192
         },
         {
          "key": "done",
          "width": 192
         }
        ]
       }
      ],
      "relationLinks": [
       {
        "key": "name",
        "format": "shorttext"
       },
       {
        "key": "id",
        "format": "object"
       },
       {
        "key": "description"
       },
       {
        "key": "type",
        "format": "object"
       },
       {
        "key": "creator",
        "format": "object"
       },
       {
        "key": "createdDate",
        "format": "date"
       },
       {
        "key": "layout",
        "format": "number"
       },
       {
        "key": "lastModifiedBy",
        "format": "object"
       },
       {
        "key": "iconImage",
        "format": "file"
       },
       {
        "key": "iconEmoji",
        "format": "emoji"
       },
       {
        "key": "coverId",
        "format": "shorttext"
       },
       {
        "key": "lastModifiedDate",
        "format": "date"
       },
       {
        "key": "lastOpenedDate",
        "format": "date"
       },
       {
        "key": "coverX",
        "format": "number"
       },
       {
        "key": "coverY",
        "format": "number"
       },
       {
        "key": "coverScale",
        "format": "number"
       },
       {
        "key": "featuredRelations",
        "format": "object"
       },
       {
        "key": "coverType",
        "format": "number"
       },
       {
        "key": "layoutAlign",
        "format": "number"
       },
       {
        "key": "isHidden",
        "format": "checkbox"
       },
       {
        "key": "isArchived",
        "format": "checkbox"
       },
       {
        "key": "tag",
        "format": "tag"
       },
       {
        "key": "isFavorite",
        "format": "checkbox"
       },
       {
        "key": "workspaceId",
        "format": "object"
       },
       {
        "key": "internalFlags",
        "format": "number"
       },
       {
        "key": "done",
        "format": "checkbox"
       }
      ]
     }
    },
    {
     "id": "title",
     "fields": {
       "_detailsKey": [
          "name",
          "done"
         ]
      },
     "restrictions": {
      "remove": true,
      "drag": true,
      "dropOn": true
     },
     "text": {
      "style": "Title",
      "marks": {

      }
     }
    },
    {
     "id": "description",
     "fields": {
       "_detailsKey": "description"
      },
     "restrictions": {
      "remove": true,
      "drag": true,
      "dropOn": true
     },
     "text": {
      "style": "Description",
      "marks": {

      }
     }
    },
    {
     "id": "featuredRelations",
     "restrictions": {
      "remove": true,
      "drag": true,
      "dropOn": true
     },
     "featuredRelations": {

     }
    }
   ],
   "details": {
     "backlinks": [
        "bafyreiemsie5rqymgfotipbrkp2c2verdl77vcmbe3fl6vfvkmfcqnhhha"
       ],
     "coverId": "",
     "coverScale": 0,
     "coverType": 0,
     "coverX": 0,
     "coverY": 0,
     "createdDate": 1695656265,
     "creator": "bafyreifc5pfjexh36tzw6itfyj3u27zyyvvjuvfp4yub3iuw2y2l5omtdm",
     "description": "Quick notes for everyday use",
     "featuredRelations": [
        "description",
        "type",
        "setOf"
       ],
     "iconEmoji": "📝",
     "iconImage": "",
     "id": "bafyreihrcfe4xh4mzgwlbjiq4lqtwymfwsqbmnkybk5ne7z6m7i36cr74e",
     "isArchived": true,
     "lastModifiedBy": "bafyreifc5pfjexh36tzw6itfyj3u27zyyvvjuvfp4yub3iuw2y2l5omtdm",
     "lastModifiedDate": 1695656265,
     "layout": 3,
     "links": [
       ],
     "name": "My Notes",
     "oldAnytypeID": "bafyreig5calsln4dadc6uv2p65nexuxp4j65pfqmhzvub2nxivl3nnsoni",
     "restrictions": [
        3,
        6,
        5,
        7
       ],
     "setOf": [
        "ot-note"
       ],
     "snippet": "",
     "sourceFilePath": "pb:/Users/charlotte/Library/Application Support/anytype/alpha/data/tmp/tmp.20230925.173745.42.zip/bafyreig5calsln4dadc6uv2p65nexuxp4j65pfqmhzvub2nxivl3nnsoni.pb",
     "type": "ot-set",
     "workspaceId": "bafyreihueygh5y3h727335e32xlov6g3m6p7adnyg4t7j5oyuhw66rmd4m"
    },
   "objectTypes": [
    "ot-set"
   ],
   "relationLinks": [
    {
     "key": "id",
     "format": "object"
    },
    {
     "key": "snippet"
    },
    {
     "key": "workspaceId",
     "format": "object"
    },
    {
     "key": "creator",
     "format": "object"
    },
    {
     "key": "createdDate",
     "format": "date"
    },
    {
     "key": "type",
     "format": "object"
    },
    {
     "key": "layout",
     "format": "number"
    },
    {
     "key": "featuredRelations",
     "format": "object"
    },
    {
     "key": "lastModifiedDate",
     "format": "date"
    },
    {
     "key": "lastModifiedBy",
     "format": "object"
    },
    {
     "key": "name",
     "format": "shorttext"
    },
    {
     "key": "iconEmoji",
     "format": "emoji"
    },
    {
     "key": "description"
    },
    {
     "key": "iconImage",
     "format": "file"
    },
    {
     "key": "layoutAlign",
     "format": "number"
    },
    {
     "key": "coverId",
     "format": "shorttext"
    },
    {
     "key": "coverScale",
     "format": "number"
    },
    {
     "key": "coverType",
     "format": "number"
    },
    {
     "key": "coverX",
     "format": "number"
    },
    {
     "key": "coverY",
     "format": "number"
    },
    {
     "key": "lastOpenedDate",
     "format": "date"
    },
    {
     "key": "isHidden",
     "format": "checkbox"
    },
    {
     "key": "isArchived",
     "format": "checkbox"
    },
    {
     "key": "isFavorite",
     "format": "checkbox"
    },
    {
     "key": "links",
     "format": "object"
    },
    {
     "key": "setOf",
     "format": "object"
    },
    {
     "key": "restrictions",
     "format": "number"
    },
    {
     "key": "internalFlags",
     "format": "number"
    },
    {
     "key": "sourceFilePath"
    },
    {
     "key": "oldAnytypeID"
    },
    {
     "key": "backlinks",
     "format": "object"
    }
   ]
  }
 }
}