{
 "sbType": "Page",
 "snapshot": {
  "data": {
   "blocks": [
    {
     "id": "bafyreieuegrap2fpgncc65i7lvt7ektijrbq7osqhbbvwetc2vcfmyczqi",
     "fields": {
       "analyticsContext": "skip",
       "analyticsOriginalId": "bafybbaychwdtejzq4rp6pe5jjflezoj4psos3jtde7wvnmdw3zsypf4d"
      },
     "restrictions": {

     },
     "childrenIds": [
      "header",
      "62a9ff50b6acc77cb875a002",
      "62a9ff52b6acc77cb875a004",
      "62b1a0c04aa788bb01e87d28",
      "62b1a0d64aa788bb01e87d29"
     ],
     "smartblock": {

     }
    },
    {
     "id": "header",
     "restrictions": {
      "edit": true,
      "remove": true,
      "drag": true,
      "dropOn": true
     },
     "childrenIds": [
      "featuredRelations"
     ],
     "layout": {
      "style": "Header"
     }
    },
    {
     "id": "62a9ff50b6acc77cb875a002",
     "restrictions": {

     },
     "text": {
      "text": "Hello from Anytype! ",
      "style": "Quote",
      "marks": {
       "marks": [
        {
         "range": {
          "to": 20
         },
         "type": "Bold"
        }
       ]
      }
     }
    },
    {
     "id": "62a9ff52b6acc77cb875a004",
     "text": {
      "text": "Here is a note from us to you.",
      "marks": {

      }
     }
    },
    {
     "id": "62b1a0c04aa788bb01e87d28",
     "text": {
      "text": "Feel free to delete it and create your own! ",
      "marks": {

      }
     }
    },
    {
     "id": "62b1a0d64aa788bb01e87d29",
     "text": {
      "marks": {

      }
     }
    },
    {
     "id": "featuredRelations",
     "restrictions": {
      "remove": true,
      "drag": true,
      "dropOn": true
     },
     "featuredRelations": {

     }
    }
   ],
   "details": {
     "backlinks": [
        "bafyreia3ow3j5rhedw7afie5s6oj37rxbwlt2mnsftynfs54u2fvjoupv4",
        "bafyreiemsie5rqymgfotipbrkp2c2verdl77vcmbe3fl6vfvkmfcqnhhha"
       ],
     "createdDate": 1695656265,
     "creator": "bafyreifc5pfjexh36tzw6itfyj3u27zyyvvjuvfp4yub3iuw2y2l5omtdm",
     "featuredRelations": [
        "type"
       ],
     "iconEmoji": "",
     "iconImage": "bafybeihrigazrqfo2vliacxgvuashyaou7ma6uofoyxbzy3kvxc3yl3kji",
     "id": "bafyreieuegrap2fpgncc65i7lvt7ektijrbq7osqhbbvwetc2vcfmyczqi",
     "isArchived": true,
     "lastModifiedBy": "bafyreifc5pfjexh36tzw6itfyj3u27zyyvvjuvfp4yub3iuw2y2l5omtdm",
     "lastModifiedDate": 1695656265,
     "layout": 9,
     "links": [
       ],
     "oldAnytypeID": "bafyreie4by7e7j2uxoi7pfyqd4m523k462wfunvfdodwayqfkwssqscie4",
     "restrictions": [
       ],
     "snippet": "Hello from Anytype!\nHere is a note from us to you.",
     "sourceFilePath": "pb:/Users/charlotte/Library/Application Support/anytype/alpha/data/tmp/tmp.20230925.173745.42.zip/bafyreie4by7e7j2uxoi7pfyqd4m523k462wfunvfdodwayqfkwssqscie4.pb",
     "tag": [
        "64cbc073ccba0a7f50247689"
       ],
     "type": "ot-note",
     "workspaceId": "bafyreihueygh5y3h727335e32xlov6g3m6p7adnyg4t7j5oyuhw66rmd4m"
    },
   "objectTypes": [
    "ot-note"
   ],
   "relationLinks": [
    {
     "key": "id",
     "format": "object"
    },
    {
     "key": "snippet"
    },
    {
     "key": "workspaceId",
     "format": "object"
    },
    {
     "key": "createdDate",
     "format": "date"
    },
    {
     "key": "creator",
     "format": "object"
    },
    {
     "key": "type",
     "format": "object"
    },
    {
     "key": "layout",
     "format": "number"
    },
    {
     "key": "name",
     "format": "shorttext"
    },
    {
     "key": "description"
    },
    {
     "key": "iconEmoji",
     "format": "emoji"
    },
    {
     "key": "iconImage",
     "format": "file"
    },
    {
     "key": "layoutAlign",
     "format": "number"
    },
    {
     "key": "coverId",
     "format": "shorttext"
    },
    {
     "key": "coverScale",
     "format": "number"
    },
    {
     "key": "coverType",
     "format": "number"
    },
    {
     "key": "coverX",
     "format": "number"
    },
    {
     "key": "coverY",
     "format": "number"
    },
    {
     "key": "lastModifiedDate",
     "format": "date"
    },
    {
     "key": "lastModifiedBy",
     "format": "object"
    },
    {
     "key": "lastOpenedDate",
     "format": "date"
    },
    {
     "key": "featuredRelations",
     "format": "object"
    },
    {
     "key": "isHidden",
     "format": "checkbox"
    },
    {
     "key": "isArchived",
     "format": "checkbox"
    },
    {
     "key": "isFavorite",
     "format": "checkbox"
    },
    {
     "key": "links",
     "format": "object"
    },
    {
     "key": "restrictions",
     "format": "number"
    },
    {
     "key": "internalFlags",
     "format": "number"
    },
    {
     "key": "sourceFilePath"
    },
    {
     "key": "oldAnytypeID"
    },
    {
     "key": "tag",
     "format": "tag"
    },
    {
     "key": "backlinks",
     "format": "object"
    }
   ]
  },
  "fileKeys": [
   {
    "hash": "bafybeihrigazrqfo2vliacxgvuashyaou7ma6uofoyxbzy3kvxc3yl3kji",
    "keys": {
     "/0/exif/": "bej3ctazmxoax3vuxvpb7g5qzqpuyodctjubnzblf5ucqtu6qxbmq",
     "/0/large/": "bgpbrcxcvwwgdxg2b6ukpjdn6hyurkxw6etg2iiks62vi5h5wmkkq",
     "/0/original/": "bgpbrcxcvwwgdxg2b6ukpjdn6hyurkxw6etg2iiks62vi5h5wmkkq",
     "/0/small/": "boe6pnd3fqszivgtoruyvsvmxu724jynd3yerxe5gvxuf45zb7bjq",
     "/0/thumb/": "be7srlx6tj5pso667bkbqj6ub2nqdugtj55xugv22glpbwzpwiqbq"
    }
   }
  ]
 }
}