{
 "sbType": "Page",
 "snapshot": {
  "data": {
   "blocks": [
    {
     "id": "bafyreia3ow3j5rhedw7afie5s6oj37rxbwlt2mnsftynfs54u2fvjoupv4",
     "fields": {
       "analyticsContext": "skip",
       "analyticsOriginalId": "bafybasx3lqze6gwzi7cubl3zc7waosmorchfl7etnc546qkbc2hjoqim",
       "isLocked": false
      },
     "restrictions": {

     },
     "childrenIds": [
      "header",
      "div-62951fefb6acc712c7d6fd1a",
      "div-62951fefb6acc712c7d6fd1b",
      "649d9d88ccba0ab5dfe16554"
     ],
     "smartblock": {

     }
    },
    {
     "id": "header",
     "restrictions": {
      "edit": true,
      "remove": true,
      "drag": true,
      "dropOn": true
     },
     "childrenIds": [
      "title",
      "description",
      "featuredRelations"
     ],
     "layout": {
      "style": "Header"
     }
    },
    {
     "id": "div-62951fefb6acc712c7d6fd1a",
     "restrictions": {

     },
     "childrenIds": [
      "625ff2b8c54d2dccfeccda41",
      "62952023b6acc712c7d6fd1d",
      "629b720ac1bdc501c3491d0e",
      "6295251cb6acc712c7d6fd4a",
      "629529e6b6acc712c7d6fd5b",
      "62952e54b6acc712c7d6fdb7",
      "62951cdab6acc712c7d6fcc9",
      "6295c501b6acc712c7d6fe53",
      "62951fefb6acc712c7d6fd0a",
      "62951fefb6acc712c7d6fd12",
      "r-e7cc2737630c71655948d6bf20d1abf2"
     ],
     "layout": {
      "style": "Div"
     }
    },
    {
     "id": "div-62951fefb6acc712c7d6fd1b",
     "restrictions": {

     },
     "childrenIds": [
      "619b5784cae030a4f163de35",
      "62952c05b6acc712c7d6fd68",
      "629b3f87c1bdc501c3491c35",
      "629b412cc1bdc501c3491c3c",
      "629b4134c1bdc501c3491c3e",
      "619b53fbcae030a4f163dde7",
      "62952cafb6acc712c7d6fd73",
      "62953688b6acc712c7d6fdd6",
      "62953ba4b6acc712c7d6fdfe",
      "619f811ada9994aeb0701f1c",
      "619ce6e4cae030e57ca0285b",
      "649d5bc0ccba0a7798869396",
      "619b53fbcae030a4f163ddf9",
      "629516a2b6acc712c7d6fca1",
      "629b407fc1bdc501c3491c3b",
      "649d5c1cccba0a779886939c",
      "r-df35acebc69e218aa246d7779c421ebd",
      "62ac7f034aa788bb01e87b51"
     ],
     "layout": {
      "style": "Div"
     }
    },
    {
     "id": "649d9d88ccba0ab5dfe16554",
     "text": {
      "marks": {

      }
     }
    },
    {
     "id": "title",
     "fields": {
       "_detailsKey": [
          "name",
          "done"
         ]
      },
     "restrictions": {
      "remove": true,
      "drag": true,
      "dropOn": true
     },
     "text": {
      "style": "Title",
      "marks": {

      }
     }
    },
    {
     "id": "description",
     "fields": {
       "_detailsKey": "description"
      },
     "restrictions": {
      "remove": true,
      "drag": true,
      "dropOn": true
     },
     "text": {
      "style": "Description",
      "marks": {

      }
     }
    },
    {
     "id": "featuredRelations",
     "restrictions": {
      "remove": true,
      "drag": true,
      "dropOn": true
     },
     "featuredRelations": {

     }
    },
    {
     "id": "625ff2b8c54d2dccfeccda41",
     "fields": {
      },
     "restrictions": {

     },
     "text": {
      "text": "Welcome! ",
      "style": "Header2",
      "marks": {

      }
     }
    },
    {
     "id": "62952023b6acc712c7d6fd1d",
     "restrictions": {

     },
     "text": {
      "text": "At Anytype, we believe that everything you create should look great and feel personal. ",
      "marks": {
       "marks": [
        {
         "range": {
          "to": 87
         },
         "type": "Bold"
        }
       ]
      }
     }
    },
    {
     "id": "629b720ac1bdc501c3491d0e",
     "restrictions": {

     },
     "text": {
      "text": "To get started, press the + button from the navigation bar at the bottom of the window. Once you press Enter, you'll have created your first Object.\n",
      "marks": {
       "marks": [
        {
         "range": {
          "from": 26,
          "to": 27
         },
         "type": "Keyboard"
        },
        {
         "range": {
          "from": 103,
          "to": 108
         },
         "type": "Keyboard"
        }
       ]
      }
     }
    },
    {
     "id": "6295251cb6acc712c7d6fd4a",
     "restrictions": {

     },
     "text": {
      "text": "Each Object has a flexible canvas made of simple blocks. A block is a piece of content that you can freely move around to style your information beautifully and effectively.",
      "marks": {

      }
     }
    },
    {
     "id": "629529e6b6acc712c7d6fd5b",
     "restrictions": {

     },
     "text": {
      "text": "Playing with the Editor",
      "style": "Header2",
      "marks": {

      }
     }
    },
    {
     "id": "62952e54b6acc712c7d6fdb7",
     "restrictions": {

     },
     "text": {
      "text": "Use text styles, columns, and Object links to create beautiful navigation panels, moodboards, and wikis.",
      "marks": {
       "marks": [
        {
         "range": {
          "to": 104
         },
         "type": "Bold"
        }
       ]
      }
     }
    },
    {
     "id": "62951cdab6acc712c7d6fcc9",
     "restrictions": {

     },
     "childrenIds": [
      "629b671fc1bdc501c3491caf"
     ],
     "text": {
      "text": "Text Headings \u0026 Styles",
      "style": "Toggle",
      "marks": {

      }
     }
    },
    {
     "id": "6295c501b6acc712c7d6fe53",
     "restrictions": {

     },
     "childrenIds": [
      "6295c51db6acc712c7d6fe54"
     ],
     "text": {
      "text": "Adding Media",
      "style": "Toggle",
      "marks": {

      }
     }
    },
    {
     "id": "62951fefb6acc712c7d6fd0a",
     "fields": {
      },
     "restrictions": {

     },
     "childrenIds": [
      "62951fefb6acc712c7d6fd0b",
      "62951fefb6acc712c7d6fd0c",
      "649d9cb4ccba0ab5dfe1653f"
     ],
     "text": {
      "text": "Creating Columns of Blocks",
      "style": "Toggle",
      "marks": {

      }
     }
    },
    {
     "id": "62951fefb6acc712c7d6fd12",
     "fields": {
      },
     "restrictions": {

     },
     "childrenIds": [
      "62951efdb6acc712c7d6fcef",
      "6295270eb6acc712c7d6fd52",
      "6295270eb6acc712c7d6fd53",
      "649d9ce5ccba0ab5dfe16544",
      "629b74adc1bdc501c3491d22",
      "62951efeb6acc712c7d6fcf0",
      "62953fabb6acc712c7d6fe12",
      "62ac7051b6acc77cb875a04e"
     ],
     "text": {
      "text": "Objects within Objects",
      "style": "Toggle",
      "marks": {

      }
     }
    },
    {
     "id": "r-e7cc2737630c71655948d6bf20d1abf2",
     "restrictions": {

     },
     "childrenIds": [
      "cd-1051d0176fa457c41e98c06d93a3ee0d",
      "cd-e7cc2737630c71655948d6bf20d1abf2"
     ],
     "layout": {

     }
    },
    {
     "id": "619b5784cae030a4f163de35",
     "restrictions": {

     },
     "text": {
      "text": "Navigating Anytype",
      "style": "Header2",
      "marks": {

      }
     }
    },
    {
     "id": "62952c05b6acc712c7d6fd68",
     "restrictions": {

     },
     "text": {
      "text": "To locate your objects within Anytype, you can pin them to your sidebar, search for them, or locate them in your Library.",
      "marks": {
       "marks": [
        {
         "range": {
          "to": 121
         },
         "type": "Bold"
        }
       ]
      }
     }
    },
    {
     "id": "629b3f87c1bdc501c3491c35",
     "restrictions": {

     },
     "childrenIds": [
      "r-f3286edd9796d20933b07e5feb745034"
     ],
     "text": {
      "text": "Sidebar",
      "style": "Toggle",
      "marks": {

      }
     }
    },
    {
     "id": "629b412cc1bdc501c3491c3c",
     "restrictions": {

     },
     "childrenIds": [
      "r-96b15fdf42e413ce39ea32526f83198c"
     ],
     "text": {
      "text": "Search",
      "style": "Toggle",
      "marks": {

      }
     }
    },
    {
     "id": "629b4134c1bdc501c3491c3e",
     "restrictions": {

     },
     "childrenIds": [
      "649d5931ccba0a7798869394"
     ],
     "text": {
      "text": "Library",
      "style": "Toggle",
      "marks": {

      }
     }
    },
    {
     "id": "619b53fbcae030a4f163dde7",
     "fields": {
      },
     "restrictions": {

     },
     "text": {
      "text": "Keeping your Data Safe",
      "style": "Header2",
      "marks": {

      }
     }
    },
    {
     "id": "62952cafb6acc712c7d6fd73",
     "restrictions": {

     },
     "text": {
      "text": "We take your privacy seriously, which means that no one at Anytype can decrypt your data. If you lose your recovery phrase, we cannot restore your account.",
      "marks": {
       "marks": [
        {
         "range": {
          "to": 155
         },
         "type": "Bold"
        }
       ]
      }
     }
    },
    {
     "id": "62953688b6acc712c7d6fdd6",
     "restrictions": {

     },
     "childrenIds": [
      "629536aeb6acc712c7d6fdd8",
      "649d9d78ccba0ab5dfe16552"
     ],
     "text": {
      "text": "Locating your Recovery Phrase",
      "style": "Toggle",
      "marks": {

      }
     }
    },
    {
     "id": "62953ba4b6acc712c7d6fdfe",
     "restrictions": {

     },
     "childrenIds": [
      "62953bc0b6acc712c7d6fe02",
      "649d5a3accba0a7798869395",
      "62953bc0b6acc712c7d6fe05",
      "62953c35b6acc712c7d6fe0d",
      "62953bc0b6acc712c7d6fe07",
      "62953bc0b6acc712c7d6fe09"
     ],
     "text": {
      "text": "Keeping your Recovery Phrase safe",
      "style": "Toggle",
      "marks": {

      }
     }
    },
    {
     "id": "619f811ada9994aeb0701f1c",
     "restrictions": {

     },
     "text": {
      "text": "For more information on our Privacy Policy and how we treat your data, you can read our D️ocumentation",
      "marks": {
       "marks": [
        {
         "range": {
          "from": 88,
          "to": 102
         },
         "type": "Link",
         "param": "https://doc.anytype.io/d/"
        }
       ]
      }
     }
    },
    {
     "id": "619ce6e4cae030e57ca0285b",
     "restrictions": {

     },
     "text": {
      "text": "Using Across Platforms ",
      "style": "Header2",
      "marks": {

      }
     }
    },
    {
     "id": "649d5bc0ccba0a7798869396",
     "text": {
      "text": "Try using Anytype across multiple platforms. We have desktop apps for macOS, Windows, Linux, and mobile apps for iOS, Android. ",
      "marks": {
       "marks": [
        {
         "range": {
          "to": 127
         },
         "type": "Bold"
        },
        {
         "range": {
          "from": 70,
          "to": 75
         },
         "type": "TextColor",
         "param": "purple"
        },
        {
         "range": {
          "from": 77,
          "to": 84
         },
         "type": "TextColor",
         "param": "ice"
        },
        {
         "range": {
          "from": 86,
          "to": 91
         },
         "type": "TextColor",
         "param": "orange"
        },
        {
         "range": {
          "from": 113,
          "to": 116
         },
         "type": "TextColor",
         "param": "blue"
        },
        {
         "range": {
          "from": 118,
          "to": 125
         },
         "type": "TextColor",
         "param": "lime"
        }
       ]
      }
     }
    },
    {
     "id": "619b53fbcae030a4f163ddf9",
     "fields": {
       "width": 0.20323818054365603
      },
     "restrictions": {

     },
     "align": "AlignCenter",
     "file": {
      "hash": "bafybeicaugitqqbckau5manm6hsdu5k4e6owcna2h2sezyoyhseypaj7hm",
      "name": "Screenshot 2021-11-05 at 11.56.21.png",
      "type": "Image",
      "state": "Done"
     }
    },
    {
     "id": "629516a2b6acc712c7d6fca1",
     "restrictions": {

     },
     "text": {
      "text": "Scan the QR code or download here. ",
      "marks": {
       "marks": [
        {
         "range": {
          "from": 29,
          "to": 33
         },
         "type": "Link",
         "param": "https://download.anytype.io/ "
        }
       ]
      }
     }
    },
    {
     "id": "629b407fc1bdc501c3491c3b",
     "restrictions": {

     },
     "text": {
      "text": "All done? Great! ",
      "style": "Header2",
      "marks": {

      }
     }
    },
    {
     "id": "649d5c1cccba0a779886939c",
     "text": {
      "text": "Give the following tasks a try and check them off as you go:",
      "marks": {

      }
     }
    },
    {
     "id": "r-df35acebc69e218aa246d7779c421ebd",
     "restrictions": {

     },
     "childrenIds": [
      "ct-df35acebc69e218aa246d7779c421ebd",
      "cd-df35acebc69e218aa246d7779c421ebd"
     ],
     "layout": {

     }
    },
    {
     "id": "62ac7f034aa788bb01e87b51",
     "restrictions": {

     },
     "backgroundColor": "grey",
     "text": {
      "text": "Now check out our Advanced page for some fun use demo videos on using Relations, Sets, and Templates!",
      "style": "Callout",
      "marks": {
       "marks": [
        {
         "range": {
          "from": 18,
          "to": 26
         },
         "type": "Mention",
         "param": "bafyreiaklvcal6oef62m6shoac3ffuqw6u4xlpsdfigq6dyfpl2wcbeo7y"
        }
       ]
      },
      "iconEmoji": "⚒️"
     }
    },
    {
     "id": "629b671fc1bdc501c3491caf",
     "restrictions": {

     },
     "childrenIds": [
      "r-54bef7c2da5f5982f87904498c01236b"
     ],
     "text": {
      "text": "Each of the following Text styles are available to choose from when creating a text block, either by clicking the orange ➕ button, typing /, or by selecting the text and applying a text style:",
      "marks": {
       "marks": [
        {
         "range": {
          "from": 138,
          "to": 139
         },
         "type": "Keyboard"
        }
       ]
      }
     }
    },
    {
     "id": "6295c51db6acc712c7d6fe54",
     "restrictions": {

     },
     "text": {
      "text": "In addition to text, you can also add Images, Audio, Video, and Files as blocks within your Object. As with text styles, these media can be added by clicking the ➕ button or in-line using the / keyboard shortcut. Finally, you can drag \u0026 drop media directly into your Object.",
      "marks": {
       "marks": [
        {
         "range": {
          "from": 192,
          "to": 193
         },
         "type": "Keyboard"
        },
        {
         "range": {
          "from": 37,
          "to": 60
         },
         "type": "Bold"
        },
        {
         "range": {
          "from": 63,
          "to": 70
         },
         "type": "Bold"
        }
       ]
      }
     }
    },
    {
     "id": "62951fefb6acc712c7d6fd0b",
     "fields": {
      },
     "restrictions": {

     },
     "text": {
      "text": "You can create a multi-column layout by dragging and dropping a block to the beginning/end of another block using the orange block menu.",
      "marks": {

      }
     }
    },
    {
     "id": "62951fefb6acc712c7d6fd0c",
     "fields": {
      },
     "restrictions": {

     },
     "text": {
      "text": "Dragging the vertical control between blocks allows you to change the column width.",
      "marks": {

      }
     }
    },
    {
     "id": "649d9cb4ccba0ab5dfe1653f",
     "fields": {
       "width": 0.7427504534496855
      },
     "file": {
      "hash": "bafybeidw5rxqbp2szdllj4vneayzxncj2svcl7s5evsqgcr4bbw2qsfxua",
      "name": "Column width editor.gif",
      "type": "Image",
      "mime": "image/gif",
      "size": "3195589",
      "state": "Done"
     }
    },
    {
     "id": "62951efdb6acc712c7d6fcef",
     "restrictions": {

     },
     "text": {
      "text": "Linked Objects",
      "style": "Header3",
      "marks": {

      }
     }
    },
    {
     "id": "6295270eb6acc712c7d6fd52",
     "fields": {
      },
     "restrictions": {

     },
     "text": {
      "text": "To create links to other objects from your editor, you an use the / menu and select option: Link to Object. This cretes a new linked block, which you can use to navigate between objects. ",
      "marks": {
       "marks": [
        {
         "range": {
          "from": 66,
          "to": 67
         },
         "type": "Keyboard"
        },
        {
         "range": {
          "from": 92,
          "to": 106
         },
         "type": "Keyboard"
        }
       ]
      }
     }
    },
    {
     "id": "6295270eb6acc712c7d6fd53",
     "fields": {
      },
     "restrictions": {

     },
     "text": {
      "text": "Linked blocks can be formatted as a text link or as a card - you can adjust their appearance by selecting the orange block menu \u003e Preview.\n",
      "marks": {

      }
     }
    },
    {
     "id": "649d9ce5ccba0ab5dfe16544",
     "fields": {
       "width": 0.6465192191674567
      },
     "file": {
      "hash": "bafybeia7trqm7u3vqbc7uhvugsj2qteyf7pagxn53kmqesd7ranec36quy",
      "name": "image.png",
      "type": "Image",
      "size": "167510",
      "state": "Done"
     }
    },
    {
     "id": "629b74adc1bdc501c3491d22",
     "restrictions": {

     },
     "text": {
      "text": "Mentioned Objects",
      "style": "Header3",
      "marks": {

      }
     }
    },
    {
     "id": "62951efeb6acc712c7d6fcf0",
     "restrictions": {

     },
     "text": {
      "text": "You can mention any Object from within another by using the @ command.",
      "marks": {
       "marks": [
        {
         "range": {
          "from": 60,
          "to": 61
         },
         "type": "Keyboard"
        }
       ]
      }
     }
    },
    {
     "id": "62953fabb6acc712c7d6fe12",
     "restrictions": {

     },
     "text": {
      "text": "Mentioned Objects are displayed in-line (rather than as separate blocks). This feature provides a quick and easy way to reference other Objects within Anytype, within a larger block of text, like this: Hello from Anytype! Here is a … .",
      "marks": {
       "marks": [
        {
         "range": {
          "from": 202,
          "to": 233
         },
         "type": "Mention",
         "param": "bafyreieuegrap2fpgncc65i7lvt7ektijrbq7osqhbbvwetc2vcfmyczqi"
        }
       ]
      }
     }
    },
    {
     "id": "62ac7051b6acc77cb875a04e",
     "restrictions": {

     },
     "text": {
      "marks": {

      }
     }
    },
    {
     "id": "cd-1051d0176fa457c41e98c06d93a3ee0d",
     "restrictions": {

     },
     "childrenIds": [
      "629a2995b6acc712c7d700d5",
      "649eb35bccba0af7b70fbcbc"
     ],
     "layout": {
      "style": "Column"
     }
    },
    {
     "id": "cd-e7cc2737630c71655948d6bf20d1abf2",
     "restrictions": {

     },
     "childrenIds": [
      "629a29b3b6acc712c7d700d6",
      "649eb369ccba0af7b70fbcbf"
     ],
     "layout": {
      "style": "Column"
     }
    },
    {
     "id": "r-f3286edd9796d20933b07e5feb745034",
     "restrictions": {

     },
     "childrenIds": [
      "cd-ef8e0eba468203c8b15ac5f781de9e92",
      "cd-5561eeda10518465ff36adefd02dded7"
     ],
     "layout": {

     }
    },
    {
     "id": "r-96b15fdf42e413ce39ea32526f83198c",
     "restrictions": {

     },
     "childrenIds": [
      "cd-4412c3e8d6b0e8856bc8b197cf63a2dc",
      "cd-96b15fdf42e413ce39ea32526f83198c"
     ],
     "layout": {

     }
    },
    {
     "id": "649d5931ccba0a7798869394",
     "restrictions": {

     },
     "text": {
      "text": "Your library is the central place to visualise and manage all of your types and relations.",
      "marks": {

      }
     }
    },
    {
     "id": "629536aeb6acc712c7d6fdd8",
     "restrictions": {

     },
     "text": {
      "text": "Your Recovery Phrase is a generated list of 12 words that follow a sequential order and are used to gain access to your account. You can find it by navigating to: Profile (your picture in the bottom navigation panel) → Recovery Phrase ",
      "marks": {

      }
     }
    },
    {
     "id": "649d9d78ccba0ab5dfe16552",
     "fields": {
       "width": 0.8492064498084717
      },
     "file": {
      "hash": "bafybeifzb4e2dwznzv724xelbbztuf5v2zyzdjtxqxwseoaaiwmc46gzre",
      "name": "Recovery Phrase.png",
      "type": "Image",
      "mime": "image/png",
      "size": "717669",
      "state": "Done"
     }
    },
    {
     "id": "62953bc0b6acc712c7d6fe02",
     "fields": {
      },
     "restrictions": {

     },
     "backgroundColor": "grey",
     "text": {
      "text": "Whomever has access to your Recovery Phrase owns and controls all information in your account. ",
      "style": "Callout",
      "marks": {

      },
      "iconEmoji": "❗"
     }
    },
    {
     "id": "649d5a3accba0a7798869395",
     "restrictions": {

     },
     "text": {
      "text": "Your Recovery Phrase must be kept safe to ensure you don't lose access to your account. Here are some suggestions: ",
      "marks": {
       "marks": [
        {
         "range": {
          "to": 115
         },
         "type": "Bold"
        }
       ]
      }
     }
    },
    {
     "id": "62953bc0b6acc712c7d6fe05",
     "fields": {
      },
     "restrictions": {

     },
     "text": {
      "text": "Online. If you store your Recovery Phrase on a computer, then you should encrypt it before storing. Encrypting your Recovery Phrase renders it useless to whoever might discover it. ",
      "marks": {
       "marks": [
        {
         "range": {
          "to": 7
         },
         "type": "Bold"
        }
       ]
      }
     }
    },
    {
     "id": "62953c35b6acc712c7d6fe0d",
     "restrictions": {

     },
     "text": {
      "text": "Ensure you encrypt your Recovery Phrase with your computer disconnected from the Internet. Do not use a third-party encryption service, as they can gain access to your account.",
      "marks": {

      }
     }
    },
    {
     "id": "62953bc0b6acc712c7d6fe07",
     "fields": {
      },
     "restrictions": {

     },
     "text": {
      "text": "Offline. Good old paper \u0026 ink is probably the most straightforward approach when trying to convert your digital keychain phrase to physical. We'd recommend laminating your paper or protecting it in some way, and keeping it tucked away in a safe place.",
      "marks": {
       "marks": [
        {
         "range": {
          "to": 8
         },
         "type": "Bold"
        }
       ]
      }
     }
    },
    {
     "id": "62953bc0b6acc712c7d6fe09",
     "fields": {
      },
     "restrictions": {

     },
     "text": {
      "text": "Memorizing It. Memorizing your Recovery Phrase is probably the best way to ensure it cannot be found or accidentally exposed. This helps especially if you're traveling or moving and need access to your account.",
      "marks": {
       "marks": [
        {
         "range": {
          "to": 15
         },
         "type": "Bold"
        }
       ]
      }
     }
    },
    {
     "id": "ct-df35acebc69e218aa246d7779c421ebd",
     "childrenIds": [
      "649f0159ccba0a2fcee133b4"
     ],
     "layout": {
      "style": "Column"
     }
    },
    {
     "id": "cd-df35acebc69e218aa246d7779c421ebd",
     "childrenIds": [
      "649f0167ccba0a2fcee133b6"
     ],
     "layout": {
      "style": "Column"
     }
    },
    {
     "id": "r-54bef7c2da5f5982f87904498c01236b",
     "restrictions": {

     },
     "childrenIds": [
      "cd-391ab7718555e13003a5060af4a80ae2",
      "cd-54bef7c2da5f5982f87904498c01236b"
     ],
     "layout": {

     }
    },
    {
     "id": "629a2995b6acc712c7d700d5",
     "restrictions": {

     },
     "text": {
      "text": "Create a Simple Dashboard:",
      "marks": {
       "marks": [
        {
         "range": {
          "to": 26
         },
         "type": "Bold"
        }
       ]
      }
     }
    },
    {
     "id": "649eb35bccba0af7b70fbcbc",
     "bookmark": {
      "url": "https://youtu.be/NCVeIW28tq0",
      "title": "Create a Simple Dashboard",
      "description": "Set up your Anytype to easily navigate to frequently-used pages for work, life, school, or anything else.",
      "imageHash": "bafybeihaq2m7l7jitwssay6rkjoxfy3a7if3eezhaonj3ckj6rabucnsri",
      "faviconHash": "bafybeifmbgagclcfnlz7hplhhbi3pupwur4ejioi2c5ys5bxsndt3yo23e",
      "type": "Page",
      "targetObjectId": "bafyreiag26djjtcgbwg7t3qlfkjdb3b5bdjvxgzujk7usu63egdzdmevlq",
      "state": "Done"
     }
    },
    {
     "id": "629a29b3b6acc712c7d700d6",
     "restrictions": {

     },
     "text": {
      "text": "Personal Travel Planner:",
      "marks": {
       "marks": [
        {
         "range": {
          "to": 24
         },
         "type": "Bold"
        }
       ]
      }
     }
    },
    {
     "id": "649eb369ccba0af7b70fbcbf",
     "bookmark": {
      "url": "https://youtu.be/eSuYrgsRPMs",
      "title": "Personal Travel Planner",
      "description": "Compile travel tickets, packing lists, and survival phrases all in one place that you can access offline.",
      "imageHash": "bafybeiheuhazx3d5kxs7dsghfy6aipmnuhha5qbqg43mulzwpss2ttygja",
      "faviconHash": "bafybeifmbgagclcfnlz7hplhhbi3pupwur4ejioi2c5ys5bxsndt3yo23e",
      "type": "Page",
      "targetObjectId": "bafyreihrvivb5nw4jk7rhyfhny4l5ilhduzzcu2fnmxjhp67ocxh25rr44",
      "state": "Done"
     }
    },
    {
     "id": "cd-ef8e0eba468203c8b15ac5f781de9e92",
     "fields": {
       "width": 0
      },
     "restrictions": {

     },
     "childrenIds": [
      "629b4159c1bdc501c3491c42",
      "649d57b9ccba0a7798869392"
     ],
     "layout": {
      "style": "Column"
     }
    },
    {
     "id": "cd-5561eeda10518465ff36adefd02dded7",
     "fields": {
       "width": 0
      },
     "restrictions": {

     },
     "childrenIds": [
      "649d9d01ccba0ab5dfe16549"
     ],
     "layout": {
      "style": "Column"
     }
    },
    {
     "id": "cd-4412c3e8d6b0e8856bc8b197cf63a2dc",
     "fields": {
       "width": 0
      },
     "restrictions": {

     },
     "childrenIds": [
      "629b4664c1bdc501c3491c7b",
      "629b4234c1bdc501c3491c53"
     ],
     "layout": {
      "style": "Column"
     }
    },
    {
     "id": "cd-96b15fdf42e413ce39ea32526f83198c",
     "fields": {
       "width": 0
      },
     "restrictions": {

     },
     "childrenIds": [
      "649d9d3dccba0ab5dfe1654e"
     ],
     "layout": {
      "style": "Column"
     }
    },
    {
     "id": "649f0159ccba0a2fcee133b4",
     "link": {
      "targetBlockId": "bafyreigw2qtizpsczi6wynoajve2vrw7nhnyjjuztw3wze4fqjoevpkbwm",
      "iconSize": "SizeSmall"
     }
    },
    {
     "id": "649f0167ccba0a2fcee133b6",
     "link": {
      "targetBlockId": "bafyreicf3siovjexobc37nw243basuvnqkge5cpyk32dpe5xrwqeazw5ma",
      "iconSize": "SizeSmall"
     }
    },
    {
     "id": "cd-391ab7718555e13003a5060af4a80ae2",
     "restrictions": {

     },
     "childrenIds": [
      "625fefa9c54d2dccfeccd9e8",
      "625fefa9c54d2dccfeccd9e9",
      "625fefa9c54d2dccfeccd9ea",
      "625fefa9c54d2dccfeccd9eb"
     ],
     "layout": {
      "style": "Column"
     }
    },
    {
     "id": "cd-54bef7c2da5f5982f87904498c01236b",
     "restrictions": {

     },
     "childrenIds": [
      "625fefa9c54d2dccfeccd9ec",
      "625fefa9c54d2dccfeccd9ed",
      "625fefa9c54d2dccfeccd9ee",
      "625fefa9c54d2dccfeccd9ef"
     ],
     "layout": {
      "style": "Column"
     }
    },
    {
     "id": "629b4159c1bdc501c3491c42",
     "restrictions": {

     },
     "text": {
      "text": "Your sidebar is comprised of widgets - modular units designed to help you easily find and navigate to your Objects. You can create widgets with dynamic lists of your Objects, such as Favorites or Recent, or you can turn any Object into a widget of its own.",
      "marks": {
       "marks": [
        {
         "range": {
          "from": 183,
          "to": 192
         },
         "type": "Italic"
        },
        {
         "range": {
          "from": 196,
          "to": 202
         },
         "type": "Italic"
        }
       ]
      }
     }
    },
    {
     "id": "649d57b9ccba0a7798869392",
     "restrictions": {

     },
     "text": {
      "text": "If there are Objects which you frequently access and use, we'd recommend creating widgets in either link, tree or list view for greater ease of navigation.",
      "marks": {

      }
     }
    },
    {
     "id": "649d9d01ccba0ab5dfe16549",
     "fields": {
      },
     "file": {
      "hash": "bafybeic3ahuvhmwgsv75ncmy2pgcwjdw2ufy7nhjkui476ufjtlnosb2cq",
      "name": "Widget Sidebar.png",
      "type": "Image",
      "mime": "image/png",
      "size": "87299",
      "state": "Done"
     }
    },
    {
     "id": "629b4664c1bdc501c3491c7b",
     "restrictions": {

     },
     "text": {
      "text": "From your navigation bar you can use the Search button to conduct a global search of all of your objects, which includes object titles and content.",
      "marks": {

      }
     }
    },
    {
     "id": "629b4234c1bdc501c3491c53",
     "restrictions": {

     },
     "text": {
      "text": "Search results are ordered in terms of most recently opened.",
      "marks": {

      }
     }
    },
    {
     "id": "649d9d3dccba0ab5dfe1654e",
     "fields": {
      },
     "file": {
      "hash": "bafybeigv5d4tl2zxwizj6ksjsr5mh32knudm4dojeahfn5eqwxwjzma3we",
      "name": "Anytype Global Search.png",
      "type": "Image",
      "mime": "image/png",
      "size": "132443",
      "state": "Done"
     }
    },
    {
     "id": "625fefa9c54d2dccfeccd9e8",
     "fields": {
      },
     "restrictions": {

     },
     "text": {
      "text": "Title",
      "style": "Header1",
      "marks": {

      }
     }
    },
    {
     "id": "625fefa9c54d2dccfeccd9e9",
     "fields": {
      },
     "restrictions": {

     },
     "text": {
      "text": "Heading",
      "style": "Header2",
      "marks": {

      }
     }
    },
    {
     "id": "625fefa9c54d2dccfeccd9ea",
     "fields": {
      },
     "restrictions": {

     },
     "text": {
      "text": "Subheading",
      "style": "Header3",
      "marks": {

      }
     }
    },
    {
     "id": "625fefa9c54d2dccfeccd9eb",
     "fields": {
      },
     "restrictions": {

     },
     "text": {
      "text": "Highlighted",
      "style": "Quote",
      "marks": {

      }
     }
    },
    {
     "id": "625fefa9c54d2dccfeccd9ec",
     "fields": {
      },
     "restrictions": {

     },
     "text": {
      "text": "Checkbox ",
      "style": "Checkbox",
      "marks": {

      }
     }
    },
    {
     "id": "625fefa9c54d2dccfeccd9ed",
     "fields": {
      },
     "restrictions": {

     },
     "text": {
      "text": "Bulleted list ",
      "style": "Marked",
      "marks": {

      }
     }
    },
    {
     "id": "625fefa9c54d2dccfeccd9ee",
     "fields": {
      },
     "restrictions": {

     },
     "text": {
      "text": "Numbered list ",
      "style": "Numbered",
      "marks": {

      }
     }
    },
    {
     "id": "625fefa9c54d2dccfeccd9ef",
     "fields": {
      },
     "restrictions": {

     },
     "childrenIds": [
      "625fefa9c54d2dccfeccd9f0"
     ],
     "text": {
      "text": "Toggled list",
      "style": "Toggle",
      "marks": {

      }
     }
    },
    {
     "id": "625fefa9c54d2dccfeccd9f0",
     "fields": {
      },
     "restrictions": {

     },
     "text": {
      "text": "Hello there! 👋",
      "marks": {

      }
     }
    }
   ],
   "details": {
     "address": "Test adress",
     "backlinks": [
        "bafyreiaklvcal6oef62m6shoac3ffuqw6u4xlpsdfigq6dyfpl2wcbeo7y",
        "bafyreiemsie5rqymgfotipbrkp2c2verdl77vcmbe3fl6vfvkmfcqnhhha",
        "bafyreigoxluraupk4o4peace3sqb6n5k53summt5jlnqgzp5k4vxitq3ce"
       ],
     "coverId": "",
     "coverScale": 0,
     "coverType": 0,
     "coverX": 0,
     "coverY": 0,
     "createdDate": 1695656265,
     "creator": "bafyreifc5pfjexh36tzw6itfyj3u27zyyvvjuvfp4yub3iuw2y2l5omtdm",
     "description": "How to start using Anytype",
     "featuredRelations": [
        "type",
        "description"
       ],
     "iconEmoji": "💫",
     "iconImage": "",
     "id": "bafyreia3ow3j5rhedw7afie5s6oj37rxbwlt2mnsftynfs54u2fvjoupv4",
     "isArchived": true,
     "isFavorite": true,
     "lastModifiedBy": "bafyreifc5pfjexh36tzw6itfyj3u27zyyvvjuvfp4yub3iuw2y2l5omtdm",
     "lastModifiedDate": 1695656265,
     "layout": 0,
     "links": [
        "bafyreieuegrap2fpgncc65i7lvt7ektijrbq7osqhbbvwetc2vcfmyczqi",
        "bafyreiag26djjtcgbwg7t3qlfkjdb3b5bdjvxgzujk7usu63egdzdmevlq",
        "bafyreihrvivb5nw4jk7rhyfhny4l5ilhduzzcu2fnmxjhp67ocxh25rr44",
        "bafyreigw2qtizpsczi6wynoajve2vrw7nhnyjjuztw3wze4fqjoevpkbwm",
        "bafyreicf3siovjexobc37nw243basuvnqkge5cpyk32dpe5xrwqeazw5ma",
        "bafyreiaklvcal6oef62m6shoac3ffuqw6u4xlpsdfigq6dyfpl2wcbeo7y"
       ],
     "name": "Get started",
     "oldAnytypeID": "bafyreihbeagu2yv5wepmq6hbtb5dkoegs573b76aklzk33ainmfzdex2ui",
     "restrictions": [
       ],
     "snippet": "Welcome!\nAt Anytype, we believe that everything you create should look great and feel personal.",
     "sourceFilePath": "pb:/Users/charlotte/Library/Application Support/anytype/alpha/data/tmp/tmp.20230925.173745.42.zip/bafyreihbeagu2yv5wepmq6hbtb5dkoegs573b76aklzk33ainmfzdex2ui.pb",
     "tag": [
        "64cbc073ccba0a7f50247689"
       ],
     "type": "ot-page",
     "workspaceId": "bafyreihueygh5y3h727335e32xlov6g3m6p7adnyg4t7j5oyuhw66rmd4m"
    },
   "objectTypes": [
    "ot-page"
   ],
   "relationLinks": [
    {
     "key": "id",
     "format": "object"
    },
    {
     "key": "snippet"
    },
    {
     "key": "workspaceId",
     "format": "object"
    },
    {
     "key": "createdDate",
     "format": "date"
    },
    {
     "key": "creator",
     "format": "object"
    },
    {
     "key": "type",
     "format": "object"
    },
    {
     "key": "layout",
     "format": "number"
    },
    {
     "key": "name",
     "format": "shorttext"
    },
    {
     "key": "description"
    },
    {
     "key": "iconEmoji",
     "format": "emoji"
    },
    {
     "key": "iconImage",
     "format": "file"
    },
    {
     "key": "layoutAlign",
     "format": "number"
    },
    {
     "key": "coverId",
     "format": "shorttext"
    },
    {
     "key": "coverScale",
     "format": "number"
    },
    {
     "key": "coverType",
     "format": "number"
    },
    {
     "key": "coverX",
     "format": "number"
    },
    {
     "key": "coverY",
     "format": "number"
    },
    {
     "key": "lastModifiedDate",
     "format": "date"
    },
    {
     "key": "lastModifiedBy",
     "format": "object"
    },
    {
     "key": "lastOpenedDate",
     "format": "date"
    },
    {
     "key": "featuredRelations",
     "format": "object"
    },
    {
     "key": "isHidden",
     "format": "checkbox"
    },
    {
     "key": "isArchived",
     "format": "checkbox"
    },
    {
     "key": "isFavorite",
     "format": "checkbox"
    },
    {
     "key": "links",
     "format": "object"
    },
    {
     "key": "restrictions",
     "format": "number"
    },
    {
     "key": "tag",
     "format": "tag"
    },
    {
     "key": "setOf",
     "format": "object"
    },
    {
     "key": "internalFlags",
     "format": "number"
    },
    {
     "key": "oldAnytypeID"
    },
    {
     "key": "sourceFilePath"
    },
    {
     "key": "backlinks",
     "format": "object"
    }
   ]
  },
  "fileKeys": [
   {
    "hash": "bafybeidw5rxqbp2szdllj4vneayzxncj2svcl7s5evsqgcr4bbw2qsfxua",
    "keys": {
     "/0/exif/": "bsgltukrnfktxaijvic5qt5jmtmvsm5rpms6o6ly3oqcd3lsmjeka",
     "/0/large/": "b5lcsfpv77r7p2o5agewngq3s3ixkezb44ofr5lcshk3d75iztkwa",
     "/0/original/": "b5lcsfpv77r7p2o5agewngq3s3ixkezb44ofr5lcshk3d75iztkwa",
     "/0/small/": "baq3hkmlmthxhiol2k7ybvjheqov7ch3bz6w3poj7affxdantw2ha",
     "/0/thumb/": "bmaucrhnrcef6qx3z6i5eajb22w27tl3c46tg3qxpaflqtjq577ba"
    }
   },
   {
    "hash": "bafybeia7trqm7u3vqbc7uhvugsj2qteyf7pagxn53kmqesd7ranec36quy",
    "keys": {
     "/0/exif/": "bhia7lq5rkexbyt6aw3p3rdojwdfmtobq3udsy3n4nmkrixwlp2qq",
     "/0/large/": "b75h5xvoerzp4qvd7uuaqlh4525zkxb3pz4f7jrix7uqwmlxv3jbq",
     "/0/original/": "bb2li7gqnvfvvjwklisuisg6mpbjebnt6nvd52i3wwneqeekn752q",
     "/0/small/": "bkn3y7pkpkpk3x4tooqopgo63axccmunyqbzki645hv3lwtvl6mha",
     "/0/thumb/": "bgap7bp3xefxltruuxuteuw6xz4hcxr746wth5tifruep5n7et6fq"
    }
   },
   {
    "hash": "bafybeihaq2m7l7jitwssay6rkjoxfy3a7if3eezhaonj3ckj6rabucnsri",
    "keys": {
     "/0/exif/": "btjb24yaxiojn32mzezml5jmoz7j2eaikbd6nhhie6yprh64jchva",
     "/0/large/": "bmgr3andtu6cq3ypzto4ajju6ehvxzyovz3h3mdxpvxj5h5fmudba",
     "/0/original/": "bmgr3andtu6cq3ypzto4ajju6ehvxzyovz3h3mdxpvxj5h5fmudba",
     "/0/small/": "bbjgatf62uvnwixmuw6dco77moznt2c2wujrozft2z3o6clvevvjq",
     "/0/thumb/": "brondshqex4h7oyzyyqy3m3exk4el2qhw5ldci76glg7usjp6xxfa"
    }
   },
   {
    "hash": "bafybeifmbgagclcfnlz7hplhhbi3pupwur4ejioi2c5ys5bxsndt3yo23e",
    "keys": {
     "/0/exif/": "buoo25pon52hhy45qrqhjdea2sxv4xa4v2a7rqusvvnchg7e7rr6q",
     "/0/large/": "brnic7eoo7jnm6nx3pbpdpvqhqnlcoy2tbdk7sts3luscyiylcwuq",
     "/0/original/": "brnic7eoo7jnm6nx3pbpdpvqhqnlcoy2tbdk7sts3luscyiylcwuq",
     "/0/small/": "brnic7eoo7jnm6nx3pbpdpvqhqnlcoy2tbdk7sts3luscyiylcwuq",
     "/0/thumb/": "biew53ctujuzbdxf6wiwe7rnf2plkrbwccmmsj4sewghzdu3altda"
    }
   },
   {
    "hash": "bafybeiheuhazx3d5kxs7dsghfy6aipmnuhha5qbqg43mulzwpss2ttygja",
    "keys": {
     "/0/exif/": "b2ib6v5adst4h7lauv6wcb23qj4woogpoafoy4poyzerqodvajxsq",
     "/0/large/": "baprmesdhnkr4chlfobwtfcvbzvu7g3g42q375ou7w2ttfvxvebxa",
     "/0/original/": "baprmesdhnkr4chlfobwtfcvbzvu7g3g42q375ou7w2ttfvxvebxa",
     "/0/small/": "bajtj6bluwg5cbhqcovjsavenrbz736cm24tzi6bdj7rq3zfvkhmq",
     "/0/thumb/": "ben3k6h4rd2747m3e3qqnxwpbm5r3s4xfeoxxh2rwznx7vn72usnq"
    }
   },
   {
    "hash": "bafybeic3ahuvhmwgsv75ncmy2pgcwjdw2ufy7nhjkui476ufjtlnosb2cq",
    "keys": {
     "/0/exif/": "bvc3yrrxgpulysakony5a26l3ne7a6wfsjlgq23ynw735w2mebwpq",
     "/0/large/": "btzos3bqd5dkzckx6hfypgddsw2kbee7l5otvc6j52taxvybz6leq",
     "/0/original/": "btzos3bqd5dkzckx6hfypgddsw2kbee7l5otvc6j52taxvybz6leq",
     "/0/small/": "bafqp74wj5bjwup5pdy5daclc2i2f5knt4jn5cgqpetvqfml37wua",
     "/0/thumb/": "b6nhc5rzhltrjul6bdykil4b25p7trybquwonjcphaye5l6ur7w3q"
    }
   },
   {
    "hash": "bafybeigv5d4tl2zxwizj6ksjsr5mh32knudm4dojeahfn5eqwxwjzma3we",
    "keys": {
     "/0/exif/": "blnwbtsf2tzybwkvgj3xwduowtm6k6f6tv6srdu2u76boeh6drnrq",
     "/0/large/": "bwiyjje66fxpbqaoyynn5qnghjfbt35k6ox33bvkk2meajrtdqmva",
     "/0/original/": "bwiyjje66fxpbqaoyynn5qnghjfbt35k6ox33bvkk2meajrtdqmva",
     "/0/small/": "b3t5hzpbmteklpwju6o77a6c46z7z45qajrf4cpumgzaabqahgfsa",
     "/0/thumb/": "ba6nirr3gvef4eyew3r54hm56tyxnqr5n552ojufdrid6ktrvcmca"
    }
   },
   {
    "hash": "bafybeifzb4e2dwznzv724xelbbztuf5v2zyzdjtxqxwseoaaiwmc46gzre",
    "keys": {
     "/0/exif/": "bgntw7jve3duoqunajtvlv7cz43c3ijkjkxvgrwnfe5zrnolhxvja",
     "/0/large/": "bdoezmso2idhgdlcmrtuop6zhuqtbnifwomwfvkhfh6xmogc2i3wa",
     "/0/original/": "br4wm4ny2nkz5h5mgx6emxrf5cv2v777rsn4gscxarukv5bby3usq",
     "/0/small/": "btndsq5crodqbt4xxkdne37ogiuk7tla23wfsilbbsngxifmu7zuq",
     "/0/thumb/": "bii3i6w3vsq4p2deu2euti3a4akaj5yqgryj7tqbuvb4q5gmwqqkq"
    }
   },
   {
    "hash": "bafybeicaugitqqbckau5manm6hsdu5k4e6owcna2h2sezyoyhseypaj7hm",
    "keys": {
     "/0/exif/": "bkimyk6vdwqrxri2iab4dc74t6j5e5neo3oyh73fuievgdfy3frra",
     "/0/large/": "bbfbxubofwpq6a2xf7te43g44nl627d5d2wwjuklt57zxauiq63gq",
     "/0/original/": "bvilbom7l6inwv6wzoqjodus3irwjkdqybex7utij3cyaijq2rlta",
     "/0/small/": "buckvtx3qze76f7253pxh6znajtvefac5hxbtakz24fzkidujs2dq",
     "/0/thumb/": "bsdkzy2z7u53jcfnj2u2sbmgbr4zyowzvrxmqh2ve6fqb5vpvrzma"
    }
   }
  ]
 }
}