{
 "sbType": "Page",
 "snapshot": {
  "data": {
   "blocks": [
    {
     "id": "bafyreicddudkggqb6wpyhm2emdqnnca5onmhbf4icvt7gd2tpjl5th62gq",
     "restrictions": {

     },
     "childrenIds": [
      "header",
      "6511a9f51cac630478df1d02",
      "6511abfe1cac630478df1d2c",
      "6511aa011cac630478df1d03",
      "6511abff1cac630478df1d2d",
      "6511abf01cac630478df1d2b",
      "6511ac001cac630478df1d2e",
      "6511aa041cac630478df1d04",
      "6511ab821cac630478df1d18"
     ],
     "smartblock": {

     }
    },
    {
     "id": "header",
     "restrictions": {
      "edit": true,
      "remove": true,
      "drag": true,
      "dropOn": true
     },
     "childrenIds": [
      "title",
      "description",
      "featuredRelations"
     ],
     "layout": {
      "style": "Header"
     }
    },
    {
     "id": "6511a9f51cac630478df1d02",
     "text": {
      "text": "Description",
      "style": "Header3",
      "marks": {

      }
     }
    },
    {
     "id": "6511abfe1cac630478df1d2c",
     "text": {
      "marks": {

      }
     }
    },
    {
     "id": "6511aa011cac630478df1d03",
     "text": {
      "text": "Grading \u0026 Requirements",
      "style": "Header3",
      "marks": {

      }
     }
    },
    {
     "id": "6511abff1cac630478df1d2d",
     "text": {
      "marks": {

      }
     }
    },
    {
     "id": "6511abf01cac630478df1d2b",
     "text": {
      "text": "Required Textbooks",
      "style": "Header3",
      "marks": {

      }
     }
    },
    {
     "id": "6511ac001cac630478df1d2e",
     "text": {
      "marks": {

      }
     }
    },
    {
     "id": "6511aa041cac630478df1d04",
     "text": {
      "text": "Syllabus",
      "style": "Header3",
      "marks": {

      }
     }
    },
    {
     "id": "6511ab821cac630478df1d18",
     "restrictions": {

     },
     "childrenIds": [
      "6511ab821cac630478df1d1c",
      "6511ab821cac630478df1d20"
     ],
     "table": {

     }
    },
    {
     "id": "title",
     "fields": {
       "_detailsKey": [
          "name",
          "done"
         ]
      },
     "restrictions": {
      "remove": true,
      "drag": true,
      "dropOn": true
     },
     "text": {
      "style": "Title",
      "marks": {

      }
     }
    },
    {
     "id": "description",
     "fields": {
       "_detailsKey": "description"
      },
     "restrictions": {
      "remove": true,
      "drag": true,
      "dropOn": true
     },
     "text": {
      "style": "Description",
      "marks": {

      }
     }
    },
    {
     "id": "featuredRelations",
     "restrictions": {
      "remove": true,
      "drag": true,
      "dropOn": true
     },
     "featuredRelations": {

     }
    },
    {
     "id": "6511ab821cac630478df1d1c",
     "childrenIds": [
      "6511ab821cac630478df1d19",
      "6511ab821cac630478df1d1a",
      "6511ab821cac630478df1d1b"
     ],
     "layout": {
      "style": "TableColumns"
     }
    },
    {
     "id": "6511ab821cac630478df1d20",
     "childrenIds": [
      "6511ab821cac630478df1d1d",
      "6511ab821cac630478df1d1e",
      "6511ab821cac630478df1d1f",
      "6511ab841cac630478df1d21",
      "6511ab851cac630478df1d22",
      "6511ab861cac630478df1d23",
      "6511ab871cac630478df1d24",
      "6511ab881cac630478df1d25",
      "6511ab8a1cac630478df1d26",
      "6511ab8b1cac630478df1d27",
      "6511ab8c1cac630478df1d28",
      "6511ab8d1cac630478df1d29",
      "6511ab8e1cac630478df1d2a"
     ],
     "layout": {
      "style": "TableRows"
     }
    },
    {
     "id": "6511ab821cac630478df1d19",
     "fields": {
       "width": 100
      },
     "tableColumn": {

     }
    },
    {
     "id": "6511ab821cac630478df1d1a",
     "fields": {
       "width": 286
      },
     "tableColumn": {

     }
    },
    {
     "id": "6511ab821cac630478df1d1b",
     "fields": {
       "width": 138
      },
     "tableColumn": {

     }
    },
    {
     "id": "6511ab821cac630478df1d1d",
     "childrenIds": [
      "6511ab821cac630478df1d1d-6511ab821cac630478df1d19",
      "6511ab821cac630478df1d1d-6511ab821cac630478df1d1a",
      "6511ab821cac630478df1d1d-6511ab821cac630478df1d1b"
     ],
     "tableRow": {

     }
    },
    {
     "id": "6511ab821cac630478df1d1e",
     "tableRow": {

     }
    },
    {
     "id": "6511ab821cac630478df1d1f",
     "tableRow": {

     }
    },
    {
     "id": "6511ab841cac630478df1d21",
     "tableRow": {

     }
    },
    {
     "id": "6511ab851cac630478df1d22",
     "tableRow": {

     }
    },
    {
     "id": "6511ab861cac630478df1d23",
     "tableRow": {

     }
    },
    {
     "id": "6511ab871cac630478df1d24",
     "tableRow": {

     }
    },
    {
     "id": "6511ab881cac630478df1d25",
     "tableRow": {

     }
    },
    {
     "id": "6511ab8a1cac630478df1d26",
     "tableRow": {

     }
    },
    {
     "id": "6511ab8b1cac630478df1d27",
     "tableRow": {

     }
    },
    {
     "id": "6511ab8c1cac630478df1d28",
     "tableRow": {

     }
    },
    {
     "id": "6511ab8d1cac630478df1d29",
     "tableRow": {

     }
    },
    {
     "id": "6511ab8e1cac630478df1d2a",
     "tableRow": {

     }
    },
    {
     "id": "6511ab821cac630478df1d1d-6511ab821cac630478df1d19",
     "backgroundColor": "lime",
     "text": {
      "text": "Lecture №",
      "marks": {
       "marks": [
        {
         "range": {
          "to": 9
         },
         "type": "Bold"
        }
       ]
      }
     }
    },
    {
     "id": "6511ab821cac630478df1d1d-6511ab821cac630478df1d1a",
     "backgroundColor": "lime",
     "text": {
      "text": "Course Notes",
      "marks": {
       "marks": [
        {
         "range": {
          "to": 12
         },
         "type": "Bold"
        }
       ]
      }
     }
    },
    {
     "id": "6511ab821cac630478df1d1d-6511ab821cac630478df1d1b",
     "backgroundColor": "lime",
     "text": {
      "text": "Assignments",
      "marks": {
       "marks": [
        {
         "range": {
          "to": 11
         },
         "type": "Bold"
        }
       ]
      }
     }
    }
   ],
   "details": {
     "6511b0571cac630478df1d57": [
        "bafyreian4adfsz7h3nawonwtn2fmjbleo7oxumovebffr7qnnwbpx7tzfm"
       ],
     "backlinks": [
       ],
     "coverId": "bafybeifmk2kqlffxcnto65wdma5ow3fv6mjmwwkgfxgrw7ehy4kfb5dzii",
     "coverScale": 0,
     "coverType": 1,
     "coverX": 0,
     "coverY": -0.25,
     "createdDate": 1695658108,
     "creator": "bafyreifc5pfjexh36tzw6itfyj3u27zyyvvjuvfp4yub3iuw2y2l5omtdm",
     "description": "",
     "featuredRelations": [
        "type",
        "description",
        "6511aa181cac630478df1d05",
        "6511aa251cac630478df1d06",
        "6511aa541cac630478df1d07",
        "6511aa9b1cac630478df1d08",
        "6511aaaf1cac630478df1d09"
       ],
     "id": "bafyreicddudkggqb6wpyhm2emdqnnca5onmhbf4icvt7gd2tpjl5th62gq",
     "internalFlags": [
       ],
     "isArchived": true,
     "lastModifiedBy": "bafyreifc5pfjexh36tzw6itfyj3u27zyyvvjuvfp4yub3iuw2y2l5omtdm",
     "lastModifiedDate": 1695658117,
     "layout": 0,
     "links": [
        "bafyreian4adfsz7h3nawonwtn2fmjbleo7oxumovebffr7qnnwbpx7tzfm"
       ],
     "name": "Course Name",
     "restrictions": [
       ],
     "snippet": "Description\nGrading \u0026 Requirements\nRequired Textbooks",
     "type": "ot-6511a9dd1cac630478df1d01",
     "workspaceId": "bafyreihueygh5y3h727335e32xlov6g3m6p7adnyg4t7j5oyuhw66rmd4m"
    },
   "objectTypes": [
    "ot-6511a9dd1cac630478df1d01"
   ],
   "relationLinks": [
    {
     "key": "workspaceId",
     "format": "object"
    },
    {
     "key": "createdDate",
     "format": "date"
    },
    {
     "key": "creator",
     "format": "object"
    },
    {
     "key": "type",
     "format": "object"
    },
    {
     "key": "id",
     "format": "object"
    },
    {
     "key": "snippet"
    },
    {
     "key": "layout",
     "format": "number"
    },
    {
     "key": "targetObjectType",
     "format": "object"
    },
    {
     "key": "internalFlags",
     "format": "number"
    },
    {
     "key": "backlinks",
     "format": "object"
    },
    {
     "key": "name",
     "format": "shorttext"
    },
    {
     "key": "description"
    },
    {
     "key": "iconEmoji",
     "format": "emoji"
    },
    {
     "key": "iconImage",
     "format": "file"
    },
    {
     "key": "layoutAlign",
     "format": "number"
    },
    {
     "key": "coverId"
    },
    {
     "key": "coverScale",
     "format": "number"
    },
    {
     "key": "coverType",
     "format": "number"
    },
    {
     "key": "coverX",
     "format": "number"
    },
    {
     "key": "coverY",
     "format": "number"
    },
    {
     "key": "lastModifiedDate",
     "format": "date"
    },
    {
     "key": "lastModifiedBy",
     "format": "object"
    },
    {
     "key": "lastOpenedDate",
     "format": "date"
    },
    {
     "key": "featuredRelations",
     "format": "object"
    },
    {
     "key": "isFavorite",
     "format": "checkbox"
    },
    {
     "key": "links",
     "format": "object"
    },
    {
     "key": "restrictions",
     "format": "number"
    },
    {
     "key": "6511aa181cac630478df1d05",
     "format": "object"
    },
    {
     "key": "6511aa251cac630478df1d06",
     "format": "number"
    },
    {
     "key": "6511aa541cac630478df1d07"
    },
    {
     "key": "6511aa9b1cac630478df1d08",
     "format": "number"
    },
    {
     "key": "6511aaaf1cac630478df1d09",
     "format": "tag"
    },
    {
     "key": "6511b0571cac630478df1d57",
     "format": "object"
    }
   ]
  },
  "fileKeys": [
   {
    "hash": "bafybeifmk2kqlffxcnto65wdma5ow3fv6mjmwwkgfxgrw7ehy4kfb5dzii",
    "keys": {
     "/0/exif/": "bvtzwrygvoummd34irltze7zmhnqo6t24d44vmveeje6ivtpqztva",
     "/0/large/": "b5t7pn2td7mv7sli5pwkhcsbqgtjbpqmzvsyprkilf4i4vszzexaq",
     "/0/original/": "b72xcdmwjrvxev5q6pihrwxhzqfk35hv3imc5ots6jsz7jr4vkujq",
     "/0/small/": "bti3yzept7mppqjwcrkc2vgkvrp2zs6evcypcybbv46c3dgdquc2a",
     "/0/thumb/": "b342pp3lalwqkesw35abxeunhj45ewnnyzjuh7dwpmwwvrtpirb4a"
    }
   }
  ]
 }
}