{
 "sbType": "Page",
 "snapshot": {
  "data": {
   "blocks": [
    {
     "id": "bafyreihrvivb5nw4jk7rhyfhny4l5ilhduzzcu2fnmxjhp67ocxh25rr44",
     "fields": {
       "analyticsContext": "skip",
       "analyticsOriginalId": "bafyreiconpsf6r5cvas6h2rsv35xjcla2rid5j3ltakkvnntwuy7u3oawe"
      },
     "restrictions": {

     },
     "childrenIds": [
      "header",
      "source",
      "tag"
     ],
     "smartblock": {

     }
    },
    {
     "id": "header",
     "restrictions": {
      "edit": true,
      "remove": true,
      "drag": true,
      "dropOn": true
     },
     "childrenIds": [
      "title",
      "description",
      "featuredRelations"
     ],
     "layout": {
      "style": "Header"
     }
    },
    {
     "id": "source",
     "relation": {
      "key": "source"
     }
    },
    {
     "id": "tag",
     "relation": {
      "key": "tag"
     }
    },
    {
     "id": "title",
     "fields": {
       "_detailsKey": [
          "name",
          "done"
         ]
      },
     "restrictions": {
      "remove": true,
      "drag": true,
      "dropOn": true
     },
     "text": {
      "style": "Title",
      "marks": {

      }
     }
    },
    {
     "id": "description",
     "fields": {
       "_detailsKey": "description"
      },
     "restrictions": {
      "remove": true,
      "drag": true,
      "dropOn": true
     },
     "text": {
      "style": "Description",
      "marks": {

      }
     }
    },
    {
     "id": "featuredRelations",
     "restrictions": {
      "remove": true,
      "drag": true,
      "dropOn": true
     },
     "featuredRelations": {

     }
    }
   ],
   "details": {
     "backlinks": [
        "bafyreia3ow3j5rhedw7afie5s6oj37rxbwlt2mnsftynfs54u2fvjoupv4",
        "bafyreiemsie5rqymgfotipbrkp2c2verdl77vcmbe3fl6vfvkmfcqnhhha"
       ],
     "createdDate": 1695656265,
     "creator": "bafyreifc5pfjexh36tzw6itfyj3u27zyyvvjuvfp4yub3iuw2y2l5omtdm",
     "description": "Compile travel tickets, packing lists, and survival phrases all in one place that you can access offline.",
     "featuredRelations": [
        "description",
        "type",
        "createdDate"
       ],
     "iconImage": "bafybeifmbgagclcfnlz7hplhhbi3pupwur4ejioi2c5ys5bxsndt3yo23e",
     "id": "bafyreihrvivb5nw4jk7rhyfhny4l5ilhduzzcu2fnmxjhp67ocxh25rr44",
     "isArchived": true,
     "lastModifiedBy": "bafyreifc5pfjexh36tzw6itfyj3u27zyyvvjuvfp4yub3iuw2y2l5omtdm",
     "lastModifiedDate": 1695656265,
     "layout": 11,
     "links": [
       ],
     "name": "Personal Travel Planner",
     "oldAnytypeID": "bafyreid466kngpyq72ualhh2ripgmriym5uk4h3o27skxebyhnbclzc6wa",
     "picture": "bafybeiheuhazx3d5kxs7dsghfy6aipmnuhha5qbqg43mulzwpss2ttygja",
     "restrictions": [
       ],
     "snippet": "",
     "source": "https://youtu.be/eSuYrgsRPMs",
     "sourceFilePath": "pb:/Users/charlotte/Library/Application Support/anytype/alpha/data/tmp/tmp.20230925.173745.42.zip/bafyreid466kngpyq72ualhh2ripgmriym5uk4h3o27skxebyhnbclzc6wa.pb",
     "tag": [
        "64cbc073ccba0a7f50247689"
       ],
     "type": "ot-bookmark",
     "workspaceId": "bafyreihueygh5y3h727335e32xlov6g3m6p7adnyg4t7j5oyuhw66rmd4m"
    },
   "objectTypes": [
    "ot-bookmark"
   ],
   "relationLinks": [
    {
     "key": "workspaceId",
     "format": "object"
    },
    {
     "key": "createdDate",
     "format": "date"
    },
    {
     "key": "creator",
     "format": "object"
    },
    {
     "key": "type",
     "format": "object"
    },
    {
     "key": "id",
     "format": "object"
    },
    {
     "key": "snippet"
    },
    {
     "key": "source",
     "format": "url"
    },
    {
     "key": "layout",
     "format": "number"
    },
    {
     "key": "name",
     "format": "shorttext"
    },
    {
     "key": "description"
    },
    {
     "key": "iconEmoji",
     "format": "emoji"
    },
    {
     "key": "iconImage",
     "format": "file"
    },
    {
     "key": "layoutAlign",
     "format": "number"
    },
    {
     "key": "coverId",
     "format": "shorttext"
    },
    {
     "key": "coverScale",
     "format": "number"
    },
    {
     "key": "coverType",
     "format": "number"
    },
    {
     "key": "coverX",
     "format": "number"
    },
    {
     "key": "coverY",
     "format": "number"
    },
    {
     "key": "lastModifiedDate",
     "format": "date"
    },
    {
     "key": "lastModifiedBy",
     "format": "object"
    },
    {
     "key": "lastOpenedDate",
     "format": "date"
    },
    {
     "key": "featuredRelations",
     "format": "object"
    },
    {
     "key": "isFavorite",
     "format": "checkbox"
    },
    {
     "key": "links",
     "format": "object"
    },
    {
     "key": "internalFlags",
     "format": "number"
    },
    {
     "key": "restrictions",
     "format": "number"
    },
    {
     "key": "tag",
     "format": "tag"
    },
    {
     "key": "picture",
     "format": "file"
    },
    {
     "key": "sourceFilePath"
    },
    {
     "key": "oldAnytypeID"
    },
    {
     "key": "backlinks",
     "format": "object"
    },
    {
     "key": "isArchived",
     "format": "checkbox"
    }
   ]
  },
  "fileKeys": [
   {
    "hash": "bafybeifmbgagclcfnlz7hplhhbi3pupwur4ejioi2c5ys5bxsndt3yo23e",
    "keys": {
     "/0/exif/": "buoo25pon52hhy45qrqhjdea2sxv4xa4v2a7rqusvvnchg7e7rr6q",
     "/0/large/": "brnic7eoo7jnm6nx3pbpdpvqhqnlcoy2tbdk7sts3luscyiylcwuq",
     "/0/original/": "brnic7eoo7jnm6nx3pbpdpvqhqnlcoy2tbdk7sts3luscyiylcwuq",
     "/0/small/": "brnic7eoo7jnm6nx3pbpdpvqhqnlcoy2tbdk7sts3luscyiylcwuq",
     "/0/thumb/": "biew53ctujuzbdxf6wiwe7rnf2plkrbwccmmsj4sewghzdu3altda"
    }
   },
   {
    "hash": "bafybeiheuhazx3d5kxs7dsghfy6aipmnuhha5qbqg43mulzwpss2ttygja",
    "keys": {
     "/0/exif/": "b2ib6v5adst4h7lauv6wcb23qj4woogpoafoy4poyzerqodvajxsq",
     "/0/large/": "baprmesdhnkr4chlfobwtfcvbzvu7g3g42q375ou7w2ttfvxvebxa",
     "/0/original/": "baprmesdhnkr4chlfobwtfcvbzvu7g3g42q375ou7w2ttfvxvebxa",
     "/0/small/": "bajtj6bluwg5cbhqcovjsavenrbz736cm24tzi6bdj7rq3zfvkhmq",
     "/0/thumb/": "ben3k6h4rd2747m3e3qqnxwpbm5r3s4xfeoxxh2rwznx7vn72usnq"
    }
   }
  ]
 }
}