{
 "sbType": "SubObject",
 "snapshot": {
  "data": {
   "blocks": [
    {
     "id": "ot-video",
     "restrictions": {

     },
     "childrenIds": [
      "header",
      "templates",
      "dataview"
     ]
    },
    {
     "id": "header",
     "restrictions": {
      "edit": true,
      "remove": true,
      "drag": true,
      "dropOn": true
     },
     "childrenIds": [
      "title",
      "description",
      "featuredRelations"
     ],
     "layout": {
      "style": "Header"
     }
    },
    {
     "id": "templates",
     "fields": {
       "_defaultRecordFields": {
          "targetObjectType": "ot-video"
         }
      },
     "dataview": {
      "source": [
       "ot-template"
      ],
      "views": [
       {
        "id": "_view2_1",
        "name": "All",
        "sorts": [
         {
          "RelationKey": "name"
         }
        ],
        "filters": [
         {
          "RelationKey": "targetObjectType",
          "condition": "Equal",
          "value": "ot-video"
         }
        ]
       }
      ]
     }
    },
    {
     "id": "dataview",
     "dataview": {
      "source": [
       "ot-video"
      ],
      "views": [
       {
        "id": "_view1_1",
        "name": "All",
        "sorts": [
         {
          "RelationKey": "name"
         }
        ],
        "relations": [
         {
          "key": "sizeInBytes",
          "isVisible": true
         },
         {
          "key": "camera",
          "isVisible": true
         },
         {
          "key": "thumbnailImage",
          "isVisible": true
         },
         {
          "key": "heightInPixels",
          "isVisible": true
         },
         {
          "key": "widthInPixels",
          "isVisible": true
         },
         {
          "key": "cameraIso",
          "isVisible": true
         },
         {
          "key": "aperture",
          "isVisible": true
         },
         {
          "key": "exposure",
          "isVisible": true
         },
         {
          "key": "addedDate",
          "isVisible": true
         },
         {
          "key": "fileExt",
          "isVisible": true
         }
        ]
       }
      ],
      "relationLinks": [
       {
        "key": "sizeInBytes",
        "format": "number"
       },
       {
        "key": "fileMimeType"
       },
       {
        "key": "camera"
       },
       {
        "key": "thumbnailImage",
        "format": "file"
       },
       {
        "key": "heightInPixels",
        "format": "number"
       },
       {
        "key": "widthInPixels",
        "format": "number"
       },
       {
        "key": "cameraIso",
        "format": "number"
       },
       {
        "key": "aperture"
       },
       {
        "key": "exposure"
       },
       {
        "key": "addedDate",
        "format": "date"
       },
       {
        "key": "fileExt"
       }
      ]
     }
    },
    {
     "id": "title",
     "fields": {
       "_detailsKey": [
          "name",
          "done"
         ]
      },
     "restrictions": {
      "remove": true,
      "drag": true,
      "dropOn": true
     },
     "text": {
      "style": "Title",
      "marks": {

      }
     }
    },
    {
     "id": "description",
     "fields": {
       "_detailsKey": "description"
      },
     "restrictions": {
      "remove": true,
      "drag": true,
      "dropOn": true
     },
     "text": {
      "style": "Description",
      "marks": {

      }
     }
    },
    {
     "id": "featuredRelations",
     "restrictions": {
      "remove": true,
      "drag": true,
      "dropOn": true
     },
     "featuredRelations": {

     }
    }
   ],
   "details": {
     "backlinks": [
       ],
     "createdDate": 1695656241,
     "creator": "bafyreifc5pfjexh36tzw6itfyj3u27zyyvvjuvfp4yub3iuw2y2l5omtdm",
     "description": "Auto-generated object from .mpeg-4 files added to Anytype. The recording of moving visual images",
     "featuredRelations": [
        "description",
        "type",
        "sourceObject"
       ],
     "iconEmoji": "📽",
     "id": "ot-video",
     "isHidden": false,
     "lastChangeId": "",
     "lastModifiedBy": "bafyreifc5pfjexh36tzw6itfyj3u27zyyvvjuvfp4yub3iuw2y2l5omtdm",
     "layout": 4,
     "links": [
       ],
     "name": "Video",
     "recommendedLayout": 6,
     "recommendedRelations": [
        "rel-sizeInBytes",
        "rel-fileMimeType",
        "rel-camera",
        "rel-thumbnailImage",
        "rel-heightInPixels",
        "rel-widthInPixels",
        "rel-cameraIso",
        "rel-aperture",
        "rel-exposure",
        "rel-addedDate",
        "rel-fileExt"
       ],
     "restrictions": [
        3,
        6,
        5,
        7,
        4,
        1
       ],
     "smartblockTypes": [
        256
       ],
     "snippet": "",
     "sourceObject": "_otvideo",
     "type": "ot-objectType",
     "workspaceId": "bafyreihueygh5y3h727335e32xlov6g3m6p7adnyg4t7j5oyuhw66rmd4m"
    },
   "objectTypes": [
    "ot-objectType"
   ],
   "relationLinks": [
    {
     "key": "id",
     "format": "object"
    },
    {
     "key": "snippet"
    },
    {
     "key": "iconEmoji",
     "format": "emoji"
    },
    {
     "key": "type",
     "format": "object"
    },
    {
     "key": "recommendedLayout",
     "format": "number"
    },
    {
     "key": "recommendedRelations",
     "format": "object"
    },
    {
     "key": "isHidden",
     "format": "checkbox"
    },
    {
     "key": "smartblockTypes",
     "format": "number"
    },
    {
     "key": "sourceObject",
     "format": "object"
    },
    {
     "key": "name",
     "format": "shorttext"
    },
    {
     "key": "layout",
     "format": "number"
    },
    {
     "key": "createdDate",
     "format": "date"
    },
    {
     "key": "description"
    },
    {
     "key": "creator",
     "format": "object"
    },
    {
     "key": "lastModifiedDate",
     "format": "date"
    },
    {
     "key": "lastOpenedDate",
     "format": "date"
    },
    {
     "key": "lastModifiedBy",
     "format": "object"
    },
    {
     "key": "featuredRelations",
     "format": "object"
    },
    {
     "key": "workspaceId",
     "format": "object"
    },
    {
     "key": "iconImage",
     "format": "file"
    },
    {
     "key": "layoutAlign",
     "format": "number"
    },
    {
     "key": "coverId"
    },
    {
     "key": "coverScale",
     "format": "number"
    },
    {
     "key": "coverType",
     "format": "number"
    },
    {
     "key": "coverX",
     "format": "number"
    },
    {
     "key": "coverY",
     "format": "number"
    },
    {
     "key": "isFavorite",
     "format": "checkbox"
    },
    {
     "key": "links",
     "format": "object"
    },
    {
     "key": "internalFlags",
     "format": "number"
    },
    {
     "key": "restrictions",
     "format": "number"
    },
    {
     "key": "backlinks",
     "format": "object"
    }
   ]
  }
 }
}