{
 "sbType": "Workspace",
 "snapshot": {
  "data": {
   "blocks": [
    {
     "id": "bafyreicz7egajpfdwi3p3rehtnpn3jdnuwbr3g6b4w7qukjlzdxujn7gqy",
     "restrictions": {

     },
     "childrenIds": [
      "header"
     ],
     "smartblock": {

     }
    },
    {
     "id": "header",
     "restrictions": {
      "edit": true,
      "remove": true,
      "drag": true,
      "dropOn": true
     },
     "childrenIds": [
      "title",
      "featuredRelations"
     ],
     "layout": {
      "style": "Header"
     }
    },
    {
     "id": "title",
     "fields": {
       "_detailsKey": [
          "name",
          "done"
         ]
      },
     "restrictions": {
      "remove": true,
      "drag": true,
      "dropOn": true
     },
     "text": {
      "style": "Title",
      "marks": {

      }
     }
    },
    {
     "id": "featuredRelations",
     "restrictions": {
      "remove": true,
      "drag": true,
      "dropOn": true
     },
     "featuredRelations": {

     }
    }
   ],
   "details": {
     "backlinks": [
       ],
     "creator": "bafyreidqphj6gjlc3pjwgge6zu5ifila2sfaqomrpr7q7o6bnyiowghvii",
     "featuredRelations": [
        "type",
        "creator"
       ],
     "iconOption": 1,
     "id": "bafyreicz7egajpfdwi3p3rehtnpn3jdnuwbr3g6b4w7qukjlzdxujn7gqy",
     "isHidden": true,
     "lastModifiedBy": "bafyreidqphj6gjlc3pjwgge6zu5ifila2sfaqomrpr7q7o6bnyiowghvii",
     "lastModifiedDate": 1696518885,
     "layout": 10,
     "links": [
       ],
     "name": "PARA",
     "restrictions": [
        3,
        2,
        1,
        6,
        5,
        7,
        8
       ],
     "snippet": "",
     "spaceAccessibility": 0,
     "spaceDashboardId": "bafyreiacknfqbdbpmfth4fcjxafhvr7fve4w4nwlvps6bh7chyb3bjvmaa",
     "type": "ot-space",
     "workspaceId": "bafyreicz7egajpfdwi3p3rehtnpn3jdnuwbr3g6b4w7qukjlzdxujn7gqy"
    },
   "objectTypes": [
    "ot-space"
   ],
   "collections": {
     "opt": {
        "64cbc073ccba0a7f50247689": {
           "createdDate": 1696518885,
           "featuredRelations": [
              "description",
              "type",
              "sourceObject"
             ],
           "lastModifiedBy": "_anytype_profile",
           "layout": 13,
           "name": "pre-installed",
           "oldAnytypeID": "64cbc073ccba0a7f50247689",
           "relationKey": "tag",
           "relationOptionColor": "yellow",
           "sourceFilePath": "pb:/Users/charlotte/Library/Application Support/anytype/alpha/data/tmp/tmp.20231005.171445.74.zip/64cbc073ccba0a7f50247689.pb",
           "type": "ot-relationOption"
          },
        "651ed33d1cac6305879e0c3b": {
           "createdDate": 1696518973,
           "layout": 13,
           "name": "archive",
           "relationKey": "tag",
           "relationOptionColor": "teal",
           "type": "ot-relationOption"
          },
        "651ed3d61cac6305879e0c4a": {
           "createdDate": 1696519126,
           "layout": 13,
           "name": "today",
           "relationKey": "tag",
           "relationOptionColor": "red",
           "type": "ot-relationOption"
          }
       },
     "ot": {
        "651ed41b1cac6305879e0c4c": {
           "createdDate": 1696519195,
           "featuredRelations": [
              "description",
              "type",
              "sourceObject"
             ],
           "iconEmoji": "🗺️",
           "iconImage": "",
           "lastModifiedBy": "bafyreidqphj6gjlc3pjwgge6zu5ifila2sfaqomrpr7q7o6bnyiowghvii",
           "lastModifiedDate": 1696519199,
           "layout": 4,
           "name": "Area",
           "recommendedLayout": 0,
           "recommendedRelations": [
             ],
           "smartblockTypes": [
              16
             ],
           "type": "ot-objectType"
          },
        "651ed4261cac6305879e0c4d": {
           "createdDate": 1696519206,
           "featuredRelations": [
              "description",
              "type",
              "sourceObject"
             ],
           "iconEmoji": "⛲",
           "iconImage": "",
           "lastModifiedBy": "bafyreidqphj6gjlc3pjwgge6zu5ifila2sfaqomrpr7q7o6bnyiowghvii",
           "lastModifiedDate": 1696519209,
           "layout": 4,
           "name": "Resource",
           "recommendedLayout": 0,
           "recommendedRelations": [
             ],
           "smartblockTypes": [
              16
             ],
           "type": "ot-objectType"
          },
        "audio": {
           "createdDate": 1696518860,
           "description": "Auto-generated object from .wav, .mp3, .ogg files added to Anytype. Sound when recorded, with ability to reproduce",
           "iconEmoji": "🎵",
           "isHidden": false,
           "layout": 4,
           "name": "Audio",
           "recommendedLayout": 6,
           "recommendedRelations": [
              "rel-artist",
              "rel-audioAlbum",
              "rel-audioAlbumTrackNumber",
              "rel-audioGenre",
              "rel-releasedYear",
              "rel-thumbnailImage",
              "rel-composer",
              "rel-sizeInBytes",
              "rel-fileMimeType",
              "rel-addedDate",
              "rel-fileExt",
              "rel-audioArtist",
              "rel-audioLyrics"
             ],
           "smartblockTypes": [
              256
             ],
           "sourceObject": "_otaudio",
           "type": "ot-objectType"
          },
        "bookmark": {
           "createdDate": 1696518861,
           "description": "URL that is stored as Object and may be categorised and linked with objects",
           "iconEmoji": "🔖",
           "isHidden": false,
           "layout": 4,
           "name": "Bookmark",
           "recommendedLayout": 11,
           "recommendedRelations": [
              "rel-tag",
              "rel-source",
              "rel-picture"
             ],
           "smartblockTypes": [
              16
             ],
           "sourceObject": "_otbookmark",
           "type": "ot-objectType"
          },
        "collection": {
           "createdDate": 1696518861,
           "description": "Collect objects in one place, use different views to organize them",
           "iconEmoji": "🗂️",
           "isHidden": false,
           "layout": 4,
           "name": "Collection",
           "recommendedLayout": 14,
           "recommendedRelations": [
              "rel-tag",
              "rel-name"
             ],
           "smartblockTypes": [
              16
             ],
           "sourceObject": "_otcollection",
           "type": "ot-objectType"
          },
        "dashboard": {
           "createdDate": 1696518860,
           "description": "Internal home dashboard with favourite objects",
           "iconEmoji": "",
           "isHidden": true,
           "layout": 4,
           "name": "Dashboard",
           "recommendedLayout": 7,
           "recommendedRelations": [
             ],
           "smartblockTypes": [
              32
             ],
           "sourceObject": "_otdashboard",
           "type": "ot-objectType"
          },
        "date": {
           "createdDate": 1696518861,
           "description": "Gregorian calendar date",
           "iconEmoji": "📅",
           "isHidden": true,
           "layout": 4,
           "name": "Date",
           "recommendedLayout": 0,
           "recommendedRelations": [
              "rel-tag",
              "rel-name"
             ],
           "smartblockTypes": [
              516
             ],
           "sourceObject": "_otdate",
           "type": "ot-objectType"
          },
        "file": {
           "createdDate": 1696518860,
           "description": "Auto-generated object from files added to Anytype. Computer resource for recording data in a computer storage device",
           "iconEmoji": "📎",
           "isHidden": false,
           "layout": 4,
           "name": "File",
           "recommendedLayout": 6,
           "recommendedRelations": [
              "rel-fileMimeType",
              "rel-sizeInBytes",
              "rel-addedDate",
              "rel-fileExt"
             ],
           "smartblockTypes": [
              256
             ],
           "sourceObject": "_otfile",
           "type": "ot-objectType"
          },
        "image": {
           "createdDate": 1696518860,
           "description": "Auto-generated object from .jpg \u0026 .png files added to Anytype. A representation of the external form of a person or thing in art",
           "iconEmoji": "🏞",
           "isHidden": false,
           "layout": 4,
           "name": "Image",
           "recommendedLayout": 8,
           "recommendedRelations": [
              "rel-fileMimeType",
              "rel-widthInPixels",
              "rel-camera",
              "rel-heightInPixels",
              "rel-sizeInBytes",
              "rel-cameraIso",
              "rel-aperture",
              "rel-exposure",
              "rel-addedDate",
              "rel-focalRatio",
              "rel-fileExt",
              "rel-iconImage"
             ],
           "smartblockTypes": [
              256
             ],
           "sourceObject": "_otimage",
           "type": "ot-objectType"
          },
        "note": {
           "createdDate": 1696518861,
           "description": "Blank canvas with no Title. A brief record of points written down as an aid to memory",
           "iconEmoji": "📝",
           "isHidden": false,
           "layout": 4,
           "name": "Note",
           "recommendedLayout": 9,
           "recommendedRelations": [
              "rel-tag"
             ],
           "smartblockTypes": [
              16
             ],
           "sourceObject": "_otnote",
           "type": "ot-objectType"
          },
        "objectType": {
           "createdDate": 1696518860,
           "description": "Object that contains a definition of some object type",
           "iconEmoji": "🥚",
           "isHidden": false,
           "layout": 4,
           "name": "Type",
           "recommendedLayout": 4,
           "recommendedRelations": [
              "rel-recommendedRelations",
              "rel-recommendedLayout",
              "rel-name"
             ],
           "smartblockTypes": [
              513,
              514
             ],
           "sourceObject": "_otobjectType",
           "type": "ot-objectType"
          },
        "page": {
           "createdDate": 1696518861,
           "description": "Blank canvas with Title",
           "iconEmoji": "📄",
           "isHidden": false,
           "layout": 4,
           "name": "Page",
           "recommendedLayout": 0,
           "recommendedRelations": [
              "rel-tag",
              "rel-name"
             ],
           "smartblockTypes": [
              16
             ],
           "sourceObject": "_otpage",
           "type": "ot-objectType"
          },
        "profile": {
           "createdDate": 1696518861,
           "description": "Homo sapiens",
           "iconEmoji": "🧍",
           "isHidden": false,
           "layout": 4,
           "name": "Human",
           "recommendedLayout": 1,
           "recommendedRelations": [
              "rel-tag",
              "rel-name"
             ],
           "smartblockTypes": [
              16,
              17
             ],
           "sourceObject": "_otprofile",
           "type": "ot-objectType"
          },
        "project": {
           "createdDate": 1696519189,
           "description": "An individual or collaborative enterprise that is carefully planned to achieve a particular aim",
           "iconEmoji": "🔨",
           "isHidden": false,
           "layout": 4,
           "name": "Project",
           "recommendedLayout": 0,
           "recommendedRelations": [
              "rel-tag",
              "rel-objectives",
              "rel-scope",
              "rel-timeframe",
              "rel-budget",
              "rel-stakeholders",
              "rel-tasks",
              "rel-name"
             ],
           "smartblockTypes": [
              16
             ],
           "sourceObject": "_otproject",
           "type": "ot-objectType"
          },
        "relation": {
           "createdDate": 1696518860,
           "description": "Meaningful connection between objects",
           "iconEmoji": "🔗",
           "isHidden": true,
           "layout": 4,
           "name": "Relation",
           "recommendedLayout": 5,
           "recommendedRelations": [
              "rel-relationFormat",
              "rel-relationMaxCount",
              "rel-relationDefaultValue",
              "rel-relationFormatObjectTypes"
             ],
           "smartblockTypes": [
              513,
              512
             ],
           "sourceObject": "_otrelation",
           "type": "ot-objectType"
          },
        "relationOption": {
           "createdDate": 1696518861,
           "description": "Object that contains a relation option",
           "iconEmoji": "🥚",
           "isHidden": true,
           "layout": 4,
           "name": "Relation option",
           "recommendedLayout": 13,
           "recommendedRelations": [
              "rel-name",
              "rel-relationOptionColor"
             ],
           "smartblockTypes": [
              513
             ],
           "sourceObject": "_otrelationOption",
           "type": "ot-objectType"
          },
        "set": {
           "createdDate": 1696518861,
           "description": "Query all objects in your space based on types and relations",
           "iconEmoji": "🔎",
           "isHidden": false,
           "layout": 4,
           "name": "Set",
           "recommendedLayout": 3,
           "recommendedRelations": [
              "rel-tag",
              "rel-setOf",
              "rel-name"
             ],
           "smartblockTypes": [
              16
             ],
           "sourceObject": "_otset",
           "type": "ot-objectType"
          },
        "space": {
           "createdDate": 1696518860,
           "description": "Space for sharing",
           "iconEmoji": "🌎",
           "isHidden": true,
           "layout": 4,
           "name": "Space",
           "recommendedLayout": 10,
           "recommendedRelations": [
              "rel-tag"
             ],
           "smartblockTypes": [
              518
             ],
           "sourceObject": "_otspace",
           "type": "ot-objectType"
          },
        "task": {
           "createdDate": 1696518861,
           "description": "A piece of work to be done or undertaken",
           "iconEmoji": "✅",
           "isHidden": false,
           "layout": 4,
           "name": "Task",
           "recommendedLayout": 2,
           "recommendedRelations": [
              "rel-tag",
              "rel-assignee",
              "rel-dueDate",
              "rel-attachments",
              "rel-status",
              "rel-done",
              "rel-priority",
              "rel-tasks",
              "rel-linkedProjects",
              "rel-name"
             ],
           "smartblockTypes": [
              16
             ],
           "sourceObject": "_ottask",
           "type": "ot-objectType"
          },
        "template": {
           "createdDate": 1696518861,
           "description": "Sample object that has already some details in place and used to create objects from",
           "iconEmoji": "",
           "isHidden": true,
           "layout": 4,
           "name": "Template",
           "recommendedLayout": 0,
           "recommendedRelations": [
              "rel-targetObjectType",
              "rel-templateIsBundled",
              "rel-name"
             ],
           "smartblockTypes": [
              288
             ],
           "sourceObject": "_ottemplate",
           "type": "ot-objectType"
          },
        "video": {
           "createdDate": 1696518860,
           "description": "Auto-generated object from .mpeg-4 files added to Anytype. The recording of moving visual images",
           "iconEmoji": "📽",
           "isHidden": false,
           "layout": 4,
           "name": "Video",
           "recommendedLayout": 6,
           "recommendedRelations": [
              "rel-sizeInBytes",
              "rel-fileMimeType",
              "rel-camera",
              "rel-thumbnailImage",
              "rel-heightInPixels",
              "rel-widthInPixels",
              "rel-cameraIso",
              "rel-aperture",
              "rel-exposure",
              "rel-addedDate",
              "rel-fileExt"
             ],
           "smartblockTypes": [
              256
             ],
           "sourceObject": "_otvideo",
           "type": "ot-objectType"
          }
       },
     "rel": {
        "addedDate": {
           "description": "Date when the file were added into the anytype",
           "isHidden": false,
           "layout": 5,
           "name": "Added date",
           "relationDefaultValue": null,
           "relationFormat": 4,
           "relationFormatObjectTypes": [
             ],
           "relationKey": "addedDate",
           "relationMaxCount": 1,
           "relationReadonlyValue": true,
           "scope": 1,
           "sourceObject": "_braddedDate",
           "type": "ot-relation"
          },
        "aperture": {
           "description": "",
           "isHidden": false,
           "layout": 5,
           "name": "Camera aperture",
           "relationDefaultValue": null,
           "relationFormat": 0,
           "relationFormatObjectTypes": [
             ],
           "relationKey": "aperture",
           "relationMaxCount": 1,
           "relationReadonlyValue": false,
           "scope": 1,
           "sourceObject": "_braperture",
           "type": "ot-relation"
          },
        "artist": {
           "description": "Name of artist",
           "isHidden": false,
           "layout": 5,
           "name": "Artist",
           "relationDefaultValue": null,
           "relationFormat": 0,
           "relationFormatObjectTypes": [
             ],
           "relationKey": "artist",
           "relationMaxCount": 1,
           "relationReadonlyValue": false,
           "scope": 1,
           "sourceObject": "_brartist",
           "type": "ot-relation"
          },
        "assignee": {
           "description": "Person who is responsible for this task or object",
           "isHidden": false,
           "layout": 5,
           "name": "Assignee",
           "relationDefaultValue": null,
           "relationFormat": 100,
           "relationFormatObjectTypes": [
              "ot-profile",
              "ot-contact"
             ],
           "relationKey": "assignee",
           "relationMaxCount": 0,
           "relationReadonlyValue": false,
           "scope": 1,
           "sourceObject": "_brassignee",
           "type": "ot-relation"
          },
        "attachments": {
           "description": "",
           "isHidden": false,
           "layout": 5,
           "name": "Attachments",
           "relationDefaultValue": null,
           "relationFormat": 5,
           "relationFormatObjectTypes": [
              "ot-file",
              "ot-image",
              "ot-video",
              "ot-audio"
             ],
           "relationKey": "attachments",
           "relationMaxCount": 0,
           "relationReadonlyValue": false,
           "scope": 1,
           "sourceObject": "_brattachments",
           "type": "ot-relation"
          },
        "audioAlbum": {
           "description": "Audio record's album name",
           "isHidden": false,
           "layout": 5,
           "name": "Album",
           "relationDefaultValue": null,
           "relationFormat": 0,
           "relationFormatObjectTypes": [
             ],
           "relationKey": "audioAlbum",
           "relationMaxCount": 1,
           "relationReadonlyValue": false,
           "scope": 1,
           "sourceObject": "_braudioAlbum",
           "type": "ot-relation"
          },
        "audioAlbumTrackNumber": {
           "description": "Number of the track in the",
           "isHidden": false,
           "layout": 5,
           "name": "Track #",
           "relationDefaultValue": null,
           "relationFormat": 2,
           "relationFormatObjectTypes": [
             ],
           "relationKey": "audioAlbumTrackNumber",
           "relationMaxCount": 1,
           "relationReadonlyValue": false,
           "scope": 1,
           "sourceObject": "_braudioAlbumTrackNumber",
           "type": "ot-relation"
          },
        "audioArtist": {
           "description": "The artist that performed this album or recording",
           "isHidden": false,
           "layout": 5,
           "name": "Recording Artist",
           "relationDefaultValue": null,
           "relationFormat": 0,
           "relationFormatObjectTypes": [
             ],
           "relationKey": "audioArtist",
           "relationMaxCount": 1,
           "relationReadonlyValue": false,
           "scope": 1,
           "sourceObject": "_braudioArtist",
           "type": "ot-relation"
          },
        "audioGenre": {
           "description": "Audio record's genre name",
           "isHidden": false,
           "layout": 5,
           "name": "Genre",
           "relationDefaultValue": null,
           "relationFormat": 0,
           "relationFormatObjectTypes": [
             ],
           "relationKey": "audioGenre",
           "relationMaxCount": 1,
           "relationReadonlyValue": false,
           "scope": 1,
           "sourceObject": "_braudioGenre",
           "type": "ot-relation"
          },
        "audioLyrics": {
           "description": "The text lyrics of the music record",
           "isHidden": false,
           "layout": 5,
           "name": "Lyrics",
           "relationDefaultValue": null,
           "relationFormat": 0,
           "relationFormatObjectTypes": [
             ],
           "relationKey": "audioLyrics",
           "relationMaxCount": 1,
           "relationReadonlyValue": false,
           "scope": 1,
           "sourceObject": "_braudioLyrics",
           "type": "ot-relation"
          },
        "backlinks": {
           "createdDate": 1696518861,
           "description": "List of backlinks",
           "isHidden": true,
           "layout": 5,
           "name": "Backlinks",
           "relationDefaultValue": null,
           "relationFormat": 100,
           "relationFormatObjectTypes": [
             ],
           "relationKey": "backlinks",
           "relationMaxCount": 1,
           "relationReadonlyValue": false,
           "scope": 1,
           "sourceObject": "_brbacklinks",
           "type": "ot-relation"
          },
        "budget": {
           "description": "",
           "isHidden": false,
           "layout": 5,
           "name": "Budget",
           "relationDefaultValue": null,
           "relationFormat": 2,
           "relationFormatObjectTypes": [
             ],
           "relationKey": "budget",
           "relationMaxCount": 1,
           "relationReadonlyValue": false,
           "scope": 1,
           "sourceObject": "_brbudget",
           "type": "ot-relation"
          },
        "camera": {
           "description": "Camera used to capture image or video",
           "isHidden": false,
           "layout": 5,
           "name": "Camera",
           "relationDefaultValue": null,
           "relationFormat": 0,
           "relationFormatObjectTypes": [
             ],
           "relationKey": "camera",
           "relationMaxCount": 1,
           "relationReadonlyValue": false,
           "scope": 1,
           "sourceObject": "_brcamera",
           "type": "ot-relation"
          },
        "cameraIso": {
           "description": "",
           "isHidden": false,
           "layout": 5,
           "name": "ISO",
           "relationDefaultValue": null,
           "relationFormat": 2,
           "relationFormatObjectTypes": [
             ],
           "relationKey": "cameraIso",
           "relationMaxCount": 1,
           "relationReadonlyValue": false,
           "scope": 1,
           "sourceObject": "_brcameraIso",
           "type": "ot-relation"
          },
        "composer": {
           "description": "",
           "isHidden": false,
           "layout": 5,
           "name": "Composer",
           "relationDefaultValue": null,
           "relationFormat": 0,
           "relationFormatObjectTypes": [
             ],
           "relationKey": "composer",
           "relationMaxCount": 1,
           "relationReadonlyValue": false,
           "scope": 1,
           "sourceObject": "_brcomposer",
           "type": "ot-relation"
          },
        "coverId": {
           "createdDate": 1696518861,
           "description": "Can contains image hash, color or prebuild bg id, depends on coverType relation",
           "isHidden": true,
           "layout": 5,
           "name": "Cover image or color",
           "relationDefaultValue": null,
           "relationFormat": 0,
           "relationFormatObjectTypes": [
             ],
           "relationKey": "coverId",
           "relationMaxCount": 1,
           "relationReadonlyValue": false,
           "scope": 1,
           "sourceObject": "_brcoverId",
           "type": "ot-relation"
          },
        "coverScale": {
           "createdDate": 1696518861,
           "description": "Option that contains scale of Cover the image",
           "isHidden": true,
           "layout": 5,
           "name": "Cover scale",
           "relationDefaultValue": null,
           "relationFormat": 2,
           "relationFormatObjectTypes": [
             ],
           "relationKey": "coverScale",
           "relationMaxCount": 1,
           "relationReadonlyValue": false,
           "scope": 1,
           "sourceObject": "_brcoverScale",
           "type": "ot-relation"
          },
        "coverType": {
           "createdDate": 1696518861,
           "description": "1-image, 2-color, 3-gradient, 4-prebuilt bg image. Value stored in coverId",
           "isHidden": true,
           "layout": 5,
           "name": "Cover type",
           "relationDefaultValue": null,
           "relationFormat": 2,
           "relationFormatObjectTypes": [
             ],
           "relationKey": "coverType",
           "relationMaxCount": 1,
           "relationReadonlyValue": false,
           "scope": 1,
           "sourceObject": "_brcoverType",
           "type": "ot-relation"
          },
        "coverX": {
           "createdDate": 1696518861,
           "description": "Image x offset of the provided image",
           "isHidden": true,
           "layout": 5,
           "name": "Cover x offset",
           "relationDefaultValue": null,
           "relationFormat": 2,
           "relationFormatObjectTypes": [
             ],
           "relationKey": "coverX",
           "relationMaxCount": 1,
           "relationReadonlyValue": false,
           "scope": 1,
           "sourceObject": "_brcoverX",
           "type": "ot-relation"
          },
        "coverY": {
           "createdDate": 1696518861,
           "description": "Image y offset of the provided image",
           "isHidden": true,
           "layout": 5,
           "name": "Cover y offset",
           "relationDefaultValue": null,
           "relationFormat": 2,
           "relationFormatObjectTypes": [
             ],
           "relationKey": "coverY",
           "relationMaxCount": 1,
           "relationReadonlyValue": false,
           "scope": 1,
           "sourceObject": "_brcoverY",
           "type": "ot-relation"
          },
        "createdDate": {
           "createdDate": 1696518861,
           "description": "Date when the object was initially created",
           "isHidden": false,
           "layout": 5,
           "name": "Creation date",
           "relationDefaultValue": null,
           "relationFormat": 4,
           "relationFormatObjectTypes": [
             ],
           "relationKey": "createdDate",
           "relationMaxCount": 1,
           "relationReadonlyValue": true,
           "scope": 1,
           "sourceObject": "_brcreatedDate",
           "type": "ot-relation"
          },
        "creator": {
           "createdDate": 1696518861,
           "description": "Human which created this object",
           "isHidden": true,
           "layout": 5,
           "name": "Created by",
           "relationDefaultValue": null,
           "relationFormat": 100,
           "relationFormatObjectTypes": [
             ],
           "relationKey": "creator",
           "relationMaxCount": 1,
           "relationReadonlyValue": true,
           "scope": 1,
           "sourceObject": "_brcreator",
           "type": "ot-relation"
          },
        "defaultTemplateId": {
           "createdDate": 1696518861,
           "description": "ID of template chosen as default for particular object type",
           "isHidden": true,
           "layout": 5,
           "name": "Default Template ID",
           "relationDefaultValue": null,
           "relationFormat": 100,
           "relationFormatObjectTypes": [
             ],
           "relationKey": "defaultTemplateId",
           "relationMaxCount": 1,
           "relationReadonlyValue": false,
           "scope": 1,
           "sourceObject": "_brdefaultTemplateId",
           "type": "ot-relation"
          },
        "description": {
           "createdDate": 1696518861,
           "description": "",
           "isHidden": false,
           "layout": 5,
           "name": "Description",
           "relationDefaultValue": null,
           "relationFormat": 0,
           "relationFormatObjectTypes": [
             ],
           "relationKey": "description",
           "relationMaxCount": 1,
           "relationReadonlyValue": false,
           "scope": 1,
           "sourceObject": "_brdescription",
           "type": "ot-relation"
          },
        "done": {
           "description": "Done checkbox used to render action layout. ",
           "isHidden": true,
           "layout": 5,
           "name": "Done",
           "relationDefaultValue": null,
           "relationFormat": 6,
           "relationFormatObjectTypes": [
             ],
           "relationKey": "done",
           "relationMaxCount": 1,
           "relationReadonlyValue": false,
           "scope": 1,
           "sourceObject": "_brdone",
           "type": "ot-relation"
          },
        "dueDate": {
           "description": "",
           "isHidden": false,
           "layout": 5,
           "name": "Due date",
           "relationDefaultValue": null,
           "relationFormat": 4,
           "relationFormatObjectTypes": [
             ],
           "relationKey": "dueDate",
           "relationMaxCount": 1,
           "relationReadonlyValue": false,
           "scope": 1,
           "sourceObject": "_brdueDate",
           "type": "ot-relation"
          },
        "exposure": {
           "description": "",
           "isHidden": false,
           "layout": 5,
           "name": "Camera exposure",
           "relationDefaultValue": null,
           "relationFormat": 0,
           "relationFormatObjectTypes": [
             ],
           "relationKey": "exposure",
           "relationMaxCount": 1,
           "relationReadonlyValue": false,
           "scope": 1,
           "sourceObject": "_brexposure",
           "type": "ot-relation"
          },
        "featuredRelations": {
           "createdDate": 1696518861,
           "description": "Important relations that always appear at the top of the object",
           "isHidden": true,
           "layout": 5,
           "name": "Featured Relations",
           "relationDefaultValue": null,
           "relationFormat": 100,
           "relationFormatObjectTypes": [
              "ot-relation"
             ],
           "relationKey": "featuredRelations",
           "relationMaxCount": 0,
           "relationReadonlyValue": false,
           "scope": 1,
           "sourceObject": "_brfeaturedRelations",
           "type": "ot-relation"
          },
        "fileExt": {
           "description": "",
           "isHidden": false,
           "layout": 5,
           "name": "File extension",
           "relationDefaultValue": null,
           "relationFormat": 0,
           "relationFormatObjectTypes": [
             ],
           "relationKey": "fileExt",
           "relationMaxCount": 1,
           "relationReadonlyValue": true,
           "scope": 1,
           "sourceObject": "_brfileExt",
           "type": "ot-relation"
          },
        "fileMimeType": {
           "description": "Mime type of object",
           "isHidden": true,
           "layout": 5,
           "name": "Mime type",
           "relationDefaultValue": null,
           "relationFormat": 0,
           "relationFormatObjectTypes": [
             ],
           "relationKey": "fileMimeType",
           "relationMaxCount": 1,
           "relationReadonlyValue": false,
           "scope": 1,
           "sourceObject": "_brfileMimeType",
           "type": "ot-relation"
          },
        "fileSyncStatus": {
           "createdDate": 1696518861,
           "description": "File sync status",
           "isHidden": true,
           "layout": 5,
           "name": "File sync status",
           "relationDefaultValue": null,
           "relationFormat": 2,
           "relationFormatObjectTypes": [
             ],
           "relationKey": "fileSyncStatus",
           "relationMaxCount": 1,
           "relationReadonlyValue": true,
           "scope": 1,
           "sourceObject": "_brfileSyncStatus",
           "type": "ot-relation"
          },
        "focalRatio": {
           "description": "",
           "isHidden": false,
           "layout": 5,
           "name": "Focal ratio",
           "relationDefaultValue": null,
           "relationFormat": 2,
           "relationFormatObjectTypes": [
             ],
           "relationKey": "focalRatio",
           "relationMaxCount": 1,
           "relationReadonlyValue": false,
           "scope": 1,
           "sourceObject": "_brfocalRatio",
           "type": "ot-relation"
          },
        "heightInPixels": {
           "description": "Height of image/video in pixels",
           "isHidden": false,
           "layout": 5,
           "name": "Height",
           "relationDefaultValue": null,
           "relationFormat": 2,
           "relationFormatObjectTypes": [
             ],
           "relationKey": "heightInPixels",
           "relationMaxCount": 1,
           "relationReadonlyValue": false,
           "scope": 1,
           "sourceObject": "_brheightInPixels",
           "type": "ot-relation"
          },
        "iconEmoji": {
           "createdDate": 1696518861,
           "description": "1 emoji(can contains multiple UTF symbols) used as an icon",
           "isHidden": true,
           "layout": 5,
           "name": "Emoji",
           "relationDefaultValue": null,
           "relationFormat": 10,
           "relationFormatObjectTypes": [
             ],
           "relationKey": "iconEmoji",
           "relationMaxCount": 1,
           "relationReadonlyValue": false,
           "scope": 1,
           "sourceObject": "_briconEmoji",
           "type": "ot-relation"
          },
        "iconImage": {
           "createdDate": 1696518861,
           "description": "Image icon",
           "isHidden": true,
           "layout": 5,
           "name": "Image",
           "relationDefaultValue": null,
           "relationFormat": 5,
           "relationFormatObjectTypes": [
              "ot-image"
             ],
           "relationKey": "iconImage",
           "relationMaxCount": 1,
           "relationReadonlyValue": false,
           "scope": 1,
           "sourceObject": "_briconImage",
           "type": "ot-relation"
          },
        "iconOption": {
           "createdDate": 1696518861,
           "description": "Choose one of our pre-installed icons during On-boarding",
           "isHidden": true,
           "layout": 5,
           "name": "Icon option",
           "relationDefaultValue": null,
           "relationFormat": 2,
           "relationFormatObjectTypes": [
             ],
           "relationKey": "iconOption",
           "relationMaxCount": 1,
           "relationReadonlyValue": false,
           "scope": 1,
           "sourceObject": "_briconOption",
           "type": "ot-relation"
          },
        "id": {
           "createdDate": 1696518861,
           "description": "Link to itself. Used in databases",
           "isHidden": true,
           "layout": 5,
           "name": "Anytype ID",
           "relationDefaultValue": null,
           "relationFormat": 100,
           "relationFormatObjectTypes": [
             ],
           "relationKey": "id",
           "relationMaxCount": 1,
           "relationReadonlyValue": false,
           "scope": 1,
           "sourceObject": "_brid",
           "type": "ot-relation"
          },
        "internalFlags": {
           "createdDate": 1696518861,
           "description": "Set of internal flags",
           "isHidden": true,
           "layout": 5,
           "name": "Internal flags",
           "relationDefaultValue": null,
           "relationFormat": 2,
           "relationFormatObjectTypes": [
             ],
           "relationKey": "internalFlags",
           "relationMaxCount": 0,
           "relationReadonlyValue": true,
           "scope": 1,
           "sourceObject": "_brinternalFlags",
           "type": "ot-relation"
          },
        "isArchived": {
           "createdDate": 1696518861,
           "description": "Hides the object",
           "isHidden": true,
           "layout": 5,
           "name": "Archived",
           "relationDefaultValue": null,
           "relationFormat": 6,
           "relationFormatObjectTypes": [
             ],
           "relationKey": "isArchived",
           "relationMaxCount": 1,
           "relationReadonlyValue": false,
           "scope": 1,
           "sourceObject": "_brisArchived",
           "type": "ot-relation"
          },
        "isDeleted": {
           "createdDate": 1696518861,
           "description": "Relation that indicates document has been deleted",
           "isHidden": true,
           "layout": 5,
           "name": "Is deleted",
           "relationDefaultValue": null,
           "relationFormat": 6,
           "relationFormatObjectTypes": [
             ],
           "relationKey": "isDeleted",
           "relationMaxCount": 1,
           "relationReadonlyValue": true,
           "scope": 1,
           "sourceObject": "_brisDeleted",
           "type": "ot-relation"
          },
        "isFavorite": {
           "createdDate": 1696518861,
           "description": "Adds the object to the home dashboard",
           "isHidden": true,
           "layout": 5,
           "name": "Favorited",
           "relationDefaultValue": null,
           "relationFormat": 6,
           "relationFormatObjectTypes": [
             ],
           "relationKey": "isFavorite",
           "relationMaxCount": 1,
           "relationReadonlyValue": false,
           "scope": 1,
           "sourceObject": "_brisFavorite",
           "type": "ot-relation"
          },
        "isHidden": {
           "createdDate": 1696518861,
           "description": "Specify if object is hidden",
           "isHidden": true,
           "layout": 5,
           "name": "Hidden",
           "relationDefaultValue": null,
           "relationFormat": 6,
           "relationFormatObjectTypes": [
             ],
           "relationKey": "isHidden",
           "relationMaxCount": 1,
           "relationReadonlyValue": false,
           "scope": 1,
           "sourceObject": "_brisHidden",
           "type": "ot-relation"
          },
        "isReadonly": {
           "createdDate": 1696518861,
           "description": "Indicates whether the object is read-only. Means it can't be edited and archived",
           "isHidden": true,
           "layout": 5,
           "name": "Readonly",
           "relationDefaultValue": null,
           "relationFormat": 6,
           "relationFormatObjectTypes": [
             ],
           "relationKey": "isReadonly",
           "relationMaxCount": 1,
           "relationReadonlyValue": true,
           "scope": 1,
           "sourceObject": "_brisReadonly",
           "type": "ot-relation"
          },
        "lastModifiedBy": {
           "createdDate": 1696518861,
           "description": "Human who updated the object last time",
           "isHidden": false,
           "layout": 5,
           "name": "Last modified by",
           "relationDefaultValue": null,
           "relationFormat": 100,
           "relationFormatObjectTypes": [
              "ot-profile"
             ],
           "relationKey": "lastModifiedBy",
           "relationMaxCount": 1,
           "relationReadonlyValue": true,
           "scope": 1,
           "sourceObject": "_brlastModifiedBy",
           "type": "ot-relation"
          },
        "lastModifiedDate": {
           "createdDate": 1696518861,
           "description": "Date when the object was modified last time",
           "isHidden": false,
           "layout": 5,
           "name": "Last modified date",
           "relationDefaultValue": null,
           "relationFormat": 4,
           "relationFormatObjectTypes": [
             ],
           "relationKey": "lastModifiedDate",
           "relationMaxCount": 1,
           "relationReadonlyValue": true,
           "scope": 1,
           "sourceObject": "_brlastModifiedDate",
           "type": "ot-relation"
          },
        "lastOpenedDate": {
           "createdDate": 1696518861,
           "description": "Date when the object was modified last opened",
           "isHidden": false,
           "layout": 5,
           "name": "Last opened date",
           "relationDefaultValue": null,
           "relationFormat": 4,
           "relationFormatObjectTypes": [
             ],
           "relationKey": "lastOpenedDate",
           "relationMaxCount": 1,
           "relationReadonlyValue": true,
           "scope": 1,
           "sourceObject": "_brlastOpenedDate",
           "type": "ot-relation"
          },
        "layout": {
           "createdDate": 1696518861,
           "description": "Anytype layout ID(from pb enum)",
           "isHidden": true,
           "layout": 5,
           "name": "Layout",
           "relationDefaultValue": null,
           "relationFormat": 2,
           "relationFormatObjectTypes": [
             ],
           "relationKey": "layout",
           "relationMaxCount": 1,
           "relationReadonlyValue": false,
           "scope": 1,
           "sourceObject": "_brlayout",
           "type": "ot-relation"
          },
        "layoutAlign": {
           "createdDate": 1696518861,
           "description": "Specify visual align of the layout",
           "isHidden": true,
           "layout": 5,
           "name": "Layout align",
           "relationDefaultValue": null,
           "relationFormat": 2,
           "relationFormatObjectTypes": [
             ],
           "relationKey": "layoutAlign",
           "relationMaxCount": 1,
           "relationReadonlyValue": false,
           "scope": 1,
           "sourceObject": "_brlayoutAlign",
           "type": "ot-relation"
          },
        "linkedProjects": {
           "description": "",
           "isHidden": false,
           "layout": 5,
           "name": "Linked Projects",
           "relationDefaultValue": null,
           "relationFormat": 100,
           "relationFormatObjectTypes": [
              "ot-task",
              "ot-project"
             ],
           "relationKey": "linkedProjects",
           "relationMaxCount": 0,
           "relationReadonlyValue": false,
           "scope": 1,
           "sourceObject": "_brlinkedProjects",
           "type": "ot-relation"
          },
        "links": {
           "createdDate": 1696518861,
           "description": "Outgoing links",
           "isHidden": true,
           "layout": 5,
           "name": "Outgoing links",
           "relationDefaultValue": null,
           "relationFormat": 100,
           "relationFormatObjectTypes": [
             ],
           "relationKey": "links",
           "relationMaxCount": 0,
           "relationReadonlyValue": true,
           "scope": 1,
           "sourceObject": "_brlinks",
           "type": "ot-relation"
          },
        "name": {
           "createdDate": 1696518861,
           "description": "Name of the object",
           "isHidden": true,
           "layout": 5,
           "name": "Name",
           "relationDefaultValue": null,
           "relationFormat": 1,
           "relationFormatObjectTypes": [
             ],
           "relationKey": "name",
           "relationMaxCount": 1,
           "relationReadonlyValue": false,
           "scope": 1,
           "sourceObject": "_brname",
           "type": "ot-relation"
          },
        "objectives": {
           "description": "",
           "isHidden": false,
           "layout": 5,
           "name": "Objectives",
           "relationDefaultValue": null,
           "relationFormat": 0,
           "relationFormatObjectTypes": [
             ],
           "relationKey": "objectives",
           "relationMaxCount": 1,
           "relationReadonlyValue": false,
           "scope": 1,
           "sourceObject": "_brobjectives",
           "type": "ot-relation"
          },
        "oldAnytypeID": {
           "createdDate": 1696518861,
           "description": "",
           "isHidden": true,
           "layout": 5,
           "name": "Old Anytype ID",
           "relationDefaultValue": null,
           "relationFormat": 0,
           "relationFormatObjectTypes": [
             ],
           "relationKey": "oldAnytypeID",
           "relationMaxCount": 1,
           "relationReadonlyValue": true,
           "scope": 1,
           "sourceObject": "_broldAnytypeID",
           "type": "ot-relation"
          },
        "picture": {
           "description": "An image is an artifact that depicts visual perception, such as a photograph or other two-dimensional picture",
           "isHidden": true,
           "layout": 5,
           "name": "Picture",
           "relationDefaultValue": null,
           "relationFormat": 5,
           "relationFormatObjectTypes": [
              "ot-image"
             ],
           "relationKey": "picture",
           "relationMaxCount": 1,
           "relationReadonlyValue": false,
           "scope": 1,
           "sourceObject": "_brpicture",
           "type": "ot-relation"
          },
        "priority": {
           "description": "Used to order tasks in list/canban",
           "isHidden": false,
           "layout": 5,
           "name": "Priority",
           "relationDefaultValue": null,
           "relationFormat": 2,
           "relationFormatObjectTypes": [
             ],
           "relationKey": "priority",
           "relationMaxCount": 1,
           "relationReadonlyValue": false,
           "scope": 1,
           "sourceObject": "_brpriority",
           "type": "ot-relation"
          },
        "recommendedLayout": {
           "description": "Recommended layout for new templates and objects of specific objec",
           "isHidden": true,
           "layout": 5,
           "name": "Recommended layout",
           "relationDefaultValue": null,
           "relationFormat": 2,
           "relationFormatObjectTypes": [
             ],
           "relationKey": "recommendedLayout",
           "relationMaxCount": 1,
           "relationReadonlyValue": false,
           "scope": 1,
           "sourceObject": "_brrecommendedLayout",
           "type": "ot-relation"
          },
        "recommendedRelations": {
           "description": "List of recommended relations",
           "isHidden": true,
           "layout": 5,
           "name": "Recommended relations",
           "relationDefaultValue": null,
           "relationFormat": 100,
           "relationFormatObjectTypes": [
              "ot-relation"
             ],
           "relationKey": "recommendedRelations",
           "relationMaxCount": 0,
           "relationReadonlyValue": false,
           "scope": 1,
           "sourceObject": "_brrecommendedRelations",
           "type": "ot-relation"
          },
        "relationDefaultValue": {
           "description": "",
           "isHidden": false,
           "layout": 5,
           "name": "Default value",
           "relationDefaultValue": null,
           "relationFormat": 0,
           "relationFormatObjectTypes": [
             ],
           "relationKey": "relationDefaultValue",
           "relationMaxCount": 1,
           "relationReadonlyValue": false,
           "scope": 1,
           "sourceObject": "_brrelationDefaultValue",
           "type": "ot-relation"
          },
        "relationFormat": {
           "description": "Type of the underlying value",
           "isHidden": true,
           "layout": 5,
           "name": "Format",
           "relationDefaultValue": null,
           "relationFormat": 2,
           "relationFormatObjectTypes": [
             ],
           "relationKey": "relationFormat",
           "relationMaxCount": 1,
           "relationReadonlyValue": true,
           "scope": 1,
           "sourceObject": "_brrelationFormat",
           "type": "ot-relation"
          },
        "relationFormatObjectTypes": {
           "description": "Prioritized target types for the relation's value",
           "isHidden": true,
           "layout": 5,
           "name": "Relation's target object types",
           "relationDefaultValue": null,
           "relationFormat": 100,
           "relationFormatObjectTypes": [
             ],
           "relationKey": "relationFormatObjectTypes",
           "relationMaxCount": 0,
           "relationReadonlyValue": true,
           "scope": 1,
           "sourceObject": "_brrelationFormatObjectTypes",
           "type": "ot-relation"
          },
        "relationKey": {
           "createdDate": 1696518861,
           "description": "Relation key",
           "isHidden": true,
           "layout": 5,
           "name": "Relation key",
           "relationDefaultValue": null,
           "relationFormat": 0,
           "relationFormatObjectTypes": [
             ],
           "relationKey": "relationKey",
           "relationMaxCount": 1,
           "relationReadonlyValue": true,
           "scope": 1,
           "sourceObject": "_brrelationKey",
           "type": "ot-relation"
          },
        "relationMaxCount": {
           "description": "Relation allows multi values",
           "isHidden": false,
           "layout": 5,
           "name": "Max values",
           "relationDefaultValue": null,
           "relationFormat": 2,
           "relationFormatObjectTypes": [
             ],
           "relationKey": "relationMaxCount",
           "relationMaxCount": 1,
           "relationReadonlyValue": false,
           "scope": 1,
           "sourceObject": "_brrelationMaxCount",
           "type": "ot-relation"
          },
        "relationOptionColor": {
           "createdDate": 1696518861,
           "description": "Relation option color",
           "isHidden": true,
           "layout": 5,
           "name": "Relation option color",
           "relationDefaultValue": null,
           "relationFormat": 0,
           "relationFormatObjectTypes": [
             ],
           "relationKey": "relationOptionColor",
           "relationMaxCount": 1,
           "relationReadonlyValue": true,
           "scope": 1,
           "sourceObject": "_brrelationOptionColor",
           "type": "ot-relation"
          },
        "relationReadonlyValue": {
           "createdDate": 1696518861,
           "description": "Indicates whether the relation value is readonly",
           "isHidden": true,
           "layout": 5,
           "name": "Relation value is readonly",
           "relationDefaultValue": null,
           "relationFormat": 6,
           "relationFormatObjectTypes": [
             ],
           "relationKey": "relationReadonlyValue",
           "relationMaxCount": 1,
           "relationReadonlyValue": true,
           "scope": 1,
           "sourceObject": "_brrelationReadonlyValue",
           "type": "ot-relation"
          },
        "releasedYear": {
           "description": "Year when this object were released",
           "isHidden": false,
           "layout": 5,
           "name": "Released year",
           "relationDefaultValue": null,
           "relationFormat": 2,
           "relationFormatObjectTypes": [
             ],
           "relationKey": "releasedYear",
           "relationMaxCount": 1,
           "relationReadonlyValue": false,
           "scope": 1,
           "sourceObject": "_brreleasedYear",
           "type": "ot-relation"
          },
        "restrictions": {
           "createdDate": 1696518861,
           "description": "Object restrictions list",
           "isHidden": true,
           "layout": 5,
           "name": "Object restrictions",
           "relationDefaultValue": null,
           "relationFormat": 2,
           "relationFormatObjectTypes": [
             ],
           "relationKey": "restrictions",
           "relationMaxCount": 1,
           "relationReadonlyValue": true,
           "scope": 1,
           "sourceObject": "_brrestrictions",
           "type": "ot-relation"
          },
        "scope": {
           "description": "",
           "isHidden": false,
           "layout": 5,
           "name": "Scope",
           "relationDefaultValue": null,
           "relationFormat": 0,
           "relationFormatObjectTypes": [
             ],
           "relationKey": "scope",
           "relationMaxCount": 1,
           "relationReadonlyValue": false,
           "scope": 1,
           "sourceObject": "_brscope",
           "type": "ot-relation"
          },
        "setOf": {
           "description": "Point to the object types or realtions used to aggregate the set. Empty means object of all types will be aggregated ",
           "isHidden": false,
           "layout": 5,
           "name": "Set of",
           "relationDefaultValue": null,
           "relationFormat": 100,
           "relationFormatObjectTypes": [
              "ot-objectType"
             ],
           "relationKey": "setOf",
           "relationMaxCount": 0,
           "relationReadonlyValue": true,
           "scope": 1,
           "sourceObject": "_brsetOf",
           "type": "ot-relation"
          },
        "sizeInBytes": {
           "description": "Size of file/image in bytes",
           "isHidden": false,
           "layout": 5,
           "name": "Size",
           "relationDefaultValue": null,
           "relationFormat": 2,
           "relationFormatObjectTypes": [
             ],
           "relationKey": "sizeInBytes",
           "relationMaxCount": 1,
           "relationReadonlyValue": false,
           "scope": 1,
           "sourceObject": "_brsizeInBytes",
           "type": "ot-relation"
          },
        "smartblockTypes": {
           "createdDate": 1696518861,
           "description": "Stored for object type. Contains tge list of smartblock types used to create the object",
           "isHidden": true,
           "layout": 5,
           "name": "Smartblock types",
           "relationDefaultValue": null,
           "relationFormat": 2,
           "relationFormatObjectTypes": [
             ],
           "relationKey": "smartblockTypes",
           "relationMaxCount": 0,
           "relationReadonlyValue": true,
           "scope": 1,
           "sourceObject": "_brsmartblockTypes",
           "type": "ot-relation"
          },
        "snippet": {
           "createdDate": 1696518861,
           "description": "Plaintext extracted from the object's blocks ",
           "isHidden": true,
           "layout": 5,
           "name": "Snippet",
           "relationDefaultValue": null,
           "relationFormat": 0,
           "relationFormatObjectTypes": [
             ],
           "relationKey": "snippet",
           "relationMaxCount": 1,
           "relationReadonlyValue": true,
           "scope": 1,
           "sourceObject": "_brsnippet",
           "type": "ot-relation"
          },
        "source": {
           "description": "",
           "isHidden": false,
           "layout": 5,
           "name": "Source",
           "relationDefaultValue": null,
           "relationFormat": 7,
           "relationFormatObjectTypes": [
             ],
           "relationKey": "source",
           "relationMaxCount": 1,
           "relationReadonlyValue": false,
           "scope": 1,
           "sourceObject": "_brsource",
           "type": "ot-relation"
          },
        "sourceFilePath": {
           "createdDate": 1696518861,
           "description": "File path or url with original object",
           "isHidden": true,
           "layout": 5,
           "name": "Source file path",
           "relationDefaultValue": null,
           "relationFormat": 0,
           "relationFormatObjectTypes": [
             ],
           "relationKey": "sourceFilePath",
           "relationMaxCount": 1,
           "relationReadonlyValue": false,
           "scope": 1,
           "sourceObject": "_brsourceFilePath",
           "type": "ot-relation"
          },
        "sourceObject": {
           "createdDate": 1696518861,
           "description": "",
           "isHidden": false,
           "layout": 5,
           "name": "Source object",
           "relationDefaultValue": null,
           "relationFormat": 100,
           "relationFormatObjectTypes": [
             ],
           "relationKey": "sourceObject",
           "relationMaxCount": 1,
           "relationReadonlyValue": true,
           "scope": 1,
           "sourceObject": "_brsourceObject",
           "type": "ot-relation"
          },
        "spaceAccessibility": {
           "createdDate": 1696518861,
           "description": "There are two options of accessibility of workspace - private (0) or public (1)",
           "isHidden": true,
           "layout": 5,
           "name": "Space accessibility",
           "relationDefaultValue": null,
           "relationFormat": 2,
           "relationFormatObjectTypes": [
             ],
           "relationKey": "spaceAccessibility",
           "relationMaxCount": 1,
           "relationReadonlyValue": false,
           "scope": 1,
           "sourceObject": "_brspaceAccessibility",
           "type": "ot-relation"
          },
        "spaceDashboardId": {
           "createdDate": 1696518861,
           "description": "Space Dashboard object ID",
           "isHidden": true,
           "layout": 5,
           "name": "Space Dashboard ID",
           "relationDefaultValue": null,
           "relationFormat": 100,
           "relationFormatObjectTypes": [
             ],
           "relationKey": "spaceDashboardId",
           "relationMaxCount": 1,
           "relationReadonlyValue": false,
           "scope": 1,
           "sourceObject": "_brspaceDashboardId",
           "type": "ot-relation"
          },
        "stakeholders": {
           "description": "",
           "isHidden": false,
           "layout": 5,
           "name": "Stakeholders",
           "relationDefaultValue": null,
           "relationFormat": 100,
           "relationFormatObjectTypes": [
             ],
           "relationKey": "stakeholders",
           "relationMaxCount": 0,
           "relationReadonlyValue": false,
           "scope": 1,
           "sourceObject": "_brstakeholders",
           "type": "ot-relation"
          },
        "status": {
           "description": "Task status",
           "isHidden": false,
           "layout": 5,
           "name": "Status",
           "relationDefaultValue": null,
           "relationFormat": 3,
           "relationFormatObjectTypes": [
             ],
           "relationKey": "status",
           "relationMaxCount": 1,
           "relationReadonlyValue": false,
           "scope": 1,
           "sourceObject": "_brstatus",
           "type": "ot-relation"
          },
        "tag": {
           "description": "",
           "isHidden": false,
           "layout": 5,
           "name": "Tag",
           "relationDefaultValue": null,
           "relationFormat": 11,
           "relationFormatObjectTypes": [
             ],
           "relationKey": "tag",
           "relationMaxCount": 0,
           "relationReadonlyValue": false,
           "scope": 1,
           "sourceObject": "_brtag",
           "type": "ot-relation"
          },
        "targetObjectType": {
           "description": "Type that is used for templating",
           "isHidden": true,
           "layout": 5,
           "name": "Template's Type",
           "relationDefaultValue": null,
           "relationFormat": 100,
           "relationFormatObjectTypes": [
              "ot-objectType"
             ],
           "relationKey": "targetObjectType",
           "relationMaxCount": 1,
           "relationReadonlyValue": false,
           "scope": 1,
           "sourceObject": "_brtargetObjectType",
           "type": "ot-relation"
          },
        "tasks": {
           "description": "List of related tasks\n",
           "isHidden": false,
           "layout": 5,
           "name": "Tasks",
           "relationDefaultValue": null,
           "relationFormat": 100,
           "relationFormatObjectTypes": [
              "ot-task"
             ],
           "relationKey": "tasks",
           "relationMaxCount": 0,
           "relationReadonlyValue": false,
           "scope": 1,
           "sourceObject": "_brtasks",
           "type": "ot-relation"
          },
        "templateIsBundled": {
           "description": "Specifies whether template is provided by anytype",
           "isHidden": true,
           "layout": 5,
           "name": "Bundled Template",
           "relationDefaultValue": null,
           "relationFormat": 6,
           "relationFormatObjectTypes": [
             ],
           "relationKey": "templateIsBundled",
           "relationMaxCount": 1,
           "relationReadonlyValue": true,
           "scope": 1,
           "sourceObject": "_brtemplateIsBundled",
           "type": "ot-relation"
          },
        "thumbnailImage": {
           "description": "",
           "isHidden": false,
           "layout": 5,
           "name": "Thumbnail image",
           "relationDefaultValue": null,
           "relationFormat": 5,
           "relationFormatObjectTypes": [
              "ot-image"
             ],
           "relationKey": "thumbnailImage",
           "relationMaxCount": 0,
           "relationReadonlyValue": false,
           "scope": 1,
           "sourceObject": "_brthumbnailImage",
           "type": "ot-relation"
          },
        "timeframe": {
           "description": "",
           "isHidden": false,
           "layout": 5,
           "name": "Timeframe",
           "relationDefaultValue": null,
           "relationFormat": 0,
           "relationFormatObjectTypes": [
             ],
           "relationKey": "timeframe",
           "relationMaxCount": 1,
           "relationReadonlyValue": false,
           "scope": 1,
           "sourceObject": "_brtimeframe",
           "type": "ot-relation"
          },
        "type": {
           "createdDate": 1696518861,
           "description": "Relation that stores the object's type",
           "isHidden": false,
           "layout": 5,
           "name": "Object type",
           "relationDefaultValue": null,
           "relationFormat": 100,
           "relationFormatObjectTypes": [
              "ot-objectType"
             ],
           "relationKey": "type",
           "relationMaxCount": 1,
           "relationReadonlyValue": true,
           "scope": 1,
           "sourceObject": "_brtype",
           "type": "ot-relation"
          },
        "widthInPixels": {
           "description": "Width of image/video in pixels",
           "isHidden": false,
           "layout": 5,
           "name": "Width",
           "relationDefaultValue": null,
           "relationFormat": 2,
           "relationFormatObjectTypes": [
             ],
           "relationKey": "widthInPixels",
           "relationMaxCount": 1,
           "relationReadonlyValue": false,
           "scope": 1,
           "sourceObject": "_brwidthInPixels",
           "type": "ot-relation"
          },
        "workspaceId": {
           "createdDate": 1696518861,
           "description": "Space object belongs to",
           "isHidden": true,
           "layout": 5,
           "name": "Space",
           "relationDefaultValue": null,
           "relationFormat": 100,
           "relationFormatObjectTypes": [
              "ot-space"
             ],
           "relationKey": "workspaceId",
           "relationMaxCount": 1,
           "relationReadonlyValue": true,
           "scope": 1,
           "sourceObject": "_brworkspaceId",
           "type": "ot-relation"
          }
       },
     "settings": {
        "analyticsID": "f71d495c-c9e6-4661-a27a-d476cda7d793"
       }
    },
   "relationLinks": [
    {
     "key": "id",
     "format": "object"
    },
    {
     "key": "snippet"
    },
    {
     "key": "backlinks",
     "format": "object"
    },
    {
     "key": "creator",
     "format": "object"
    },
    {
     "key": "workspaceId",
     "format": "object"
    },
    {
     "key": "isHidden",
     "format": "checkbox"
    },
    {
     "key": "spaceAccessibility",
     "format": "number"
    },
    {
     "key": "layout",
     "format": "number"
    },
    {
     "key": "type",
     "format": "object"
    },
    {
     "key": "featuredRelations",
     "format": "object"
    },
    {
     "key": "lastModifiedBy",
     "format": "object"
    },
    {
     "key": "lastModifiedDate",
     "format": "date"
    },
    {
     "key": "name",
     "format": "shorttext"
    },
    {
     "key": "iconOption",
     "format": "number"
    },
    {
     "key": "spaceDashboardId",
     "format": "object"
    }
   ]
  }
 }
}