{
 "sbType": "Page",
 "snapshot": {
  "data": {
   "blocks": [
    {
     "id": "bafyreid4ke3lvpcu5d3w7uuh6ukl7qhabv3maujcfyzgdvpb4iuuapmini",
     "restrictions": {

     },
     "childrenIds": [
      "header",
      "source",
      "tag"
     ],
     "smartblock": {

     }
    },
    {
     "id": "header",
     "restrictions": {
      "edit": true,
      "remove": true,
      "drag": true,
      "dropOn": true
     },
     "childrenIds": [
      "title",
      "description",
      "featuredRelations"
     ],
     "layout": {
      "style": "Header"
     }
    },
    {
     "id": "source",
     "relation": {
      "key": "source"
     }
    },
    {
     "id": "tag",
     "relation": {
      "key": "tag"
     }
    },
    {
     "id": "title",
     "fields": {
       "_detailsKey": [
          "name",
          "done"
         ]
      },
     "restrictions": {
      "remove": true,
      "drag": true,
      "dropOn": true
     },
     "text": {
      "style": "Title",
      "marks": {

      }
     }
    },
    {
     "id": "description",
     "fields": {
       "_detailsKey": "description"
      },
     "restrictions": {
      "remove": true,
      "drag": true,
      "dropOn": true
     },
     "text": {
      "style": "Description",
      "marks": {

      }
     }
    },
    {
     "id": "featuredRelations",
     "restrictions": {
      "remove": true,
      "drag": true,
      "dropOn": true
     },
     "featuredRelations": {

     }
    }
   ],
   "details": {
     "backlinks": [
        "bafyreiaqfich3syvsrhip3zs73fghfrukrsonvf5tk3veaevn6j3sbn64u"
       ],
     "createdDate": 1695967107,
     "creator": "bafyreidwk5a5a4p2wmjhm6axaskfeurjvhdqq26yde6agfmgzwiqy4f2vu",
     "description": "Información sobre la Alhambra de Granada: visitas guiadas, cómo comprar entradas, horarios, lugares destacados, noticias y fotografías. Guía de Granada con actividades, alojamientos, museos y otros monumentos.",
     "featuredRelations": [
        "description",
        "type",
        "createdDate"
       ],
     "iconImage": "bafybeihszuwrlxilogjyqgiqowdd4y3rmf5dasdwhy2nule22rph3tlgbu",
     "id": "bafyreid4ke3lvpcu5d3w7uuh6ukl7qhabv3maujcfyzgdvpb4iuuapmini",
     "lastModifiedBy": "bafyreidwk5a5a4p2wmjhm6axaskfeurjvhdqq26yde6agfmgzwiqy4f2vu",
     "lastModifiedDate": 1695967108,
     "layout": 11,
     "links": [
       ],
     "name": "Alhambra de Granada. Información sobre el monumento, entradas, visitas guiadas, fotografías, guía de Granada",
     "picture": "bafybeiehjssizyam7dvnf4nzkjjmqpoxgzug3jqv7ptr6nijcsxetbe7cy",
     "restrictions": [
       ],
     "snippet": "",
     "source": "https://www.alhambradegranada.org",
     "type": "ot-bookmark",
     "workspaceId": "bafyreif4sfohsyk6begdujt3zosycmtt774vzo5wnhn3nkwfcizn4psini"
    },
   "objectTypes": [
    "ot-bookmark"
   ],
   "relationLinks": [
    {
     "key": "workspaceId",
     "format": "object"
    },
    {
     "key": "createdDate",
     "format": "date"
    },
    {
     "key": "creator",
     "format": "object"
    },
    {
     "key": "type",
     "format": "object"
    },
    {
     "key": "id",
     "format": "object"
    },
    {
     "key": "snippet"
    },
    {
     "key": "source",
     "format": "url"
    },
    {
     "key": "backlinks",
     "format": "object"
    },
    {
     "key": "layout",
     "format": "number"
    },
    {
     "key": "name",
     "format": "shorttext"
    },
    {
     "key": "description"
    },
    {
     "key": "iconEmoji",
     "format": "emoji"
    },
    {
     "key": "iconImage",
     "format": "file"
    },
    {
     "key": "layoutAlign",
     "format": "number"
    },
    {
     "key": "coverId"
    },
    {
     "key": "coverScale",
     "format": "number"
    },
    {
     "key": "coverType",
     "format": "number"
    },
    {
     "key": "coverX",
     "format": "number"
    },
    {
     "key": "coverY",
     "format": "number"
    },
    {
     "key": "lastModifiedDate",
     "format": "date"
    },
    {
     "key": "lastModifiedBy",
     "format": "object"
    },
    {
     "key": "lastOpenedDate",
     "format": "date"
    },
    {
     "key": "featuredRelations",
     "format": "object"
    },
    {
     "key": "isFavorite",
     "format": "checkbox"
    },
    {
     "key": "links",
     "format": "object"
    },
    {
     "key": "internalFlags",
     "format": "number"
    },
    {
     "key": "restrictions",
     "format": "number"
    },
    {
     "key": "tag",
     "format": "tag"
    },
    {
     "key": "picture",
     "format": "file"
    }
   ]
  },
  "fileKeys": [
   {
    "hash": "bafybeihszuwrlxilogjyqgiqowdd4y3rmf5dasdwhy2nule22rph3tlgbu",
    "keys": {
     "/0/exif/": "bglcdx2z6xr4xvoifi5qgtnsk3qvdmlxbzcxn5kzkqkqyhskhp76a",
     "/0/large/": "by6d4nioenpagpknr26midd4cgzwvdsitvc5yayckkkjddmyhrjca",
     "/0/original/": "by6d4nioenpagpknr26midd4cgzwvdsitvc5yayckkkjddmyhrjca",
     "/0/small/": "by6d4nioenpagpknr26midd4cgzwvdsitvc5yayckkkjddmyhrjca",
     "/0/thumb/": "by6d4nioenpagpknr26midd4cgzwvdsitvc5yayckkkjddmyhrjca"
    }
   },
   {
    "hash": "bafybeiehjssizyam7dvnf4nzkjjmqpoxgzug3jqv7ptr6nijcsxetbe7cy",
    "keys": {
     "/0/exif/": "bejd7esean2uvwg5x5khgpztnstjevw42ukobsrevimlnp2bmsg2a",
     "/0/large/": "bkfoexmtaipwkiaxyd5dbnffvmfz6mviieengnjco355awujwx3rq",
     "/0/original/": "b3vpx3l3gm3ddwvgb5xiblxog7j2bvmmxyxyiuwvz5ow4vmr3lmea",
     "/0/small/": "bclwpdn333zkdoqtm5vw4nbzyxpu3t6vvuuyru4a4p657gu6cfjdq",
     "/0/thumb/": "b6owzc6ltxks72e25ad6dvdk6t6zdrt2s2glpvqorjlharciqpzka"
    }
   }
  ]
 }
}