{
 "sbType": "Page",
 "snapshot": {
  "data": {
   "blocks": [
    {
     "id": "bafyreibcheooyoyzxl2v3nyzouv6h2l2qrz624ov5lpfjphskxh46p3z2e",
     "restrictions": {

     },
     "childrenIds": [
      "header",
      "source",
      "tag"
     ],
     "smartblock": {

     }
    },
    {
     "id": "header",
     "restrictions": {
      "edit": true,
      "remove": true,
      "drag": true,
      "dropOn": true
     },
     "childrenIds": [
      "title",
      "description",
      "featuredRelations"
     ],
     "layout": {
      "style": "Header"
     }
    },
    {
     "id": "source",
     "relation": {
      "key": "source"
     }
    },
    {
     "id": "tag",
     "relation": {
      "key": "tag"
     }
    },
    {
     "id": "title",
     "fields": {
       "_detailsKey": [
          "name",
          "done"
         ]
      },
     "restrictions": {
      "remove": true,
      "drag": true,
      "dropOn": true
     },
     "text": {
      "style": "Title",
      "marks": {

      }
     }
    },
    {
     "id": "description",
     "fields": {
       "_detailsKey": "description"
      },
     "restrictions": {
      "remove": true,
      "drag": true,
      "dropOn": true
     },
     "text": {
      "style": "Description",
      "marks": {

      }
     }
    },
    {
     "id": "featuredRelations",
     "restrictions": {
      "remove": true,
      "drag": true,
      "dropOn": true
     },
     "featuredRelations": {

     }
    }
   ],
   "details": {
     "backlinks": [
        "bafyreiaqfich3syvsrhip3zs73fghfrukrsonvf5tk3veaevn6j3sbn64u"
       ],
     "createdDate": 1695967138,
     "creator": "bafyreidwk5a5a4p2wmjhm6axaskfeurjvhdqq26yde6agfmgzwiqy4f2vu",
     "description": "El Tablao Cueva Flamenca La Comino es un histórico aljibe árabe de Granada con un aire renovador que, sin perder nunca su esencia (la pasión y la dieta mediterránea) ofrece una experiencia íntima con ...",
     "featuredRelations": [
        "description",
        "type",
        "createdDate"
       ],
     "iconImage": "bafybeicb4jzeptdw2pid4amxxflxbnhbux3acyselcrkgqwovfcmh4btwe",
     "id": "bafyreibcheooyoyzxl2v3nyzouv6h2l2qrz624ov5lpfjphskxh46p3z2e",
     "lastModifiedBy": "bafyreidwk5a5a4p2wmjhm6axaskfeurjvhdqq26yde6agfmgzwiqy4f2vu",
     "lastModifiedDate": 1695967138,
     "layout": 11,
     "links": [
       ],
     "name": "Cueva Flamenca La Comino – Tablao en Granada, a los pies de la Alhambra",
     "picture": "",
     "restrictions": [
       ],
     "snippet": "",
     "source": "https://cuevaflamencalacomino.com",
     "type": "ot-bookmark",
     "workspaceId": "bafyreif4sfohsyk6begdujt3zosycmtt774vzo5wnhn3nkwfcizn4psini"
    },
   "objectTypes": [
    "ot-bookmark"
   ],
   "relationLinks": [
    {
     "key": "workspaceId",
     "format": "object"
    },
    {
     "key": "createdDate",
     "format": "date"
    },
    {
     "key": "creator",
     "format": "object"
    },
    {
     "key": "type",
     "format": "object"
    },
    {
     "key": "id",
     "format": "object"
    },
    {
     "key": "snippet"
    },
    {
     "key": "source",
     "format": "url"
    },
    {
     "key": "backlinks",
     "format": "object"
    },
    {
     "key": "layout",
     "format": "number"
    },
    {
     "key": "name",
     "format": "shorttext"
    },
    {
     "key": "description"
    },
    {
     "key": "iconEmoji",
     "format": "emoji"
    },
    {
     "key": "iconImage",
     "format": "file"
    },
    {
     "key": "layoutAlign",
     "format": "number"
    },
    {
     "key": "coverId"
    },
    {
     "key": "coverScale",
     "format": "number"
    },
    {
     "key": "coverType",
     "format": "number"
    },
    {
     "key": "coverX",
     "format": "number"
    },
    {
     "key": "coverY",
     "format": "number"
    },
    {
     "key": "lastModifiedDate",
     "format": "date"
    },
    {
     "key": "lastModifiedBy",
     "format": "object"
    },
    {
     "key": "lastOpenedDate",
     "format": "date"
    },
    {
     "key": "featuredRelations",
     "format": "object"
    },
    {
     "key": "isFavorite",
     "format": "checkbox"
    },
    {
     "key": "links",
     "format": "object"
    },
    {
     "key": "internalFlags",
     "format": "number"
    },
    {
     "key": "restrictions",
     "format": "number"
    },
    {
     "key": "tag",
     "format": "tag"
    },
    {
     "key": "picture",
     "format": "file"
    }
   ]
  },
  "fileKeys": [
   {
    "hash": "bafybeicb4jzeptdw2pid4amxxflxbnhbux3acyselcrkgqwovfcmh4btwe",
    "keys": {
     "/0/exif/": "bpt46r2vmbartfxypza5uob5p74bjl5hbejuh4piazfvxjdoag7fq",
     "/0/large/": "bab3uwroqrx3fua7aiq3e3atkjvemwtlxbxs6t3h7ho3obac342nq",
     "/0/original/": "bab3uwroqrx3fua7aiq3e3atkjvemwtlxbxs6t3h7ho3obac342nq",
     "/0/small/": "bab3uwroqrx3fua7aiq3e3atkjvemwtlxbxs6t3h7ho3obac342nq",
     "/0/thumb/": "bgvkeywfoep2c6kajstn7h7b6s5rffifbi6ue3vvjjgcmwlxhaqpa"
    }
   }
  ]
 }
}