{
 "sbType": "Page",
 "snapshot": {
  "data": {
   "blocks": [
    {
     "id": "bafyreiaqfich3syvsrhip3zs73fghfrukrsonvf5tk3veaevn6j3sbn64u",
     "restrictions": {

     },
     "childrenIds": [
      "header",
      "div-646b9d4d1cac63ab08a03c17",
      "div-646b9d4d1cac63ab08a03c18",
      "651664111cac630478df2230"
     ],
     "smartblock": {

     }
    },
    {
     "id": "header",
     "restrictions": {
      "edit": true,
      "remove": true,
      "drag": true,
      "dropOn": true
     },
     "childrenIds": [
      "title",
      "description",
      "featuredRelations"
     ],
     "layout": {
      "style": "Header"
     }
    },
    {
     "id": "div-646b9d4d1cac63ab08a03c17",
     "restrictions": {

     },
     "childrenIds": [
      "6516658e1cac630478df223e",
      "6447d4a81cac6305de8ea0d0",
      "6447d4ac1cac6305de8ea0d1",
      "6447d4b11cac6305de8ea0d3",
      "6447d6b81cac6305de8ea0de",
      "6516644b1cac630478df2234",
      "644ead541cac637ebbd1c056",
      "646b9cfe1cac63ab08a03c14",
      "6447d4cf1cac6305de8ea0d4",
      "644eadbc1cac637ebbd1c05a",
      "651663a51cac630478df2221",
      "651663a61cac630478df2222",
      "646b9ccc1cac63ab08a03c11",
      "6447d4d21cac6305de8ea0d5"
     ],
     "layout": {
      "style": "Div"
     }
    },
    {
     "id": "div-646b9d4d1cac63ab08a03c18",
     "restrictions": {

     },
     "childrenIds": [
      "651663b31cac630478df2223",
      "6447d4df1cac6305de8ea0d7",
      "651666901cac630478df2242",
      "651666901cac630478df2243",
      "651666901cac630478df2244",
      "651663c31cac630478df2225",
      "646b9d431cac63ab08a03c16",
      "6447d53d1cac6305de8ea0d9",
      "r-d454619a3513cf795ff55d2aaeb5d256",
      "6447d5371cac6305de8ea0d8",
      "64525ecb090478aa6baf377f",
      "6516640b1cac630478df222d",
      "64525f31090478aa6baf3786",
      "6516640e1cac630478df222e",
      "64525f35090478aa6baf3787",
      "651664101cac630478df222f"
     ],
     "layout": {
      "style": "Div"
     }
    },
    {
     "id": "651664111cac630478df2230",
     "restrictions": {

     },
     "text": {
      "marks": {

      }
     }
    },
    {
     "id": "title",
     "fields": {
       "_detailsKey": [
          "name",
          "done"
         ]
      },
     "restrictions": {
      "remove": true,
      "drag": true,
      "dropOn": true
     },
     "text": {
      "style": "Title",
      "marks": {

      }
     }
    },
    {
     "id": "description",
     "fields": {
       "_detailsKey": "description"
      },
     "restrictions": {
      "remove": true,
      "drag": true,
      "dropOn": true
     },
     "text": {
      "style": "Description",
      "marks": {

      }
     }
    },
    {
     "id": "featuredRelations",
     "restrictions": {
      "remove": true,
      "drag": true,
      "dropOn": true
     },
     "featuredRelations": {

     }
    },
    {
     "id": "6516658e1cac630478df223e",
     "backgroundColor": "grey",
     "text": {
      "text": "Here is an example of a completed Trip template. You can find and adjust template in Library \u003e Trip and delete this Object after reading.",
      "style": "Callout",
      "marks": {
       "marks": [
        {
         "range": {
          "from": 34,
          "to": 38
         },
         "type": "Italic"
        },
        {
         "range": {
          "from": 85,
          "to": 92
         },
         "type": "Italic"
        },
        {
         "range": {
          "from": 95,
          "to": 99
         },
         "type": "Italic"
        }
       ]
      }
     }
    },
    {
     "id": "6447d4a81cac6305de8ea0d0",
     "restrictions": {

     },
     "relation": {
      "key": "6516633f1cac630478df221b"
     }
    },
    {
     "id": "6447d4ac1cac6305de8ea0d1",
     "restrictions": {

     },
     "relation": {
      "key": "6516634d1cac630478df221c"
     }
    },
    {
     "id": "6447d4b11cac6305de8ea0d3",
     "restrictions": {

     },
     "text": {
      "text": "Flight Info",
      "style": "Header2",
      "marks": {
       "marks": [
        {
         "range": {
          "to": 11
         },
         "type": "Bold"
        }
       ]
      }
     }
    },
    {
     "id": "6447d6b81cac6305de8ea0de",
     "restrictions": {

     },
     "relation": {
      "key": "6516636f1cac630478df221d"
     }
    },
    {
     "id": "6516644b1cac630478df2234",
     "relation": {
      "key": "time"
     }
    },
    {
     "id": "644ead541cac637ebbd1c056",
     "restrictions": {

     },
     "childrenIds": [
      "6516639a1cac630478df2220"
     ],
     "text": {
      "text": "Boarding pass",
      "marks": {
       "marks": [
        {
         "range": {
          "to": 13
         },
         "type": "Bold"
        }
       ]
      }
     }
    },
    {
     "id": "646b9cfe1cac63ab08a03c14",
     "restrictions": {

     },
     "text": {
      "marks": {

      }
     }
    },
    {
     "id": "6447d4cf1cac6305de8ea0d4",
     "restrictions": {

     },
     "text": {
      "text": "Packing List",
      "style": "Header2",
      "marks": {
       "marks": [
        {
         "range": {
          "to": 12
         },
         "type": "Bold"
        }
       ]
      }
     }
    },
    {
     "id": "644eadbc1cac637ebbd1c05a",
     "restrictions": {

     },
     "text": {
      "text": "2 pairs Jeans",
      "style": "Checkbox",
      "marks": {

      },
      "checked": true
     }
    },
    {
     "id": "651663a51cac630478df2221",
     "restrictions": {

     },
     "text": {
      "text": "Camera",
      "style": "Checkbox",
      "marks": {

      }
     }
    },
    {
     "id": "651663a61cac630478df2222",
     "restrictions": {

     },
     "text": {
      "text": "Shorts",
      "style": "Checkbox",
      "marks": {

      }
     }
    },
    {
     "id": "646b9ccc1cac63ab08a03c11",
     "restrictions": {

     },
     "text": {
      "marks": {

      }
     }
    },
    {
     "id": "6447d4d21cac6305de8ea0d5",
     "restrictions": {

     },
     "text": {
      "text": "Accommodation",
      "style": "Header2",
      "marks": {
       "marks": [
        {
         "range": {
          "to": 13
         },
         "type": "Bold"
        }
       ]
      }
     }
    },
    {
     "id": "651663b31cac630478df2223",
     "bookmark": {
      "url": "https://www.booking.com/hotel/es/abadia.en-gb.html?aid=304142\u0026label=gen173nr-1BCAEoggI46AdIM1gEaDuIAQGYAQm4AQfIAQ3YAQHoAQGIAgGoAgO4AuHO2agGwAIB0gIkZmQwODNhMzctODg1NC00M2MxLTkyZDYtMGQ5MmQ4NDNkZWM12AIF4AIB\u0026sid=823ed70ad8d7898d70a0b51712575476\u0026all_sr_blocks=9155608_88154438_0_0_0;checkin=2023-09-30;checkout=2023-10-03;dist=0;group_adults=2;group_children=0;hapos=3;highlighted_blocks=9155608_88154438_0_0_0;hpos=3;matching_block_id=9155608_88154438_0_0_0;no_rooms=1;req_adults=2;req_children=0;room1=A%2CA;sb_price_type=total;sr_order=popularity;sr_pri_blocks=9155608_88154438_0_0_0__36720;srepoch=1695967084;srpvid=aec829f26c7001c8;type=total;ucfs=1\u0026#hotelTmpl",
      "title": "★★ Abadía Hotel, Granada, Spain",
      "description": "Hotel Abadia is set in a restored 16th-century building, 10 minutes' walk from Granada Cathedral.",
      "imageHash": "bafybeiam3ova7xs5gucll2m3jmwlakld3q4se34262qhnhfaukyqvbmlwi",
      "faviconHash": "bafybeidvfuddavudwglm5he6zpgwdajoewxav3klbfyqazdfk2b4n7jwj4",
      "type": "Page",
      "targetObjectId": "bafyreic47b66ke5jbqvh7txyad3hm64oresrhvts5i3iw4lqf7yex2z2wm",
      "state": "Done"
     }
    },
    {
     "id": "6447d4df1cac6305de8ea0d7",
     "restrictions": {

     },
     "text": {
      "text": "History",
      "style": "Header2",
      "marks": {
       "marks": [
        {
         "range": {
          "to": 7
         },
         "type": "Bold"
        }
       ]
      }
     }
    },
    {
     "id": "651666901cac630478df2242",
     "text": {
      "text": "Andalusia(UK:/ˌændəˈluːsiə,-ziə/,US:/-ʒ(i)ə,-ʃ(i)ə/;[4][5][6] Spanish:AndalucíaSpanish pronunciation:[andaluˈθi.a]) is the southernmost autonomous community in Peninsular Spain. Andalusia is located in the south of the Iberian Peninsula, in southwestern Europe. It is the most populous and the second-largest autonomous community in the country. It is officially recognised as a historical nationality and a national reality.[7]The territory is divided into eight provinces: Almería, Cádiz, Córdoba, Granada, Huelva, Jaén, Málaga, and Seville. Its capital city is Seville. The seat of the High Court of Justice of Andalusia is located in the city of Granada.",
      "marks": {
       "marks": [
        {
         "range": {
          "to": 9
         },
         "type": "Bold"
        },
        {
         "range": {
          "from": 10,
          "to": 12
         },
         "type": "Link",
         "param": "https://en.wikipedia.org/wiki/British_English"
        },
        {
         "range": {
          "from": 13,
          "to": 32
         },
         "type": "Link",
         "param": "https://en.wikipedia.org/wiki/Help:IPA/English"
        },
        {
         "range": {
          "from": 33,
          "to": 35
         },
         "type": "Link",
         "param": "https://en.wikipedia.org/wiki/American_English"
        },
        {
         "range": {
          "from": 36,
          "to": 51
         },
         "type": "Link",
         "param": "https://en.wikipedia.org/wiki/Help:IPA/English"
        },
        {
         "range": {
          "from": 52,
          "to": 55
         },
         "type": "Link",
         "param": "https://en.wikipedia.org/wiki/Andalusia#cite_note-4"
        },
        {
         "range": {
          "from": 55,
          "to": 58
         },
         "type": "Link",
         "param": "https://en.wikipedia.org/wiki/Andalusia#cite_note-5"
        },
        {
         "range": {
          "from": 58,
          "to": 61
         },
         "type": "Link",
         "param": "https://en.wikipedia.org/wiki/Andalusia#cite_note-6"
        },
        {
         "range": {
          "from": 62,
          "to": 69
         },
         "type": "Link",
         "param": "https://en.wikipedia.org/wiki/Spanish_language"
        },
        {
         "range": {
          "from": 70,
          "to": 79
         },
         "type": "Italic"
        },
        {
         "range": {
          "from": 101,
          "to": 114
         },
         "type": "Link",
         "param": "https://en.wikipedia.org/wiki/Help:IPA/Spanish"
        },
        {
         "range": {
          "from": 136,
          "to": 156
         },
         "type": "Link",
         "param": "https://en.wikipedia.org/wiki/Autonomous_communities_of_Spain"
        },
        {
         "range": {
          "from": 160,
          "to": 176
         },
         "type": "Link",
         "param": "https://en.wikipedia.org/wiki/Peninsular_Spain"
        },
        {
         "range": {
          "from": 219,
          "to": 236
         },
         "type": "Link",
         "param": "https://en.wikipedia.org/wiki/Iberian_Peninsula"
        },
        {
         "range": {
          "from": 379,
          "to": 424
         },
         "type": "Link",
         "param": "https://en.wikipedia.org/wiki/Nationalities_and_regions_of_Spain"
        },
        {
         "range": {
          "from": 425,
          "to": 428
         },
         "type": "Link",
         "param": "https://en.wikipedia.org/wiki/Andalusia#cite_note-7"
        },
        {
         "range": {
          "from": 464,
          "to": 473
         },
         "type": "Link",
         "param": "https://en.wikipedia.org/wiki/Provinces_of_Spain"
        },
        {
         "range": {
          "from": 475,
          "to": 482
         },
         "type": "Link",
         "param": "https://en.wikipedia.org/wiki/Province_of_Almería"
        },
        {
         "range": {
          "from": 484,
          "to": 489
         },
         "type": "Link",
         "param": "https://en.wikipedia.org/wiki/Province_of_Cádiz"
        },
        {
         "range": {
          "from": 491,
          "to": 498
         },
         "type": "Link",
         "param": "https://en.wikipedia.org/wiki/Province_of_Córdoba_(Spain)"
        },
        {
         "range": {
          "from": 500,
          "to": 507
         },
         "type": "Link",
         "param": "https://en.wikipedia.org/wiki/Province_of_Granada"
        },
        {
         "range": {
          "from": 509,
          "to": 515
         },
         "type": "Link",
         "param": "https://en.wikipedia.org/wiki/Province_of_Huelva"
        },
        {
         "range": {
          "from": 517,
          "to": 521
         },
         "type": "Link",
         "param": "https://en.wikipedia.org/wiki/Province_of_Jaén_(Spain)"
        },
        {
         "range": {
          "from": 523,
          "to": 529
         },
         "type": "Link",
         "param": "https://en.wikipedia.org/wiki/Province_of_Málaga"
        },
        {
         "range": {
          "from": 535,
          "to": 542
         },
         "type": "Link",
         "param": "https://en.wikipedia.org/wiki/Province_of_Seville"
        },
        {
         "range": {
          "from": 564,
          "to": 571
         },
         "type": "Link",
         "param": "https://en.wikipedia.org/wiki/Seville"
        },
        {
         "range": {
          "from": 589,
          "to": 623
         },
         "type": "Link",
         "param": "https://en.wikipedia.org/wiki/High_Court_of_Justice_of_Andalusia"
        },
        {
         "range": {
          "from": 650,
          "to": 657
         },
         "type": "Link",
         "param": "https://en.wikipedia.org/wiki/Granada"
        }
       ]
      }
     }
    },
    {
     "id": "651666901cac630478df2243",
     "text": {
      "text": "Andalusia is immediately south of the autonomous communities of Extremadura and Castilla-La Mancha; west of the autonomous community of Murcia and the Mediterranean Sea; east of Portugal and the Atlantic Ocean; and north of the Mediterranean Sea and the Strait of Gibraltar. Gibraltar shares a1.2 kilometres (3⁄4 mi) land border with the Andalusian portion of the province of Cádiz at the eastern end of the Strait of Gibraltar.",
      "marks": {
       "marks": [
        {
         "range": {
          "from": 64,
          "to": 75
         },
         "type": "Link",
         "param": "https://en.wikipedia.org/wiki/Extremadura"
        },
        {
         "range": {
          "from": 80,
          "to": 98
         },
         "type": "Link",
         "param": "https://en.wikipedia.org/wiki/Castilla-La_Mancha"
        },
        {
         "range": {
          "from": 136,
          "to": 142
         },
         "type": "Link",
         "param": "https://en.wikipedia.org/wiki/Region_of_Murcia"
        },
        {
         "range": {
          "from": 151,
          "to": 168
         },
         "type": "Link",
         "param": "https://en.wikipedia.org/wiki/Mediterranean_Sea"
        },
        {
         "range": {
          "from": 178,
          "to": 186
         },
         "type": "Link",
         "param": "https://en.wikipedia.org/wiki/Portugal"
        },
        {
         "range": {
          "from": 195,
          "to": 209
         },
         "type": "Link",
         "param": "https://en.wikipedia.org/wiki/Atlantic_Ocean"
        },
        {
         "range": {
          "from": 228,
          "to": 245
         },
         "type": "Link",
         "param": "https://en.wikipedia.org/wiki/Mediterranean_Sea"
        },
        {
         "range": {
          "from": 254,
          "to": 273
         },
         "type": "Link",
         "param": "https://en.wikipedia.org/wiki/Strait_of_Gibraltar"
        },
        {
         "range": {
          "from": 275,
          "to": 284
         },
         "type": "Link",
         "param": "https://en.wikipedia.org/wiki/Gibraltar"
        }
       ]
      }
     }
    },
    {
     "id": "651666901cac630478df2244",
     "text": {
      "text": "The main mountain ranges of Andalusia are the Sierra Morena and the Baetic System, consisting of the Subbaetic and Penibaetic Mountains, separated by the Intrabaetic Basin. In the north, the Sierra Morena separates Andalusia from the plains of Extremadura and Castile–La Mancha on Spain's Meseta Central. To the south, the geographic subregion of Upper Andalusia [ es]lies mostly within the Baetic System, while Lower Andalusia [ es]is in the Baetic Depression of the valley of the Guadalquivir.[8]",
      "marks": {
       "marks": [
        {
         "range": {
          "from": 46,
          "to": 59
         },
         "type": "Link",
         "param": "https://en.wikipedia.org/wiki/Sierra_Morena"
        },
        {
         "range": {
          "from": 68,
          "to": 81
         },
         "type": "Link",
         "param": "https://en.wikipedia.org/wiki/Baetic_System"
        },
        {
         "range": {
          "from": 101,
          "to": 110
         },
         "type": "Link",
         "param": "https://en.wikipedia.org/wiki/Subbaetic_System"
        },
        {
         "range": {
          "from": 115,
          "to": 125
         },
         "type": "Link",
         "param": "https://en.wikipedia.org/wiki/Penibaetic_System"
        },
        {
         "range": {
          "from": 154,
          "to": 171
         },
         "type": "Link",
         "param": "https://en.wikipedia.org/wiki/Intrabaetic_Basin"
        },
        {
         "range": {
          "from": 289,
          "to": 303
         },
         "type": "Link",
         "param": "https://en.wikipedia.org/wiki/Meseta_Central"
        },
        {
         "range": {
          "from": 347,
          "to": 362
         },
         "type": "Link",
         "param": "https://en.wikipedia.org/w/index.php?title=Upper_Andalusia\u0026action=edit\u0026redlink=1"
        },
        {
         "range": {
          "from": 365,
          "to": 367
         },
         "type": "Link",
         "param": "https://es.wikipedia.org/wiki/Alta_Andalucía"
        },
        {
         "range": {
          "from": 391,
          "to": 404
         },
         "type": "Link",
         "param": "https://en.wikipedia.org/wiki/Baetic_System"
        },
        {
         "range": {
          "from": 412,
          "to": 427
         },
         "type": "Link",
         "param": "https://en.wikipedia.org/w/index.php?title=Lower_Andalusia\u0026action=edit\u0026redlink=1"
        },
        {
         "range": {
          "from": 430,
          "to": 432
         },
         "type": "Link",
         "param": "https://es.wikipedia.org/wiki/Baja_Andalucía"
        },
        {
         "range": {
          "from": 443,
          "to": 460
         },
         "type": "Link",
         "param": "https://en.wikipedia.org/wiki/Baetic_Depression"
        },
        {
         "range": {
          "from": 482,
          "to": 494
         },
         "type": "Link",
         "param": "https://en.wikipedia.org/wiki/Guadalquivir"
        },
        {
         "range": {
          "from": 495,
          "to": 498
         },
         "type": "Link",
         "param": "https://en.wikipedia.org/wiki/Andalusia#cite_note-8"
        }
       ]
      }
     }
    },
    {
     "id": "651663c31cac630478df2225",
     "restrictions": {

     },
     "text": {
      "text": "The name \"Andalusia\" is derived from the Arabic word*Al-Andalus(الأندلس), which in turn may be derived from the Vandals, the Goths or pre-Roman Iberian tribes.[9]The toponymal-Andalusis first attested by inscriptions on coins minted in 716 by the new Muslim government of Iberia. These coins, called*dinars, were inscribed in both Latin and Arabic.[10][11]The region's history and culture have been influenced by the Tartessians, Iberians, Phoenicians, Carthaginians, Greeks, Romans, Vandals, Visigoths, Byzantines, Berbers, Arabs, Jews, Romanis and Castilians. During the Islamic Golden Age, Córdoba surpassed Constantinople[12][13]to be Europe's biggest city, and became the capital of Al-Andalus and a prominent center of education and learning in the world, producing numerous philosophers and scientists.[14][15]The Castilian and other Christian North Iberian nationalities reconquered and settled the area in the latter phases of the*Reconquista.",
      "marks": {
       "marks": [
        {
         "range": {
          "from": 41,
          "to": 47
         },
         "type": "Link",
         "param": "https://en.wikipedia.org/wiki/Arabic"
        },
        {
         "range": {
          "from": 52,
          "to": 63
         },
         "type": "Link",
         "param": "https://en.wikipedia.org/wiki/Al-Andalus"
        },
        {
         "range": {
          "from": 112,
          "to": 119
         },
         "type": "Link",
         "param": "https://en.wikipedia.org/wiki/Vandals"
        },
        {
         "range": {
          "from": 125,
          "to": 130
         },
         "type": "Link",
         "param": "https://en.wikipedia.org/wiki/Goths"
        },
        {
         "range": {
          "from": 159,
          "to": 162
         },
         "type": "Link",
         "param": "https://en.wikipedia.org/wiki/Andalusia#cite_note-Dozy2009-9"
        },
        {
         "range": {
          "from": 173,
          "to": 183
         },
         "type": "Italic"
        },
        {
         "range": {
          "from": 299,
          "to": 306
         },
         "type": "Link",
         "param": "https://en.wikipedia.org/wiki/Dinars"
        },
        {
         "range": {
          "from": 331,
          "to": 336
         },
         "type": "Link",
         "param": "https://en.wikipedia.org/wiki/Latin"
        },
        {
         "range": {
          "from": 341,
          "to": 347
         },
         "type": "Link",
         "param": "https://en.wikipedia.org/wiki/Arabic"
        },
        {
         "range": {
          "from": 348,
          "to": 352
         },
         "type": "Link",
         "param": "https://en.wikipedia.org/wiki/Andalusia#cite_note-MMOA-10"
        },
        {
         "range": {
          "from": 352,
          "to": 356
         },
         "type": "Link",
         "param": "https://en.wikipedia.org/wiki/Andalusia#cite_note-Glick2005-11"
        },
        {
         "range": {
          "from": 417,
          "to": 428
         },
         "type": "Link",
         "param": "https://en.wikipedia.org/wiki/Tartessos"
        },
        {
         "range": {
          "from": 430,
          "to": 438
         },
         "type": "Link",
         "param": "https://en.wikipedia.org/wiki/Iberians"
        },
        {
         "range": {
          "from": 440,
          "to": 451
         },
         "type": "Link",
         "param": "https://en.wikipedia.org/wiki/Phoenicia"
        },
        {
         "range": {
          "from": 453,
          "to": 466
         },
         "type": "Link",
         "param": "https://en.wikipedia.org/wiki/Ancient_Carthage"
        },
        {
         "range": {
          "from": 468,
          "to": 474
         },
         "type": "Link",
         "param": "https://en.wikipedia.org/wiki/Ancient_Greece"
        },
        {
         "range": {
          "from": 476,
          "to": 482
         },
         "type": "Link",
         "param": "https://en.wikipedia.org/wiki/Ancient_Rome"
        },
        {
         "range": {
          "from": 484,
          "to": 491
         },
         "type": "Link",
         "param": "https://en.wikipedia.org/wiki/Vandals"
        },
        {
         "range": {
          "from": 493,
          "to": 502
         },
         "type": "Link",
         "param": "https://en.wikipedia.org/wiki/Visigoths"
        },
        {
         "range": {
          "from": 504,
          "to": 514
         },
         "type": "Link",
         "param": "https://en.wikipedia.org/wiki/Byzantine_Empire"
        },
        {
         "range": {
          "from": 516,
          "to": 523
         },
         "type": "Link",
         "param": "https://en.wikipedia.org/wiki/Berbers"
        },
        {
         "range": {
          "from": 525,
          "to": 530
         },
         "type": "Link",
         "param": "https://en.wikipedia.org/wiki/Umayyad_Caliphate"
        },
        {
         "range": {
          "from": 532,
          "to": 536
         },
         "type": "Link",
         "param": "https://en.wikipedia.org/wiki/Jews_in_Spain"
        },
        {
         "range": {
          "from": 538,
          "to": 545
         },
         "type": "Link",
         "param": "https://en.wikipedia.org/wiki/Romani_people_in_Spain"
        },
        {
         "range": {
          "from": 550,
          "to": 560
         },
         "type": "Link",
         "param": "https://en.wikipedia.org/wiki/Castilians"
        },
        {
         "range": {
          "from": 573,
          "to": 591
         },
         "type": "Link",
         "param": "https://en.wikipedia.org/wiki/Islamic_Golden_Age"
        },
        {
         "range": {
          "from": 593,
          "to": 600
         },
         "type": "Link",
         "param": "https://en.wikipedia.org/wiki/Córdoba,_Spain"
        },
        {
         "range": {
          "from": 611,
          "to": 625
         },
         "type": "Link",
         "param": "https://en.wikipedia.org/wiki/Constantinople"
        },
        {
         "range": {
          "from": 625,
          "to": 629
         },
         "type": "Link",
         "param": "https://en.wikipedia.org/wiki/Andalusia#cite_note-12"
        },
        {
         "range": {
          "from": 629,
          "to": 633
         },
         "type": "Link",
         "param": "https://en.wikipedia.org/wiki/Andalusia#cite_note-Population-13"
        },
        {
         "range": {
          "from": 639,
          "to": 645
         },
         "type": "Link",
         "param": "https://en.wikipedia.org/wiki/Europe"
        },
        {
         "range": {
          "from": 688,
          "to": 698
         },
         "type": "Link",
         "param": "https://en.wikipedia.org/wiki/Al-Andalus"
        },
        {
         "range": {
          "from": 809,
          "to": 813
         },
         "type": "Link",
         "param": "https://en.wikipedia.org/wiki/Andalusia#cite_note-Barton2009-14"
        },
        {
         "range": {
          "from": 813,
          "to": 817
         },
         "type": "Link",
         "param": "https://en.wikipedia.org/wiki/Andalusia#cite_note-Venable1894-15"
        },
        {
         "range": {
          "from": 821,
          "to": 830
         },
         "type": "Link",
         "param": "https://en.wikipedia.org/wiki/Castilian_people"
        },
        {
         "range": {
          "from": 841,
          "to": 850
         },
         "type": "Link",
         "param": "https://en.wikipedia.org/wiki/Christianity"
        },
        {
         "range": {
          "from": 939,
          "to": 951
         },
         "type": "Link",
         "param": "https://en.wikipedia.org/wiki/Reconquista"
        }
       ]
      }
     }
    },
    {
     "id": "646b9d431cac63ab08a03c16",
     "text": {
      "marks": {

      }
     }
    },
    {
     "id": "6447d53d1cac6305de8ea0d9",
     "restrictions": {

     },
     "text": {
      "text": "Attractions",
      "style": "Header2",
      "marks": {
       "marks": [
        {
         "range": {
          "to": 11
         },
         "type": "Bold"
        }
       ]
      }
     }
    },
    {
     "id": "r-d454619a3513cf795ff55d2aaeb5d256",
     "restrictions": {

     },
     "childrenIds": [
      "ct-d454619a3513cf795ff55d2aaeb5d256",
      "cd-d454619a3513cf795ff55d2aaeb5d256"
     ],
     "layout": {

     }
    },
    {
     "id": "6447d5371cac6305de8ea0d8",
     "restrictions": {

     },
     "text": {
      "text": "Survival Phrases",
      "style": "Header2",
      "marks": {
       "marks": [
        {
         "range": {
          "to": 16
         },
         "type": "Bold"
        }
       ]
      }
     }
    },
    {
     "id": "64525ecb090478aa6baf377f",
     "restrictions": {

     },
     "text": {
      "text": "Hello",
      "marks": {

      }
     }
    },
    {
     "id": "6516640b1cac630478df222d",
     "file": {
      "hash": "bafybeichjwxmk5377ihf4f5h6vllqbkwwk2xjwwahgrw2hgdeirdftbtvu",
      "name": "hola.m4a",
      "type": "Audio",
      "mime": "audio/m4a",
      "size": "29940",
      "state": "Done",
      "style": "Embed"
     }
    },
    {
     "id": "64525f31090478aa6baf3786",
     "restrictions": {

     },
     "text": {
      "text": "Thank you ",
      "marks": {

      }
     }
    },
    {
     "id": "6516640e1cac630478df222e",
     "file": {
      "hash": "bafybeifqwlvwmgd7jng67k7pihekxjpajit4uewe4jegyu4hzdwu3l3jq4",
      "name": "gracias.m4a",
      "type": "Audio",
      "mime": "audio/m4a",
      "size": "28800",
      "state": "Done",
      "style": "Embed"
     }
    },
    {
     "id": "64525f35090478aa6baf3787",
     "restrictions": {

     },
     "text": {
      "text": "Sorry",
      "marks": {

      }
     }
    },
    {
     "id": "651664101cac630478df222f",
     "file": {
      "hash": "bafybeihktozlqdvconetntlqyng3aep5vqovktdqkbo5aj3ydly7l5nnau",
      "name": "lo-siento.m4a",
      "type": "Audio",
      "mime": "audio/m4a",
      "size": "10831",
      "state": "Done",
      "style": "Embed"
     }
    },
    {
     "id": "6516639a1cac630478df2220",
     "fields": {
       "width": 0.23941698816396506
      },
     "restrictions": {

     },
     "file": {
      "hash": "bafybeihqtwslklg2r7tye6xbpjkibcdde77qsre2o5y7377m2tbxy4jmce",
      "name": "qrcode.png",
      "type": "Image",
      "mime": "image/png",
      "size": "529",
      "state": "Done",
      "style": "Embed"
     }
    },
    {
     "id": "ct-d454619a3513cf795ff55d2aaeb5d256",
     "childrenIds": [
      "651663f11cac630478df222b",
      "651663e11cac630478df2227"
     ],
     "layout": {
      "style": "Column"
     }
    },
    {
     "id": "cd-d454619a3513cf795ff55d2aaeb5d256",
     "childrenIds": [
      "651667b41cac630478df2250",
      "651663f41cac630478df222c"
     ],
     "layout": {
      "style": "Column"
     }
    },
    {
     "id": "651663f11cac630478df222b",
     "restrictions": {

     },
     "bookmark": {
      "url": "https://cuevaflamencalacomino.com",
      "title": "Cueva Flamenca La Comino – Tablao en Granada, a los pies de la Alhambra",
      "description": "El Tablao Cueva Flamenca La Comino es un histórico aljibe árabe de Granada con un aire renovador que, sin perder nunca su esencia (la pasión y la dieta mediterránea) ofrece una experiencia íntima con ...",
      "faviconHash": "bafybeicb4jzeptdw2pid4amxxflxbnhbux3acyselcrkgqwovfcmh4btwe",
      "type": "Page",
      "targetObjectId": "bafyreibcheooyoyzxl2v3nyzouv6h2l2qrz624ov5lpfjphskxh46p3z2e",
      "state": "Done"
     }
    },
    {
     "id": "651663e11cac630478df2227",
     "restrictions": {

     },
     "bookmark": {
      "url": "https://www.alhambradegranada.org",
      "title": "Alhambra de Granada. Información sobre el monumento, entradas, visitas guiadas, fotografías, guía de Granada",
      "description": "Información sobre la Alhambra de Granada: visitas guiadas, cómo comprar entradas, horarios, lugares destacados, noticias y fotografías. Guía de Granada con actividades, alojamientos, museos y otros monumentos.",
      "imageHash": "bafybeiehjssizyam7dvnf4nzkjjmqpoxgzug3jqv7ptr6nijcsxetbe7cy",
      "faviconHash": "bafybeihszuwrlxilogjyqgiqowdd4y3rmf5dasdwhy2nule22rph3tlgbu",
      "type": "Page",
      "targetObjectId": "bafyreid4ke3lvpcu5d3w7uuh6ukl7qhabv3maujcfyzgdvpb4iuuapmini",
      "state": "Done"
     }
    },
    {
     "id": "651667b41cac630478df2250",
     "bookmark": {
      "url": "https://www.caminitodelrey.info",
      "title": "Plataforma Oficial de reservas Caminito del Rey",
      "description": "Plataforma Oficial de reservas Caminito del Rey. Compra aquí tus entradas para el Caminito del Rey. Aquí puedes encontrar toda la información del Caminito del Rey y su entorno privilegiado.",
      "faviconHash": "bafybeidloryjkgixufghtbkk2btuyf633yuv3y6qcxjq4usgpj35nidln4",
      "type": "Page",
      "targetObjectId": "bafyreieykbvahlebgdryhf2zv4qoelo6xssf52jhhrvrbwlqluvotciyaa",
      "state": "Done"
     }
    },
    {
     "id": "651663f41cac630478df222c",
     "restrictions": {

     },
     "bookmark": {
      "url": "https://hammamalandalus.com",
      "title": "Hammam Al Ándalus | Baños Árabes",
      "description": "Viaja en el tiempo y disfruta de los baños árabes como en la antigua Al Ándalus. Descubre con nosotros tu naturaleza interior.",
      "imageHash": "bafybeih567i5rhoyfnqhovmij6tspervrm7usrjepfxetxnxnkednyclh4",
      "faviconHash": "bafybeicqzihw4udaf6txq7ozvvw47kg7zl7vt55dxqmj5fdkbdzsdzau44",
      "type": "Page",
      "targetObjectId": "bafyreicpeumtmacy6aulfeswiw5hjrxy3kela2pnm4y4v5z76ijjrfcv4y",
      "state": "Done"
     }
    }
   ],
   "details": {
     "6447d4541cac6305de8ea0cd": 1678143600,
     "6447d4651cac6305de8ea0ce": 1678834800,
     "6447d5e11cac6305de8ea0dc": "VN 21823",
     "6447d5ec1cac6305de8ea0dd": "VN1238",
     "649820dd1cac6379d3e45086": true,
     "6516633f1cac630478df221b": 1700089200,
     "6516634d1cac630478df221c": 1700694000,
     "6516636f1cac630478df221d": "XY123",
     "backlinks": [
       ],
     "coverId": "bafybeideeirx44nlxtxw4vxj2ubmiieqmv7a2lj6fwze4sybjycux7mkgq",
     "coverScale": 0,
     "coverType": 5,
     "coverX": 0,
     "coverY": -0.09695125447898467,
     "createdDate": 1695966496,
     "creator": "bafyreidwk5a5a4p2wmjhm6axaskfeurjvhdqq26yde6agfmgzwiqy4f2vu",
     "description": "",
     "featuredRelations": [
        "type",
        "description"
       ],
     "iconEmoji": "💃🏽",
     "iconImage": "",
     "id": "bafyreiaqfich3syvsrhip3zs73fghfrukrsonvf5tk3veaevn6j3sbn64u",
     "internalFlags": [
       ],
     "lastModifiedBy": "bafyreidwk5a5a4p2wmjhm6axaskfeurjvhdqq26yde6agfmgzwiqy4f2vu",
     "lastModifiedDate": 1695967176,
     "lastOpenedDate": 1695967189,
     "layout": 0,
     "links": [
        "bafyreic47b66ke5jbqvh7txyad3hm64oresrhvts5i3iw4lqf7yex2z2wm",
        "bafyreibcheooyoyzxl2v3nyzouv6h2l2qrz624ov5lpfjphskxh46p3z2e",
        "bafyreid4ke3lvpcu5d3w7uuh6ukl7qhabv3maujcfyzgdvpb4iuuapmini",
        "bafyreieykbvahlebgdryhf2zv4qoelo6xssf52jhhrvrbwlqluvotciyaa",
        "bafyreicpeumtmacy6aulfeswiw5hjrxy3kela2pnm4y4v5z76ijjrfcv4y",
        "bafybeichjwxmk5377ihf4f5h6vllqbkwwk2xjwwahgrw2hgdeirdftbtvu",
        "bafybeifqwlvwmgd7jng67k7pihekxjpajit4uewe4jegyu4hzdwu3l3jq4",
        "bafybeihktozlqdvconetntlqyng3aep5vqovktdqkbo5aj3ydly7l5nnau"
       ],
     "name": "Andalusia (Example)",
     "oldAnytypeID": "bafyreigtxgds66h65eabblwksjbptktq25mivkreortb32h4yp25a4jejm",
     "restrictions": [
       ],
     "snippet": "Here is an example of a completed Trip template. You can find and adjust template in Library \u003e Trip and delete this Object after reading.",
     "sourceFilePath": "json:/Users/charlotte/Downloads/Anytype.20230929.073811.68.zip/bafyreigtxgds66h65eabblwksjbptktq25mivkreortb32h4yp25a4jejm.pb.json",
     "time": 1530,
     "type": "ot-6516631d1cac630478df221a",
     "workspaceId": "bafyreif4sfohsyk6begdujt3zosycmtt774vzo5wnhn3nkwfcizn4psini"
    },
   "objectTypes": [
    "ot-6516631d1cac630478df221a"
   ],
   "relationLinks": [
    {
     "key": "id",
     "format": "object"
    },
    {
     "key": "snippet"
    },
    {
     "key": "workspaceId",
     "format": "object"
    },
    {
     "key": "createdDate",
     "format": "date"
    },
    {
     "key": "creator",
     "format": "object"
    },
    {
     "key": "type",
     "format": "object"
    },
    {
     "key": "targetObjectType",
     "format": "object"
    },
    {
     "key": "internalFlags",
     "format": "number"
    },
    {
     "key": "name",
     "format": "shorttext"
    },
    {
     "key": "description"
    },
    {
     "key": "iconEmoji",
     "format": "emoji"
    },
    {
     "key": "iconImage",
     "format": "file"
    },
    {
     "key": "layout",
     "format": "number"
    },
    {
     "key": "layoutAlign",
     "format": "number"
    },
    {
     "key": "coverId",
     "format": "shorttext"
    },
    {
     "key": "coverScale",
     "format": "number"
    },
    {
     "key": "coverType",
     "format": "number"
    },
    {
     "key": "coverX",
     "format": "number"
    },
    {
     "key": "coverY",
     "format": "number"
    },
    {
     "key": "lastModifiedDate",
     "format": "date"
    },
    {
     "key": "lastModifiedBy",
     "format": "object"
    },
    {
     "key": "lastOpenedDate",
     "format": "date"
    },
    {
     "key": "featuredRelations",
     "format": "object"
    },
    {
     "key": "isFavorite",
     "format": "checkbox"
    },
    {
     "key": "links",
     "format": "object"
    },
    {
     "key": "restrictions",
     "format": "number"
    },
    {
     "key": "isArchived",
     "format": "checkbox"
    },
    {
     "key": "6447d4541cac6305de8ea0cd",
     "format": "date"
    },
    {
     "key": "6447d4651cac6305de8ea0ce",
     "format": "date"
    },
    {
     "key": "6447d5e11cac6305de8ea0dc"
    },
    {
     "key": "6447d5ec1cac6305de8ea0dd"
    },
    {
     "key": "spaceId",
     "format": "object"
    },
    {
     "key": "backlinks",
     "format": "object"
    },
    {
     "key": "sourceFilePath"
    },
    {
     "key": "oldAnytypeID"
    },
    {
     "key": "tag",
     "format": "tag"
    },
    {
     "key": "649820dd1cac6379d3e45086",
     "format": "checkbox"
    },
    {
     "key": "6516633f1cac630478df221b",
     "format": "date"
    },
    {
     "key": "6516634d1cac630478df221c",
     "format": "date"
    },
    {
     "key": "6516636f1cac630478df221d"
    },
    {
     "key": "time",
     "format": "number"
    }
   ]
  },
  "fileKeys": [
   {
    "hash": "bafybeifzrwlt3rypz2m2jqwp6f56jn7ag7h7siqfbxatpy4pdjy6xvrmuu",
    "keys": {
     "/0/exif/": "bg73g5yvubrcyi43dovu6qq5c637gqcia6r6yrjxyu5q7it3powxa",
     "/0/large/": "bffjp5ylw6x3pgg2sleirlqtienp3bpslrqtu3ohqjrjxtxsyf7ca",
     "/0/original/": "bffjp5ylw6x3pgg2sleirlqtienp3bpslrqtu3ohqjrjxtxsyf7ca",
     "/0/small/": "brkn7yssjipw57u4pu36f45e4gmmwkyentzotvmvvgapm64ss5hgq",
     "/0/thumb/": "b6x2ldfuulsempx52gzdoiug3ocjsxlshkofm7hzylf62w4bat54q"
    }
   },
   {
    "hash": "bafybeideeirx44nlxtxw4vxj2ubmiieqmv7a2lj6fwze4sybjycux7mkgq",
    "keys": {
     "/0/exif/": "b7heur5ectcbbuzoaqwljtpp6tssnhuet3wxxxpwp4mctova3ziba",
     "/0/large/": "boq5hhulok6azzwyjybgwkneh7n2mte733pzlec3lwvotnlnf7g7q",
     "/0/original/": "boq5hhulok6azzwyjybgwkneh7n2mte733pzlec3lwvotnlnf7g7q",
     "/0/small/": "beacwyuluv2hxap7dcyfesieuh7htyigks46g72gau4id5yd3z6fq",
     "/0/thumb/": "bgtzpei6s33sspmznfklesrxwglombd3mkdpc56cdevsg5l6sdobq"
    }
   },
   {
    "hash": "bafybeihqtwslklg2r7tye6xbpjkibcdde77qsre2o5y7377m2tbxy4jmce",
    "keys": {
     "/0/exif/": "bnem3vqqcobl3kk6mqgv6dbmxrpfje2oyfuapljzikspdrr5vkh4q",
     "/0/large/": "bljsteeszuya5nvfqxuzoo22sjm7zv24n2nrkuryanxggzn4a7uyq",
     "/0/original/": "bljsteeszuya5nvfqxuzoo22sjm7zv24n2nrkuryanxggzn4a7uyq",
     "/0/small/": "btmao2u56hhk75s3bmm26xadi2nl76b4dpkwtijub7sczkhv7aqtq",
     "/0/thumb/": "bui2amvlnxudkzfaaquotkighckccazzf2fqffsukxtx7ervas7iq"
    }
   },
   {
    "hash": "bafybeichjwxmk5377ihf4f5h6vllqbkwwk2xjwwahgrw2hgdeirdftbtvu",
    "keys": {
     "/0/": "b74xvdbwn57lg6i43qicsrmo3p3jsl27ypudb4sk6s7riwfqd553a"
    }
   },
   {
    "hash": "bafybeifqwlvwmgd7jng67k7pihekxjpajit4uewe4jegyu4hzdwu3l3jq4",
    "keys": {
     "/0/": "bpj22xquph6vuzo3yvwzr4b457xqogedh6xn4rxwafcs4ziulhmxq"
    }
   },
   {
    "hash": "bafybeihktozlqdvconetntlqyng3aep5vqovktdqkbo5aj3ydly7l5nnau",
    "keys": {
     "/0/": "bqlhvwtejhzhvzjsd3pyqqyeq5gimctcrdibmnhzeeuod7cgkcnxq"
    }
   },
   {
    "hash": "bafybeiam3ova7xs5gucll2m3jmwlakld3q4se34262qhnhfaukyqvbmlwi",
    "keys": {
     "/0/exif/": "bnc224t3jbmsmri6grnpasfhtdslq7nocznczut2knhx6nmxrjfya",
     "/0/large/": "buolgxxzjesigow7xusbzxxmhom26qlmhc2bvz4dm4a54gz6kup5q",
     "/0/original/": "buolgxxzjesigow7xusbzxxmhom26qlmhc2bvz4dm4a54gz6kup5q",
     "/0/small/": "bqavdyhh37blcuyt236l3so53fbxzytrhcqnhiivrs6uwbkk2gp2a",
     "/0/thumb/": "brmfs74eqd5onivpuknt7r4xbsnmsh2xwulrbgem26mmrsnx7gjbq"
    }
   },
   {
    "hash": "bafybeidvfuddavudwglm5he6zpgwdajoewxav3klbfyqazdfk2b4n7jwj4",
    "keys": {
     "/0/exif/": "b4h67mwvidf3nv2r5whdev3ta52ia7rf3nrlhqxzlsnj2jvm47xqq",
     "/0/large/": "baltbvbdvxkkhbe5fl4fgalrnaaxsppaevrdq6uhw2uvocubtn4gq",
     "/0/original/": "baltbvbdvxkkhbe5fl4fgalrnaaxsppaevrdq6uhw2uvocubtn4gq",
     "/0/small/": "baltbvbdvxkkhbe5fl4fgalrnaaxsppaevrdq6uhw2uvocubtn4gq",
     "/0/thumb/": "baltbvbdvxkkhbe5fl4fgalrnaaxsppaevrdq6uhw2uvocubtn4gq"
    }
   },
   {
    "hash": "bafybeiehjssizyam7dvnf4nzkjjmqpoxgzug3jqv7ptr6nijcsxetbe7cy",
    "keys": {
     "/0/exif/": "bejd7esean2uvwg5x5khgpztnstjevw42ukobsrevimlnp2bmsg2a",
     "/0/large/": "bkfoexmtaipwkiaxyd5dbnffvmfz6mviieengnjco355awujwx3rq",
     "/0/original/": "b3vpx3l3gm3ddwvgb5xiblxog7j2bvmmxyxyiuwvz5ow4vmr3lmea",
     "/0/small/": "bclwpdn333zkdoqtm5vw4nbzyxpu3t6vvuuyru4a4p657gu6cfjdq",
     "/0/thumb/": "b6owzc6ltxks72e25ad6dvdk6t6zdrt2s2glpvqorjlharciqpzka"
    }
   },
   {
    "hash": "bafybeihszuwrlxilogjyqgiqowdd4y3rmf5dasdwhy2nule22rph3tlgbu",
    "keys": {
     "/0/exif/": "bglcdx2z6xr4xvoifi5qgtnsk3qvdmlxbzcxn5kzkqkqyhskhp76a",
     "/0/large/": "by6d4nioenpagpknr26midd4cgzwvdsitvc5yayckkkjddmyhrjca",
     "/0/original/": "by6d4nioenpagpknr26midd4cgzwvdsitvc5yayckkkjddmyhrjca",
     "/0/small/": "by6d4nioenpagpknr26midd4cgzwvdsitvc5yayckkkjddmyhrjca",
     "/0/thumb/": "by6d4nioenpagpknr26midd4cgzwvdsitvc5yayckkkjddmyhrjca"
    }
   },
   {
    "hash": "bafybeidloryjkgixufghtbkk2btuyf633yuv3y6qcxjq4usgpj35nidln4",
    "keys": {
     "/0/exif/": "bj3rw6arphl73lvhlootjxc7zr5knjychbwut2a3szqf5bwdmfxqq",
     "/0/large/": "bqbjwmmx2e2727fndvybof645hljodo7luqqcvesnqboydsjbzmsa",
     "/0/original/": "bqbjwmmx2e2727fndvybof645hljodo7luqqcvesnqboydsjbzmsa",
     "/0/small/": "bqbjwmmx2e2727fndvybof645hljodo7luqqcvesnqboydsjbzmsa",
     "/0/thumb/": "bqbjwmmx2e2727fndvybof645hljodo7luqqcvesnqboydsjbzmsa"
    }
   },
   {
    "hash": "bafybeicb4jzeptdw2pid4amxxflxbnhbux3acyselcrkgqwovfcmh4btwe",
    "keys": {
     "/0/exif/": "bpt46r2vmbartfxypza5uob5p74bjl5hbejuh4piazfvxjdoag7fq",
     "/0/large/": "bab3uwroqrx3fua7aiq3e3atkjvemwtlxbxs6t3h7ho3obac342nq",
     "/0/original/": "bab3uwroqrx3fua7aiq3e3atkjvemwtlxbxs6t3h7ho3obac342nq",
     "/0/small/": "bab3uwroqrx3fua7aiq3e3atkjvemwtlxbxs6t3h7ho3obac342nq",
     "/0/thumb/": "bgvkeywfoep2c6kajstn7h7b6s5rffifbi6ue3vvjjgcmwlxhaqpa"
    }
   },
   {
    "hash": "bafybeih567i5rhoyfnqhovmij6tspervrm7usrjepfxetxnxnkednyclh4",
    "keys": {
     "/0/exif/": "bqfsu7hcjmnrfokmyjjxzqpmqg5rkjci4vkm3hes3i7xxyovrnmsq",
     "/0/large/": "bqex3jgzoycon33kmkmumjxb3koexhknorbrlqfbvwlwqo44ezkyq",
     "/0/original/": "bltszm5xu2nubrupugeuowc35yw4to4yoiq4lwgp3zs3ecj6kg5aa",
     "/0/small/": "bdyft6ukvq6buk66iumxtlrmf4kwl7gpye3gv6ei47v5v2jlxu22q",
     "/0/thumb/": "blox5stqvvdnngk3f4pze6lvduwqmwmnrjz53pymidmdtq7jb3hcq"
    }
   },
   {
    "hash": "bafybeicqzihw4udaf6txq7ozvvw47kg7zl7vt55dxqmj5fdkbdzsdzau44",
    "keys": {
     "/0/exif/": "budppgxtqm7pagwpxuz3cavlqzmmc73ihqroyt42shkwwcdfyulwq",
     "/0/large/": "bffrhazdyvcoulha3qn5nzjipkccqu7fvsolezbmrbvynffwehv5a",
     "/0/original/": "bffrhazdyvcoulha3qn5nzjipkccqu7fvsolezbmrbvynffwehv5a",
     "/0/small/": "bffrhazdyvcoulha3qn5nzjipkccqu7fvsolezbmrbvynffwehv5a",
     "/0/thumb/": "b73zmzwl7eygalcf6c6n2boubiru7m5ikd6pit6zwve34usukahwq"
    }
   }
  ]
 }
}