{
 "sbType": "Widget",
 "snapshot": {
  "data": {
   "blocks": [
    {
     "id": "bafyreifunad367z65hf2mtafwt62p2dtlvidip4irmsawruurnpjqdivii",
     "restrictions": {

     },
     "childrenIds": [
      "651662e91cac630478df21f7",
      "651662e91cac630478df21fb"
     ],
     "smartblock": {

     }
    },
    {
     "id": "651662e91cac630478df21f7",
     "childrenIds": [
      "651662e91cac630478df21f6"
     ],
     "widget": {

     }
    },
    {
     "id": "651662e91cac630478df21fb",
     "childrenIds": [
      "651662e91cac630478df21fa"
     ],
     "widget": {
      "layout": "CompactList"
     }
    },
    {
     "id": "651662e91cac630478df21f6",
     "link": {
      "targetBlockId": "bafyreidpywxv4zeksw4u7ptvqyazpf6zc7renraskwfzmf7ntpf6iqbvq4",
      "cardStyle": "Inline"
     }
    },
    {
     "id": "651662e91cac630478df21fa",
     "link": {
      "targetBlockId": "set",
      "cardStyle": "Inline"
     }
    }
   ],
   "details": {
     "backlinks": [
       ],
     "creator": "bafyreidwk5a5a4p2wmjhm6axaskfeurjvhdqq26yde6agfmgzwiqy4f2vu",
     "id": "bafyreifunad367z65hf2mtafwt62p2dtlvidip4irmsawruurnpjqdivii",
     "isHidden": true,
     "lastModifiedBy": "bafyreidwk5a5a4p2wmjhm6axaskfeurjvhdqq26yde6agfmgzwiqy4f2vu",
     "lastModifiedDate": 1695967221,
     "lastOpenedDate": 1695966974,
     "layout": 7,
     "links": [
        "bafyreidpywxv4zeksw4u7ptvqyazpf6zc7renraskwfzmf7ntpf6iqbvq4",
        "set"
       ],
     "restrictions": [
        2,
        4,
        1,
        6,
        5,
        7,
        8
       ],
     "snippet": "",
     "type": "ot-dashboard",
     "workspaceId": "bafyreif4sfohsyk6begdujt3zosycmtt774vzo5wnhn3nkwfcizn4psini"
    },
   "objectTypes": [
    "ot-dashboard"
   ],
   "relationLinks": [
    {
     "key": "id",
     "format": "object"
    },
    {
     "key": "snippet"
    },
    {
     "key": "workspaceId",
     "format": "object"
    },
    {
     "key": "backlinks",
     "format": "object"
    },
    {
     "key": "creator",
     "format": "object"
    },
    {
     "key": "type",
     "format": "object"
    },
    {
     "key": "layout",
     "format": "number"
    },
    {
     "key": "isHidden",
     "format": "checkbox"
    },
    {
     "key": "lastModifiedBy",
     "format": "object"
    },
    {
     "key": "lastModifiedDate",
     "format": "date"
    }
   ]
  }
 }
}