{
 "sbType": "Page",
 "snapshot": {
  "data": {
   "blocks": [
    {
     "id": "bafyreic47b66ke5jbqvh7txyad3hm64oresrhvts5i3iw4lqf7yex2z2wm",
     "restrictions": {

     },
     "childrenIds": [
      "header",
      "source",
      "tag"
     ],
     "smartblock": {

     }
    },
    {
     "id": "header",
     "restrictions": {
      "edit": true,
      "remove": true,
      "drag": true,
      "dropOn": true
     },
     "childrenIds": [
      "title",
      "description",
      "featuredRelations"
     ],
     "layout": {
      "style": "Header"
     }
    },
    {
     "id": "source",
     "relation": {
      "key": "source"
     }
    },
    {
     "id": "tag",
     "relation": {
      "key": "tag"
     }
    },
    {
     "id": "title",
     "fields": {
       "_detailsKey": [
          "name",
          "done"
         ]
      },
     "restrictions": {
      "remove": true,
      "drag": true,
      "dropOn": true
     },
     "text": {
      "style": "Title",
      "marks": {

      }
     }
    },
    {
     "id": "description",
     "fields": {
       "_detailsKey": "description"
      },
     "restrictions": {
      "remove": true,
      "drag": true,
      "dropOn": true
     },
     "text": {
      "style": "Description",
      "marks": {

      }
     }
    },
    {
     "id": "featuredRelations",
     "restrictions": {
      "remove": true,
      "drag": true,
      "dropOn": true
     },
     "featuredRelations": {

     }
    }
   ],
   "details": {
     "backlinks": [
        "bafyreiaqfich3syvsrhip3zs73fghfrukrsonvf5tk3veaevn6j3sbn64u"
       ],
     "createdDate": 1695967093,
     "creator": "bafyreidwk5a5a4p2wmjhm6axaskfeurjvhdqq26yde6agfmgzwiqy4f2vu",
     "description": "Hotel Abadia is set in a restored 16th-century building, 10 minutes' walk from Granada Cathedral.",
     "featuredRelations": [
        "description",
        "type",
        "createdDate"
       ],
     "iconImage": "bafybeidvfuddavudwglm5he6zpgwdajoewxav3klbfyqazdfk2b4n7jwj4",
     "id": "bafyreic47b66ke5jbqvh7txyad3hm64oresrhvts5i3iw4lqf7yex2z2wm",
     "lastModifiedBy": "bafyreidwk5a5a4p2wmjhm6axaskfeurjvhdqq26yde6agfmgzwiqy4f2vu",
     "lastModifiedDate": 1695967093,
     "layout": 11,
     "links": [
       ],
     "name": "★★ Abadía Hotel, Granada, Spain",
     "picture": "bafybeiam3ova7xs5gucll2m3jmwlakld3q4se34262qhnhfaukyqvbmlwi",
     "restrictions": [
       ],
     "snippet": "",
     "source": "https://www.booking.com/hotel/es/abadia.en-gb.html?aid=304142\u0026label=gen173nr-1BCAEoggI46AdIM1gEaDuIAQGYAQm4AQfIAQ3YAQHoAQGIAgGoAgO4AuHO2agGwAIB0gIkZmQwODNhMzctODg1NC00M2MxLTkyZDYtMGQ5MmQ4NDNkZWM12AIF4AIB\u0026sid=823ed70ad8d7898d70a0b51712575476\u0026all_sr_blocks=9155608_88154438_0_0_0;checkin=2023-09-30;checkout=2023-10-03;dist=0;group_adults=2;group_children=0;hapos=3;highlighted_blocks=9155608_88154438_0_0_0;hpos=3;matching_block_id=9155608_88154438_0_0_0;no_rooms=1;req_adults=2;req_children=0;room1=A%2CA;sb_price_type=total;sr_order=popularity;sr_pri_blocks=9155608_88154438_0_0_0__36720;srepoch=1695967084;srpvid=aec829f26c7001c8;type=total;ucfs=1\u0026#hotelTmpl",
     "type": "ot-bookmark",
     "workspaceId": "bafyreif4sfohsyk6begdujt3zosycmtt774vzo5wnhn3nkwfcizn4psini"
    },
   "objectTypes": [
    "ot-bookmark"
   ],
   "relationLinks": [
    {
     "key": "workspaceId",
     "format": "object"
    },
    {
     "key": "createdDate",
     "format": "date"
    },
    {
     "key": "creator",
     "format": "object"
    },
    {
     "key": "type",
     "format": "object"
    },
    {
     "key": "id",
     "format": "object"
    },
    {
     "key": "snippet"
    },
    {
     "key": "source",
     "format": "url"
    },
    {
     "key": "backlinks",
     "format": "object"
    },
    {
     "key": "layout",
     "format": "number"
    },
    {
     "key": "name",
     "format": "shorttext"
    },
    {
     "key": "description"
    },
    {
     "key": "iconEmoji",
     "format": "emoji"
    },
    {
     "key": "iconImage",
     "format": "file"
    },
    {
     "key": "layoutAlign",
     "format": "number"
    },
    {
     "key": "coverId"
    },
    {
     "key": "coverScale",
     "format": "number"
    },
    {
     "key": "coverType",
     "format": "number"
    },
    {
     "key": "coverX",
     "format": "number"
    },
    {
     "key": "coverY",
     "format": "number"
    },
    {
     "key": "lastModifiedDate",
     "format": "date"
    },
    {
     "key": "lastModifiedBy",
     "format": "object"
    },
    {
     "key": "lastOpenedDate",
     "format": "date"
    },
    {
     "key": "featuredRelations",
     "format": "object"
    },
    {
     "key": "isFavorite",
     "format": "checkbox"
    },
    {
     "key": "links",
     "format": "object"
    },
    {
     "key": "internalFlags",
     "format": "number"
    },
    {
     "key": "restrictions",
     "format": "number"
    },
    {
     "key": "tag",
     "format": "tag"
    },
    {
     "key": "picture",
     "format": "file"
    }
   ]
  },
  "fileKeys": [
   {
    "hash": "bafybeiam3ova7xs5gucll2m3jmwlakld3q4se34262qhnhfaukyqvbmlwi",
    "keys": {
     "/0/exif/": "bnc224t3jbmsmri6grnpasfhtdslq7nocznczut2knhx6nmxrjfya",
     "/0/large/": "buolgxxzjesigow7xusbzxxmhom26qlmhc2bvz4dm4a54gz6kup5q",
     "/0/original/": "buolgxxzjesigow7xusbzxxmhom26qlmhc2bvz4dm4a54gz6kup5q",
     "/0/small/": "bqavdyhh37blcuyt236l3so53fbxzytrhcqnhiivrs6uwbkk2gp2a",
     "/0/thumb/": "brmfs74eqd5onivpuknt7r4xbsnmsh2xwulrbgem26mmrsnx7gjbq"
    }
   },
   {
    "hash": "bafybeidvfuddavudwglm5he6zpgwdajoewxav3klbfyqazdfk2b4n7jwj4",
    "keys": {
     "/0/exif/": "b4h67mwvidf3nv2r5whdev3ta52ia7rf3nrlhqxzlsnj2jvm47xqq",
     "/0/large/": "baltbvbdvxkkhbe5fl4fgalrnaaxsppaevrdq6uhw2uvocubtn4gq",
     "/0/original/": "baltbvbdvxkkhbe5fl4fgalrnaaxsppaevrdq6uhw2uvocubtn4gq",
     "/0/small/": "baltbvbdvxkkhbe5fl4fgalrnaaxsppaevrdq6uhw2uvocubtn4gq",
     "/0/thumb/": "baltbvbdvxkkhbe5fl4fgalrnaaxsppaevrdq6uhw2uvocubtn4gq"
    }
   }
  ]
 }
}