{
 "sbType": "Page",
 "snapshot": {
  "data": {
   "blocks": [
    {
     "id": "bafyreicpeumtmacy6aulfeswiw5hjrxy3kela2pnm4y4v5z76ijjrfcv4y",
     "restrictions": {

     },
     "childrenIds": [
      "header",
      "source",
      "tag"
     ],
     "smartblock": {

     }
    },
    {
     "id": "header",
     "restrictions": {
      "edit": true,
      "remove": true,
      "drag": true,
      "dropOn": true
     },
     "childrenIds": [
      "title",
      "description",
      "featuredRelations"
     ],
     "layout": {
      "style": "Header"
     }
    },
    {
     "id": "source",
     "relation": {
      "key": "source"
     }
    },
    {
     "id": "tag",
     "relation": {
      "key": "tag"
     }
    },
    {
     "id": "title",
     "fields": {
       "_detailsKey": [
          "name",
          "done"
         ]
      },
     "restrictions": {
      "remove": true,
      "drag": true,
      "dropOn": true
     },
     "text": {
      "style": "Title",
      "marks": {

      }
     }
    },
    {
     "id": "description",
     "fields": {
       "_detailsKey": "description"
      },
     "restrictions": {
      "remove": true,
      "drag": true,
      "dropOn": true
     },
     "text": {
      "style": "Description",
      "marks": {

      }
     }
    },
    {
     "id": "featuredRelations",
     "restrictions": {
      "remove": true,
      "drag": true,
      "dropOn": true
     },
     "featuredRelations": {

     }
    }
   ],
   "details": {
     "backlinks": [
        "bafyreiaqfich3syvsrhip3zs73fghfrukrsonvf5tk3veaevn6j3sbn64u"
       ],
     "createdDate": 1695967148,
     "creator": "bafyreidwk5a5a4p2wmjhm6axaskfeurjvhdqq26yde6agfmgzwiqy4f2vu",
     "description": "Viaja en el tiempo y disfruta de los baños árabes como en la antigua Al Ándalus. Descubre con nosotros tu naturaleza interior.",
     "featuredRelations": [
        "description",
        "type",
        "createdDate"
       ],
     "iconImage": "bafybeicqzihw4udaf6txq7ozvvw47kg7zl7vt55dxqmj5fdkbdzsdzau44",
     "id": "bafyreicpeumtmacy6aulfeswiw5hjrxy3kela2pnm4y4v5z76ijjrfcv4y",
     "lastModifiedBy": "bafyreidwk5a5a4p2wmjhm6axaskfeurjvhdqq26yde6agfmgzwiqy4f2vu",
     "lastModifiedDate": 1695967148,
     "layout": 11,
     "links": [
       ],
     "name": "Hammam Al Ándalus | Baños Árabes",
     "picture": "bafybeih567i5rhoyfnqhovmij6tspervrm7usrjepfxetxnxnkednyclh4",
     "restrictions": [
       ],
     "snippet": "",
     "source": "https://hammamalandalus.com",
     "type": "ot-bookmark",
     "workspaceId": "bafyreif4sfohsyk6begdujt3zosycmtt774vzo5wnhn3nkwfcizn4psini"
    },
   "objectTypes": [
    "ot-bookmark"
   ],
   "relationLinks": [
    {
     "key": "workspaceId",
     "format": "object"
    },
    {
     "key": "createdDate",
     "format": "date"
    },
    {
     "key": "creator",
     "format": "object"
    },
    {
     "key": "type",
     "format": "object"
    },
    {
     "key": "id",
     "format": "object"
    },
    {
     "key": "snippet"
    },
    {
     "key": "source",
     "format": "url"
    },
    {
     "key": "backlinks",
     "format": "object"
    },
    {
     "key": "layout",
     "format": "number"
    },
    {
     "key": "name",
     "format": "shorttext"
    },
    {
     "key": "description"
    },
    {
     "key": "iconEmoji",
     "format": "emoji"
    },
    {
     "key": "iconImage",
     "format": "file"
    },
    {
     "key": "layoutAlign",
     "format": "number"
    },
    {
     "key": "coverId"
    },
    {
     "key": "coverScale",
     "format": "number"
    },
    {
     "key": "coverType",
     "format": "number"
    },
    {
     "key": "coverX",
     "format": "number"
    },
    {
     "key": "coverY",
     "format": "number"
    },
    {
     "key": "lastModifiedDate",
     "format": "date"
    },
    {
     "key": "lastModifiedBy",
     "format": "object"
    },
    {
     "key": "lastOpenedDate",
     "format": "date"
    },
    {
     "key": "featuredRelations",
     "format": "object"
    },
    {
     "key": "isFavorite",
     "format": "checkbox"
    },
    {
     "key": "links",
     "format": "object"
    },
    {
     "key": "internalFlags",
     "format": "number"
    },
    {
     "key": "restrictions",
     "format": "number"
    },
    {
     "key": "tag",
     "format": "tag"
    },
    {
     "key": "picture",
     "format": "file"
    }
   ]
  },
  "fileKeys": [
   {
    "hash": "bafybeih567i5rhoyfnqhovmij6tspervrm7usrjepfxetxnxnkednyclh4",
    "keys": {
     "/0/exif/": "bqfsu7hcjmnrfokmyjjxzqpmqg5rkjci4vkm3hes3i7xxyovrnmsq",
     "/0/large/": "bqex3jgzoycon33kmkmumjxb3koexhknorbrlqfbvwlwqo44ezkyq",
     "/0/original/": "bltszm5xu2nubrupugeuowc35yw4to4yoiq4lwgp3zs3ecj6kg5aa",
     "/0/small/": "bdyft6ukvq6buk66iumxtlrmf4kwl7gpye3gv6ei47v5v2jlxu22q",
     "/0/thumb/": "blox5stqvvdnngk3f4pze6lvduwqmwmnrjz53pymidmdtq7jb3hcq"
    }
   },
   {
    "hash": "bafybeicqzihw4udaf6txq7ozvvw47kg7zl7vt55dxqmj5fdkbdzsdzau44",
    "keys": {
     "/0/exif/": "budppgxtqm7pagwpxuz3cavlqzmmc73ihqroyt42shkwwcdfyulwq",
     "/0/large/": "bffrhazdyvcoulha3qn5nzjipkccqu7fvsolezbmrbvynffwehv5a",
     "/0/original/": "bffrhazdyvcoulha3qn5nzjipkccqu7fvsolezbmrbvynffwehv5a",
     "/0/small/": "bffrhazdyvcoulha3qn5nzjipkccqu7fvsolezbmrbvynffwehv5a",
     "/0/thumb/": "b73zmzwl7eygalcf6c6n2boubiru7m5ikd6pit6zwve34usukahwq"
    }
   }
  ]
 }
}